-- Generated from data/*.json. Do not edit by hand; run npm run seed:supabase.
begin;

insert into body_parts (slug, name, image_key) values ('head', '頭部', 'head') on conflict (slug) do update set name = excluded.name, image_key = excluded.image_key;
insert into body_parts (slug, name, image_key) values ('eyes', '眼睛', 'eyes') on conflict (slug) do update set name = excluded.name, image_key = excluded.image_key;
insert into body_parts (slug, name, image_key) values ('ears', '耳朵', 'ears') on conflict (slug) do update set name = excluded.name, image_key = excluded.image_key;
insert into body_parts (slug, name, image_key) values ('nose', '鼻子', 'nose') on conflict (slug) do update set name = excluded.name, image_key = excluded.image_key;
insert into body_parts (slug, name, image_key) values ('throat', '喉嚨', 'throat') on conflict (slug) do update set name = excluded.name, image_key = excluded.image_key;
insert into body_parts (slug, name, image_key) values ('chest', '胸口', 'chest') on conflict (slug) do update set name = excluded.name, image_key = excluded.image_key;
insert into body_parts (slug, name, image_key) values ('abdomen', '腹部', 'abdomen') on conflict (slug) do update set name = excluded.name, image_key = excluded.image_key;
insert into body_parts (slug, name, image_key) values ('back', '背部', 'back') on conflict (slug) do update set name = excluded.name, image_key = excluded.image_key;
insert into body_parts (slug, name, image_key) values ('joints', '關節', 'joints') on conflict (slug) do update set name = excluded.name, image_key = excluded.image_key;
insert into body_parts (slug, name, image_key) values ('skin', '皮膚', 'skin') on conflict (slug) do update set name = excluded.name, image_key = excluded.image_key;
insert into body_parts (slug, name, image_key) values ('urinary', '泌尿', 'urinary') on conflict (slug) do update set name = excluded.name, image_key = excluded.image_key;
insert into body_parts (slug, name, image_key) values ('liver', '肝膽', 'liver') on conflict (slug) do update set name = excluded.name, image_key = excluded.image_key;
insert into body_parts (slug, name, image_key) values ('blood', '血液', 'blood') on conflict (slug) do update set name = excluded.name, image_key = excluded.image_key;
insert into body_parts (slug, name, image_key) values ('heart', '心臟', 'heart') on conflict (slug) do update set name = excluded.name, image_key = excluded.image_key;
insert into body_parts (slug, name, image_key) values ('neuro', '神經', 'neuro') on conflict (slug) do update set name = excluded.name, image_key = excluded.image_key;
insert into body_parts (slug, name, image_key) values ('ortho', '骨科', 'ortho') on conflict (slug) do update set name = excluded.name, image_key = excluded.image_key;

insert into medical_departments (slug, name, description) values ('general-surgery', '一般外科', '處理需外科評估的急性疼痛、腫塊、感染與傷口問題。') on conflict (slug) do update set name = excluded.name, description = excluded.description;
insert into medical_departments (slug, name, description) values ('cardiology', '心臟內科', '評估胸痛、心悸、心律不整、心衰竭與心血管風險。') on conflict (slug) do update set name = excluded.name, description = excluded.description;
insert into medical_departments (slug, name, description) values ('dermatology', '皮膚科', '評估皮疹、搔癢、感染、掉髮與皮膚腫塊。') on conflict (slug) do update set name = excluded.name, description = excluded.description;
insert into medical_departments (slug, name, description) values ('ent', '耳鼻喉科', '評估耳、鼻、喉、聲音、吞嚥與平衡相關症狀。') on conflict (slug) do update set name = excluded.name, description = excluded.description;
insert into medical_departments (slug, name, description) values ('hematology-oncology', '血液腫瘤科', '評估不明瘀青、貧血、血球異常、夜間盜汗與體重下降。') on conflict (slug) do update set name = excluded.name, description = excluded.description;
insert into medical_departments (slug, name, description) values ('hepatobiliary-gastroenterology', '肝膽腸胃科', '評估黃疸、肝膽功能、右上腹痛與肝膽胰相關症狀。') on conflict (slug) do update set name = excluded.name, description = excluded.description;
insert into medical_departments (slug, name, description) values ('psychiatry', '身心科', '評估情緒、焦慮、睡眠與認知相關困擾。') on conflict (slug) do update set name = excluded.name, description = excluded.description;
insert into medical_departments (slug, name, description) values ('urology', '泌尿科', '評估排尿、血尿、泌尿道感染與男性泌尿生殖問題。') on conflict (slug) do update set name = excluded.name, description = excluded.description;
insert into medical_departments (slug, name, description) values ('emergency-medicine', '急診醫學科', '處理急性、嚴重或可能危及生命的症狀。') on conflict (slug) do update set name = excluded.name, description = excluded.description;
insert into medical_departments (slug, name, description) values ('rheumatology-immunology', '風濕免疫科', '評估發炎性關節、晨僵與自體免疫相關症狀。') on conflict (slug) do update set name = excluded.name, description = excluded.description;
insert into medical_departments (slug, name, description) values ('family-medicine', '家醫科', '適合初步評估常見症狀、慢性問題與轉診方向。') on conflict (slug) do update set name = excluded.name, description = excluded.description;
insert into medical_departments (slug, name, description) values ('neurology', '神經內科', '評估頭痛、暈眩、無力、抽搐、記憶與神經功能異常。') on conflict (slug) do update set name = excluded.name, description = excluded.description;
insert into medical_departments (slug, name, description) values ('pulmonology', '胸腔內科', '評估咳嗽、呼吸困難、胸悶與肺部疾病。') on conflict (slug) do update set name = excluded.name, description = excluded.description;
insert into medical_departments (slug, name, description) values ('orthopedics', '骨科', '評估骨折、關節、骨骼、韌帶與肌腱相關症狀。') on conflict (slug) do update set name = excluded.name, description = excluded.description;
insert into medical_departments (slug, name, description) values ('ophthalmology', '眼科', '評估視力、眼痛、紅眼、乾眼與眼部急症。') on conflict (slug) do update set name = excluded.name, description = excluded.description;
insert into medical_departments (slug, name, description) values ('rehabilitation', '復健科', '評估肌骨疼痛、活動受限與復健治療需求。') on conflict (slug) do update set name = excluded.name, description = excluded.description;
insert into medical_departments (slug, name, description) values ('nephrology', '腎臟內科', '評估腎功能、尿液異常、水腫與電解質問題。') on conflict (slug) do update set name = excluded.name, description = excluded.description;
insert into medical_departments (slug, name, description) values ('infectious-disease', '感染科', '評估不明發燒、反覆感染與特殊感染問題。') on conflict (slug) do update set name = excluded.name, description = excluded.description;
insert into medical_departments (slug, name, description) values ('gastroenterology', '腸胃內科', '評估腹痛、消化不適、排便改變與腸胃道症狀。') on conflict (slug) do update set name = excluded.name, description = excluded.description;

insert into symptoms (body_part_id, slug, name, description) values ((select id from body_parts where slug = 'head'), 'headache', '頭痛', '頭部悶痛、刺痛、抽痛或壓迫感。') on conflict (slug) do update set body_part_id = excluded.body_part_id, name = excluded.name, description = excluded.description;
insert into symptoms (body_part_id, slug, name, description) values ((select id from body_parts where slug = 'head'), 'dizziness', '頭暈', '頭重腳輕、站不穩或感覺快要暈倒。') on conflict (slug) do update set body_part_id = excluded.body_part_id, name = excluded.name, description = excluded.description;
insert into symptoms (body_part_id, slug, name, description) values ((select id from body_parts where slug = 'head'), 'migraine', '偏頭痛', '單側搏動性疼痛，可能伴隨噁心或畏光。') on conflict (slug) do update set body_part_id = excluded.body_part_id, name = excluded.name, description = excluded.description;
insert into symptoms (body_part_id, slug, name, description) values ((select id from body_parts where slug = 'head'), 'brain-fog', '昏沉', '精神不清爽、注意力下降或腦袋混沌。') on conflict (slug) do update set body_part_id = excluded.body_part_id, name = excluded.name, description = excluded.description;
insert into symptoms (body_part_id, slug, name, description) values ((select id from body_parts where slug = 'head'), 'scalp-pain', '頭皮疼痛', '頭皮局部疼痛、刺痛或觸碰時敏感。') on conflict (slug) do update set body_part_id = excluded.body_part_id, name = excluded.name, description = excluded.description;
insert into symptoms (body_part_id, slug, name, description) values ((select id from body_parts where slug = 'eyes'), 'red-eye', '眼睛紅', '眼白泛紅，可能伴隨分泌物或刺激感。') on conflict (slug) do update set body_part_id = excluded.body_part_id, name = excluded.name, description = excluded.description;
insert into symptoms (body_part_id, slug, name, description) values ((select id from body_parts where slug = 'eyes'), 'eye-pain', '眼睛痛', '眼球、眼眶或眼周疼痛。') on conflict (slug) do update set body_part_id = excluded.body_part_id, name = excluded.name, description = excluded.description;
insert into symptoms (body_part_id, slug, name, description) values ((select id from body_parts where slug = 'eyes'), 'blurred-vision', '視力模糊', '看近或看遠變得不清楚。') on conflict (slug) do update set body_part_id = excluded.body_part_id, name = excluded.name, description = excluded.description;
insert into symptoms (body_part_id, slug, name, description) values ((select id from body_parts where slug = 'eyes'), 'dry-eyes', '眼睛乾澀', '眼睛乾、刺、異物感或容易疲勞。') on conflict (slug) do update set body_part_id = excluded.body_part_id, name = excluded.name, description = excluded.description;
insert into symptoms (body_part_id, slug, name, description) values ((select id from body_parts where slug = 'eyes'), 'floaters', '飛蚊症', '視野中出現飄動黑點或線條。') on conflict (slug) do update set body_part_id = excluded.body_part_id, name = excluded.name, description = excluded.description;
insert into symptoms (body_part_id, slug, name, description) values ((select id from body_parts where slug = 'ears'), 'ear-pain', '耳痛', '耳內或耳周疼痛。') on conflict (slug) do update set body_part_id = excluded.body_part_id, name = excluded.name, description = excluded.description;
insert into symptoms (body_part_id, slug, name, description) values ((select id from body_parts where slug = 'ears'), 'tinnitus', '耳鳴', '聽到嗡嗡聲、尖聲或其他不存在的聲音。') on conflict (slug) do update set body_part_id = excluded.body_part_id, name = excluded.name, description = excluded.description;
insert into symptoms (body_part_id, slug, name, description) values ((select id from body_parts where slug = 'ears'), 'hearing-loss', '聽力下降', '聲音變小、聽不清楚或單側聽力變差。') on conflict (slug) do update set body_part_id = excluded.body_part_id, name = excluded.name, description = excluded.description;
insert into symptoms (body_part_id, slug, name, description) values ((select id from body_parts where slug = 'ears'), 'ear-fullness', '耳朵悶塞', '耳朵像被塞住或有壓力感。') on conflict (slug) do update set body_part_id = excluded.body_part_id, name = excluded.name, description = excluded.description;
insert into symptoms (body_part_id, slug, name, description) values ((select id from body_parts where slug = 'ears'), 'vertigo', '眩暈', '感覺天旋地轉、平衡失調或伴隨噁心。') on conflict (slug) do update set body_part_id = excluded.body_part_id, name = excluded.name, description = excluded.description;
insert into symptoms (body_part_id, slug, name, description) values ((select id from body_parts where slug = 'nose'), 'nasal-congestion', '鼻塞', '鼻子不通、呼吸不順或夜間加重。') on conflict (slug) do update set body_part_id = excluded.body_part_id, name = excluded.name, description = excluded.description;
insert into symptoms (body_part_id, slug, name, description) values ((select id from body_parts where slug = 'nose'), 'runny-nose', '流鼻水', '清水鼻涕或濃稠鼻涕增加。') on conflict (slug) do update set body_part_id = excluded.body_part_id, name = excluded.name, description = excluded.description;
insert into symptoms (body_part_id, slug, name, description) values ((select id from body_parts where slug = 'nose'), 'nosebleed', '鼻血', '單側或雙側鼻出血。') on conflict (slug) do update set body_part_id = excluded.body_part_id, name = excluded.name, description = excluded.description;
insert into symptoms (body_part_id, slug, name, description) values ((select id from body_parts where slug = 'nose'), 'sinus-pain', '鼻竇痛', '臉頰、額頭或鼻樑周圍脹痛。') on conflict (slug) do update set body_part_id = excluded.body_part_id, name = excluded.name, description = excluded.description;
insert into symptoms (body_part_id, slug, name, description) values ((select id from body_parts where slug = 'nose'), 'smell-loss', '嗅覺異常', '聞不到味道、嗅覺變差或味道感受改變。') on conflict (slug) do update set body_part_id = excluded.body_part_id, name = excluded.name, description = excluded.description;
insert into symptoms (body_part_id, slug, name, description) values ((select id from body_parts where slug = 'throat'), 'sore-throat', '喉嚨痛', '吞嚥時疼痛、乾癢或灼熱。') on conflict (slug) do update set body_part_id = excluded.body_part_id, name = excluded.name, description = excluded.description;
insert into symptoms (body_part_id, slug, name, description) values ((select id from body_parts where slug = 'throat'), 'difficulty-swallowing', '吞嚥困難', '吞東西卡卡、疼痛或容易嗆到。') on conflict (slug) do update set body_part_id = excluded.body_part_id, name = excluded.name, description = excluded.description;
insert into symptoms (body_part_id, slug, name, description) values ((select id from body_parts where slug = 'throat'), 'hoarseness', '聲音沙啞', '聲音變粗、變小或說話費力。') on conflict (slug) do update set body_part_id = excluded.body_part_id, name = excluded.name, description = excluded.description;
insert into symptoms (body_part_id, slug, name, description) values ((select id from body_parts where slug = 'throat'), 'throat-lump', '喉嚨異物感', '喉嚨像有東西卡住，但不一定真的有異物。') on conflict (slug) do update set body_part_id = excluded.body_part_id, name = excluded.name, description = excluded.description;
insert into symptoms (body_part_id, slug, name, description) values ((select id from body_parts where slug = 'throat'), 'chronic-cough', '慢性咳嗽', '咳嗽持續數週，可能乾咳或有痰。') on conflict (slug) do update set body_part_id = excluded.body_part_id, name = excluded.name, description = excluded.description;
insert into symptoms (body_part_id, slug, name, description) values ((select id from body_parts where slug = 'chest'), 'chest-pain', '胸痛', '胸口悶痛、刺痛、壓迫或灼熱感。') on conflict (slug) do update set body_part_id = excluded.body_part_id, name = excluded.name, description = excluded.description;
insert into symptoms (body_part_id, slug, name, description) values ((select id from body_parts where slug = 'chest'), 'chest-tightness', '胸悶', '胸口壓迫、緊繃或不舒服。') on conflict (slug) do update set body_part_id = excluded.body_part_id, name = excluded.name, description = excluded.description;
insert into symptoms (body_part_id, slug, name, description) values ((select id from body_parts where slug = 'chest'), 'palpitations', '心悸', '心跳很快、很重、不規則或漏拍感。') on conflict (slug) do update set body_part_id = excluded.body_part_id, name = excluded.name, description = excluded.description;
insert into symptoms (body_part_id, slug, name, description) values ((select id from body_parts where slug = 'chest'), 'shortness-of-breath', '呼吸不順', '呼吸費力、吸不到氣或活動後喘。') on conflict (slug) do update set body_part_id = excluded.body_part_id, name = excluded.name, description = excluded.description;
insert into symptoms (body_part_id, slug, name, description) values ((select id from body_parts where slug = 'chest'), 'cough', '咳嗽', '乾咳、有痰咳嗽或胸口伴隨不適。') on conflict (slug) do update set body_part_id = excluded.body_part_id, name = excluded.name, description = excluded.description;
insert into symptoms (body_part_id, slug, name, description) values ((select id from body_parts where slug = 'abdomen'), 'stomach-pain', '胃痛', '上腹部悶痛、灼熱、絞痛或飯後不適。') on conflict (slug) do update set body_part_id = excluded.body_part_id, name = excluded.name, description = excluded.description;
insert into symptoms (body_part_id, slug, name, description) values ((select id from body_parts where slug = 'abdomen'), 'bloating', '腹脹', '肚子脹、打嗝、放屁或飯後更明顯。') on conflict (slug) do update set body_part_id = excluded.body_part_id, name = excluded.name, description = excluded.description;
insert into symptoms (body_part_id, slug, name, description) values ((select id from body_parts where slug = 'abdomen'), 'diarrhea', '腹瀉', '排便次數增加或水便。') on conflict (slug) do update set body_part_id = excluded.body_part_id, name = excluded.name, description = excluded.description;
insert into symptoms (body_part_id, slug, name, description) values ((select id from body_parts where slug = 'abdomen'), 'constipation', '便秘', '排便困難、次數變少或糞便偏硬。') on conflict (slug) do update set body_part_id = excluded.body_part_id, name = excluded.name, description = excluded.description;
insert into symptoms (body_part_id, slug, name, description) values ((select id from body_parts where slug = 'abdomen'), 'nausea-vomiting', '噁心嘔吐', '想吐、反胃或已經嘔吐。') on conflict (slug) do update set body_part_id = excluded.body_part_id, name = excluded.name, description = excluded.description;
insert into symptoms (body_part_id, slug, name, description) values ((select id from body_parts where slug = 'back'), 'lower-back-pain', '下背痛', '下背或腰部疼痛，可能影響活動。') on conflict (slug) do update set body_part_id = excluded.body_part_id, name = excluded.name, description = excluded.description;
insert into symptoms (body_part_id, slug, name, description) values ((select id from body_parts where slug = 'back'), 'upper-back-pain', '上背痛', '上背、肩頸下方或肩胛附近疼痛。') on conflict (slug) do update set body_part_id = excluded.body_part_id, name = excluded.name, description = excluded.description;
insert into symptoms (body_part_id, slug, name, description) values ((select id from body_parts where slug = 'back'), 'shoulder-blade-pain', '肩胛痠痛', '肩胛骨周圍痠痛、緊繃或活動不適。') on conflict (slug) do update set body_part_id = excluded.body_part_id, name = excluded.name, description = excluded.description;
insert into symptoms (body_part_id, slug, name, description) values ((select id from body_parts where slug = 'back'), 'back-stiffness', '背部僵硬', '早晨或久坐後背部緊繃活動不開。') on conflict (slug) do update set body_part_id = excluded.body_part_id, name = excluded.name, description = excluded.description;
insert into symptoms (body_part_id, slug, name, description) values ((select id from body_parts where slug = 'back'), 'back-pain-numbness', '背痛伴麻木', '背痛合併手腳麻、刺痛或無力。') on conflict (slug) do update set body_part_id = excluded.body_part_id, name = excluded.name, description = excluded.description;
insert into symptoms (body_part_id, slug, name, description) values ((select id from body_parts where slug = 'joints'), 'knee-pain', '膝蓋痛', '走路、上下樓或蹲站時膝蓋疼痛。') on conflict (slug) do update set body_part_id = excluded.body_part_id, name = excluded.name, description = excluded.description;
insert into symptoms (body_part_id, slug, name, description) values ((select id from body_parts where slug = 'joints'), 'wrist-pain', '手腕痛', '手腕疼痛、用力或轉動時不舒服。') on conflict (slug) do update set body_part_id = excluded.body_part_id, name = excluded.name, description = excluded.description;
insert into symptoms (body_part_id, slug, name, description) values ((select id from body_parts where slug = 'joints'), 'ankle-pain', '腳踝痛', '腳踝疼痛、腫脹或走路承重不適。') on conflict (slug) do update set body_part_id = excluded.body_part_id, name = excluded.name, description = excluded.description;
insert into symptoms (body_part_id, slug, name, description) values ((select id from body_parts where slug = 'joints'), 'joint-swelling', '關節腫脹', '關節變腫、發熱或壓痛。') on conflict (slug) do update set body_part_id = excluded.body_part_id, name = excluded.name, description = excluded.description;
insert into symptoms (body_part_id, slug, name, description) values ((select id from body_parts where slug = 'joints'), 'joint-clicking', '關節卡卡', '關節活動時卡住、摩擦聲或活動不順。') on conflict (slug) do update set body_part_id = excluded.body_part_id, name = excluded.name, description = excluded.description;
insert into symptoms (body_part_id, slug, name, description) values ((select id from body_parts where slug = 'skin'), 'rash', '紅疹', '皮膚出現紅斑、丘疹或大片泛紅。') on conflict (slug) do update set body_part_id = excluded.body_part_id, name = excluded.name, description = excluded.description;
insert into symptoms (body_part_id, slug, name, description) values ((select id from body_parts where slug = 'skin'), 'itching', '搔癢', '局部或全身搔癢，可能反覆發作。') on conflict (slug) do update set body_part_id = excluded.body_part_id, name = excluded.name, description = excluded.description;
insert into symptoms (body_part_id, slug, name, description) values ((select id from body_parts where slug = 'skin'), 'blisters', '起水泡', '皮膚出現含液體的小泡或大片水泡。') on conflict (slug) do update set body_part_id = excluded.body_part_id, name = excluded.name, description = excluded.description;
insert into symptoms (body_part_id, slug, name, description) values ((select id from body_parts where slug = 'skin'), 'acne', '長痘痘', '粉刺、丘疹、膿皰或反覆發炎痘痘。') on conflict (slug) do update set body_part_id = excluded.body_part_id, name = excluded.name, description = excluded.description;
insert into symptoms (body_part_id, slug, name, description) values ((select id from body_parts where slug = 'skin'), 'unknown-lump', '不明腫塊', '皮下摸到硬塊、囊腫或不明突起。') on conflict (slug) do update set body_part_id = excluded.body_part_id, name = excluded.name, description = excluded.description;
insert into symptoms (body_part_id, slug, name, description) values ((select id from body_parts where slug = 'urinary'), 'frequent-urination', '頻尿', '排尿次數明顯增加，可能白天或夜間都頻繁。') on conflict (slug) do update set body_part_id = excluded.body_part_id, name = excluded.name, description = excluded.description;
insert into symptoms (body_part_id, slug, name, description) values ((select id from body_parts where slug = 'urinary'), 'painful-urination', '排尿疼痛', '排尿時灼熱、刺痛或尿道不適。') on conflict (slug) do update set body_part_id = excluded.body_part_id, name = excluded.name, description = excluded.description;
insert into symptoms (body_part_id, slug, name, description) values ((select id from body_parts where slug = 'urinary'), 'blood-in-urine', '血尿', '尿液呈紅色、茶色，或檢查發現尿中有血。') on conflict (slug) do update set body_part_id = excluded.body_part_id, name = excluded.name, description = excluded.description;
insert into symptoms (body_part_id, slug, name, description) values ((select id from body_parts where slug = 'urinary'), 'urine-retention', '尿不出來', '有尿意但無法順利排尿，或尿流明顯變弱。') on conflict (slug) do update set body_part_id = excluded.body_part_id, name = excluded.name, description = excluded.description;
insert into symptoms (body_part_id, slug, name, description) values ((select id from body_parts where slug = 'urinary'), 'nocturia', '夜尿', '夜間因排尿醒來多次，影響睡眠。') on conflict (slug) do update set body_part_id = excluded.body_part_id, name = excluded.name, description = excluded.description;
insert into symptoms (body_part_id, slug, name, description) values ((select id from body_parts where slug = 'liver'), 'jaundice', '黃疸', '眼白或皮膚變黃，可能伴隨尿色變深。') on conflict (slug) do update set body_part_id = excluded.body_part_id, name = excluded.name, description = excluded.description;
insert into symptoms (body_part_id, slug, name, description) values ((select id from body_parts where slug = 'liver'), 'right-upper-abdominal-pain', '右上腹痛', '右上腹或肋骨下緣疼痛、脹痛或壓痛。') on conflict (slug) do update set body_part_id = excluded.body_part_id, name = excluded.name, description = excluded.description;
insert into symptoms (body_part_id, slug, name, description) values ((select id from body_parts where slug = 'liver'), 'loss-of-appetite', '食慾不振', '食量下降、容易噁心或看到食物沒有胃口。') on conflict (slug) do update set body_part_id = excluded.body_part_id, name = excluded.name, description = excluded.description;
insert into symptoms (body_part_id, slug, name, description) values ((select id from body_parts where slug = 'liver'), 'fatigue-liver', '容易疲倦', '休息後仍覺得疲累，可能合併消化或肝膽相關不適。') on conflict (slug) do update set body_part_id = excluded.body_part_id, name = excluded.name, description = excluded.description;
insert into symptoms (body_part_id, slug, name, description) values ((select id from body_parts where slug = 'liver'), 'dark-urine', '尿色變深', '尿液呈茶色或深褐色，補水後仍明顯偏深。') on conflict (slug) do update set body_part_id = excluded.body_part_id, name = excluded.name, description = excluded.description;
insert into symptoms (body_part_id, slug, name, description) values ((select id from body_parts where slug = 'blood'), 'unexplained-fatigue', '不明原因疲倦', '沒有明顯原因的持續疲倦、虛弱或活動力下降。') on conflict (slug) do update set body_part_id = excluded.body_part_id, name = excluded.name, description = excluded.description;
insert into symptoms (body_part_id, slug, name, description) values ((select id from body_parts where slug = 'blood'), 'easy-bruising', '容易瘀青', '輕微碰撞就瘀青，或出現原因不明的瘀斑。') on conflict (slug) do update set body_part_id = excluded.body_part_id, name = excluded.name, description = excluded.description;
insert into symptoms (body_part_id, slug, name, description) values ((select id from body_parts where slug = 'blood'), 'unexplained-fever', '不明發燒', '反覆或持續發燒，找不到明確感染來源。') on conflict (slug) do update set body_part_id = excluded.body_part_id, name = excluded.name, description = excluded.description;
insert into symptoms (body_part_id, slug, name, description) values ((select id from body_parts where slug = 'blood'), 'weight-loss', '體重減輕', '沒有刻意減重卻在短期內明顯變瘦。') on conflict (slug) do update set body_part_id = excluded.body_part_id, name = excluded.name, description = excluded.description;
insert into symptoms (body_part_id, slug, name, description) values ((select id from body_parts where slug = 'blood'), 'night-sweats', '夜間盜汗', '夜間大量出汗，甚至需要更換衣物或床單。') on conflict (slug) do update set body_part_id = excluded.body_part_id, name = excluded.name, description = excluded.description;
insert into symptoms (body_part_id, slug, name, description) values ((select id from body_parts where slug = 'heart'), 'irregular-heartbeat', '心律不整', '心跳忽快忽慢、不規則或有漏拍感。') on conflict (slug) do update set body_part_id = excluded.body_part_id, name = excluded.name, description = excluded.description;
insert into symptoms (body_part_id, slug, name, description) values ((select id from body_parts where slug = 'heart'), 'exercise-intolerance', '運動耐受差', '比過去更容易喘、累，活動能力明顯下降。') on conflict (slug) do update set body_part_id = excluded.body_part_id, name = excluded.name, description = excluded.description;
insert into symptoms (body_part_id, slug, name, description) values ((select id from body_parts where slug = 'heart'), 'fainting', '昏厥', '短暫失去意識或突然倒下，之後恢復。') on conflict (slug) do update set body_part_id = excluded.body_part_id, name = excluded.name, description = excluded.description;
insert into symptoms (body_part_id, slug, name, description) values ((select id from body_parts where slug = 'heart'), 'chest-pressure-exertion', '活動時胸壓感', '走路、爬樓梯或運動時胸口壓迫不適。') on conflict (slug) do update set body_part_id = excluded.body_part_id, name = excluded.name, description = excluded.description;
insert into symptoms (body_part_id, slug, name, description) values ((select id from body_parts where slug = 'heart'), 'edema', '下肢水腫', '腳踝、小腿腫脹，按壓後可能留下凹痕。') on conflict (slug) do update set body_part_id = excluded.body_part_id, name = excluded.name, description = excluded.description;
insert into symptoms (body_part_id, slug, name, description) values ((select id from body_parts where slug = 'neuro'), 'speech-difficulty', '說話困難', '說話含糊、找不到詞、理解或表達變困難。') on conflict (slug) do update set body_part_id = excluded.body_part_id, name = excluded.name, description = excluded.description;
insert into symptoms (body_part_id, slug, name, description) values ((select id from body_parts where slug = 'neuro'), 'one-side-weakness', '單側無力', '臉、手或腳單側無力、麻木或不聽使喚。') on conflict (slug) do update set body_part_id = excluded.body_part_id, name = excluded.name, description = excluded.description;
insert into symptoms (body_part_id, slug, name, description) values ((select id from body_parts where slug = 'neuro'), 'memory-loss', '記憶力下降', '近期記憶變差、常忘事或影響日常功能。') on conflict (slug) do update set body_part_id = excluded.body_part_id, name = excluded.name, description = excluded.description;
insert into symptoms (body_part_id, slug, name, description) values ((select id from body_parts where slug = 'neuro'), 'tremor', '手抖', '手部不自主顫抖，休息或動作時可能更明顯。') on conflict (slug) do update set body_part_id = excluded.body_part_id, name = excluded.name, description = excluded.description;
insert into symptoms (body_part_id, slug, name, description) values ((select id from body_parts where slug = 'neuro'), 'seizure', '抽搐', '肢體不自主抽動、僵硬，可能合併意識改變。') on conflict (slug) do update set body_part_id = excluded.body_part_id, name = excluded.name, description = excluded.description;
insert into symptoms (body_part_id, slug, name, description) values ((select id from body_parts where slug = 'ortho'), 'joint-deformity', '關節變形', '關節外觀變形、歪斜或長期腫大。') on conflict (slug) do update set body_part_id = excluded.body_part_id, name = excluded.name, description = excluded.description;
insert into symptoms (body_part_id, slug, name, description) values ((select id from body_parts where slug = 'ortho'), 'fracture-suspected', '疑似骨折', '外傷後劇痛、腫脹、變形或無法承重。') on conflict (slug) do update set body_part_id = excluded.body_part_id, name = excluded.name, description = excluded.description;
insert into symptoms (body_part_id, slug, name, description) values ((select id from body_parts where slug = 'ortho'), 'limited-mobility', '活動受限', '關節或肢體活動角度變小、卡住或無法正常使用。') on conflict (slug) do update set body_part_id = excluded.body_part_id, name = excluded.name, description = excluded.description;
insert into symptoms (body_part_id, slug, name, description) values ((select id from body_parts where slug = 'ortho'), 'bone-pain', '骨頭痛', '深層骨骼疼痛，可能夜間或活動時加重。') on conflict (slug) do update set body_part_id = excluded.body_part_id, name = excluded.name, description = excluded.description;
insert into symptoms (body_part_id, slug, name, description) values ((select id from body_parts where slug = 'ortho'), 'morning-stiffness', '晨僵', '起床後關節僵硬，需要一段時間才活動開。') on conflict (slug) do update set body_part_id = excluded.body_part_id, name = excluded.name, description = excluded.description;
insert into symptoms (body_part_id, slug, name, description) values ((select id from body_parts where slug = 'skin'), 'skin-infection', '皮膚感染', '皮膚紅腫熱痛、化膿或傷口周圍發炎。') on conflict (slug) do update set body_part_id = excluded.body_part_id, name = excluded.name, description = excluded.description;
insert into symptoms (body_part_id, slug, name, description) values ((select id from body_parts where slug = 'skin'), 'eczema-flare', '濕疹惡化', '皮膚紅、癢、脫屑或滲液，反覆發作加劇。') on conflict (slug) do update set body_part_id = excluded.body_part_id, name = excluded.name, description = excluded.description;
insert into symptoms (body_part_id, slug, name, description) values ((select id from body_parts where slug = 'skin'), 'fungal-infection', '黴菌感染', '皮膚搔癢、脫屑、環狀紅斑或趾縫糜爛。') on conflict (slug) do update set body_part_id = excluded.body_part_id, name = excluded.name, description = excluded.description;
insert into symptoms (body_part_id, slug, name, description) values ((select id from body_parts where slug = 'skin'), 'hair-loss', '掉髮', '掉髮量增加、髮量變稀或局部禿髮。') on conflict (slug) do update set body_part_id = excluded.body_part_id, name = excluded.name, description = excluded.description;
insert into symptoms (body_part_id, slug, name, description) values ((select id from body_parts where slug = 'skin'), 'skin-pigmentation', '色素異常', '皮膚顏色變深、變淡或出現不規則斑塊。') on conflict (slug) do update set body_part_id = excluded.body_part_id, name = excluded.name, description = excluded.description;

insert into symptom_guidance (symptom_id, see_doctor_soon, emergency) values ((select id from symptoms where slug = 'headache'), '若反覆發作、持續超過三天或影響生活，建議安排門診。', '突然劇烈頭痛、意識改變、單側無力、發燒合併頸部僵硬，請立即急診。') on conflict (symptom_id) do update set see_doctor_soon = excluded.see_doctor_soon, emergency = excluded.emergency;
insert into symptom_departments (symptom_id, department_id) values ((select id from symptoms where slug = 'headache'), (select id from medical_departments where slug = 'neurology')) on conflict (symptom_id, department_id) do nothing;
insert into symptom_departments (symptom_id, department_id) values ((select id from symptoms where slug = 'headache'), (select id from medical_departments where slug = 'family-medicine')) on conflict (symptom_id, department_id) do nothing;
insert into symptom_guidance (symptom_id, see_doctor_soon, emergency) values ((select id from symptoms where slug = 'dizziness'), '若頭暈反覆、伴隨噁心嘔吐或走路不穩，建議就醫。', '合併胸痛、昏厥、說話不清、單側無力，請立即急診。') on conflict (symptom_id) do update set see_doctor_soon = excluded.see_doctor_soon, emergency = excluded.emergency;
insert into symptom_departments (symptom_id, department_id) values ((select id from symptoms where slug = 'dizziness'), (select id from medical_departments where slug = 'ent')) on conflict (symptom_id, department_id) do nothing;
insert into symptom_departments (symptom_id, department_id) values ((select id from symptoms where slug = 'dizziness'), (select id from medical_departments where slug = 'neurology')) on conflict (symptom_id, department_id) do nothing;
insert into symptom_departments (symptom_id, department_id) values ((select id from symptoms where slug = 'dizziness'), (select id from medical_departments where slug = 'family-medicine')) on conflict (symptom_id, department_id) do nothing;
insert into symptom_guidance (symptom_id, see_doctor_soon, emergency) values ((select id from symptoms where slug = 'migraine'), '若每月多次發作或止痛藥效果不佳，建議評估預防治療。', '此生最劇烈頭痛、神經學症狀或頭部外傷後頭痛，請立即急診。') on conflict (symptom_id) do update set see_doctor_soon = excluded.see_doctor_soon, emergency = excluded.emergency;
insert into symptom_departments (symptom_id, department_id) values ((select id from symptoms where slug = 'migraine'), (select id from medical_departments where slug = 'neurology')) on conflict (symptom_id, department_id) do nothing;
insert into symptom_departments (symptom_id, department_id) values ((select id from symptoms where slug = 'migraine'), (select id from medical_departments where slug = 'family-medicine')) on conflict (symptom_id, department_id) do nothing;
insert into symptom_guidance (symptom_id, see_doctor_soon, emergency) values ((select id from symptoms where slug = 'brain-fog'), '若昏沉持續、影響工作生活或合併睡眠問題，建議就醫評估。', '突然意識混亂、反應變慢明顯惡化或疑似中風症狀，請立即急診。') on conflict (symptom_id) do update set see_doctor_soon = excluded.see_doctor_soon, emergency = excluded.emergency;
insert into symptom_departments (symptom_id, department_id) values ((select id from symptoms where slug = 'brain-fog'), (select id from medical_departments where slug = 'family-medicine')) on conflict (symptom_id, department_id) do nothing;
insert into symptom_departments (symptom_id, department_id) values ((select id from symptoms where slug = 'brain-fog'), (select id from medical_departments where slug = 'neurology')) on conflict (symptom_id, department_id) do nothing;
insert into symptom_departments (symptom_id, department_id) values ((select id from symptoms where slug = 'brain-fog'), (select id from medical_departments where slug = 'psychiatry')) on conflict (symptom_id, department_id) do nothing;
insert into symptom_guidance (symptom_id, see_doctor_soon, emergency) values ((select id from symptoms where slug = 'scalp-pain'), '若頭皮疼痛持續、合併皮疹或觸碰明顯疼痛，建議就醫。', '合併高燒、頭部外傷或劇烈頭痛，請立即就醫。') on conflict (symptom_id) do update set see_doctor_soon = excluded.see_doctor_soon, emergency = excluded.emergency;
insert into symptom_departments (symptom_id, department_id) values ((select id from symptoms where slug = 'scalp-pain'), (select id from medical_departments where slug = 'dermatology')) on conflict (symptom_id, department_id) do nothing;
insert into symptom_departments (symptom_id, department_id) values ((select id from symptoms where slug = 'scalp-pain'), (select id from medical_departments where slug = 'neurology')) on conflict (symptom_id, department_id) do nothing;
insert into symptom_departments (symptom_id, department_id) values ((select id from symptoms where slug = 'scalp-pain'), (select id from medical_departments where slug = 'family-medicine')) on conflict (symptom_id, department_id) do nothing;
insert into symptom_guidance (symptom_id, see_doctor_soon, emergency) values ((select id from symptoms where slug = 'red-eye'), '紅眼合併分泌物、疼痛或戴隱形眼鏡者，建議就醫。', '紅眼合併劇痛、視力下降或外傷，請立即急診。') on conflict (symptom_id) do update set see_doctor_soon = excluded.see_doctor_soon, emergency = excluded.emergency;
insert into symptom_departments (symptom_id, department_id) values ((select id from symptoms where slug = 'red-eye'), (select id from medical_departments where slug = 'ophthalmology')) on conflict (symptom_id, department_id) do nothing;
insert into symptom_guidance (symptom_id, see_doctor_soon, emergency) values ((select id from symptoms where slug = 'eye-pain'), '若疼痛持續、畏光或視力下降，建議當日或近期就醫。', '劇烈眼痛合併頭痛嘔吐或視力急降，請立即急診。') on conflict (symptom_id) do update set see_doctor_soon = excluded.see_doctor_soon, emergency = excluded.emergency;
insert into symptom_departments (symptom_id, department_id) values ((select id from symptoms where slug = 'eye-pain'), (select id from medical_departments where slug = 'ophthalmology')) on conflict (symptom_id, department_id) do nothing;
insert into symptom_guidance (symptom_id, see_doctor_soon, emergency) values ((select id from symptoms where slug = 'blurred-vision'), '視力變化若持續或單眼明顯變差，建議盡快看眼科。', '突然視力喪失、劇烈眼痛、閃光合併大量黑影，請立即急診。') on conflict (symptom_id) do update set see_doctor_soon = excluded.see_doctor_soon, emergency = excluded.emergency;
insert into symptom_departments (symptom_id, department_id) values ((select id from symptoms where slug = 'blurred-vision'), (select id from medical_departments where slug = 'ophthalmology')) on conflict (symptom_id, department_id) do nothing;
insert into symptom_guidance (symptom_id, see_doctor_soon, emergency) values ((select id from symptoms where slug = 'dry-eyes'), '乾澀反覆、影響工作或需要長期點眼藥水，建議評估。', '若合併明顯疼痛或視力快速變差，請立即就醫。') on conflict (symptom_id) do update set see_doctor_soon = excluded.see_doctor_soon, emergency = excluded.emergency;
insert into symptom_departments (symptom_id, department_id) values ((select id from symptoms where slug = 'dry-eyes'), (select id from medical_departments where slug = 'ophthalmology')) on conflict (symptom_id, department_id) do nothing;
insert into symptom_guidance (symptom_id, see_doctor_soon, emergency) values ((select id from symptoms where slug = 'floaters'), '新出現飛蚊或數量增加，建議安排散瞳檢查。', '合併閃光、視野缺損或像布幕遮住，請立即急診或眼科急診。') on conflict (symptom_id) do update set see_doctor_soon = excluded.see_doctor_soon, emergency = excluded.emergency;
insert into symptom_departments (symptom_id, department_id) values ((select id from symptoms where slug = 'floaters'), (select id from medical_departments where slug = 'ophthalmology')) on conflict (symptom_id, department_id) do nothing;
insert into symptom_guidance (symptom_id, see_doctor_soon, emergency) values ((select id from symptoms where slug = 'ear-pain'), '耳痛持續、發燒或聽力下降，建議就醫。', '合併臉歪、嚴重頭痛、耳後紅腫或高燒，請立即急診。') on conflict (symptom_id) do update set see_doctor_soon = excluded.see_doctor_soon, emergency = excluded.emergency;
insert into symptom_departments (symptom_id, department_id) values ((select id from symptoms where slug = 'ear-pain'), (select id from medical_departments where slug = 'ent')) on conflict (symptom_id, department_id) do nothing;
insert into symptom_departments (symptom_id, department_id) values ((select id from symptoms where slug = 'ear-pain'), (select id from medical_departments where slug = 'family-medicine')) on conflict (symptom_id, department_id) do nothing;
insert into symptom_guidance (symptom_id, see_doctor_soon, emergency) values ((select id from symptoms where slug = 'tinnitus'), '耳鳴持續、單側耳鳴或影響睡眠，建議檢查。', '突然聽力下降合併耳鳴，建議立即就醫。') on conflict (symptom_id) do update set see_doctor_soon = excluded.see_doctor_soon, emergency = excluded.emergency;
insert into symptom_departments (symptom_id, department_id) values ((select id from symptoms where slug = 'tinnitus'), (select id from medical_departments where slug = 'ent')) on conflict (symptom_id, department_id) do nothing;
insert into symptom_guidance (symptom_id, see_doctor_soon, emergency) values ((select id from symptoms where slug = 'hearing-loss'), '聽力逐漸下降或耳悶超過數日，建議門診。', '突發單側聽力明顯下降，請盡快就醫。') on conflict (symptom_id) do update set see_doctor_soon = excluded.see_doctor_soon, emergency = excluded.emergency;
insert into symptom_departments (symptom_id, department_id) values ((select id from symptoms where slug = 'hearing-loss'), (select id from medical_departments where slug = 'ent')) on conflict (symptom_id, department_id) do nothing;
insert into symptom_guidance (symptom_id, see_doctor_soon, emergency) values ((select id from symptoms where slug = 'ear-fullness'), '耳朵悶塞持續、合併耳鳴或頭暈，建議就醫。', '合併突發聽力下降或劇烈眩暈，請立即就醫。') on conflict (symptom_id) do update set see_doctor_soon = excluded.see_doctor_soon, emergency = excluded.emergency;
insert into symptom_departments (symptom_id, department_id) values ((select id from symptoms where slug = 'ear-fullness'), (select id from medical_departments where slug = 'ent')) on conflict (symptom_id, department_id) do nothing;
insert into symptom_departments (symptom_id, department_id) values ((select id from symptoms where slug = 'ear-fullness'), (select id from medical_departments where slug = 'family-medicine')) on conflict (symptom_id, department_id) do nothing;
insert into symptom_guidance (symptom_id, see_doctor_soon, emergency) values ((select id from symptoms where slug = 'vertigo'), '眩暈反覆、持續或伴隨嘔吐，建議就醫。', '合併說話不清、單側無力、走路嚴重不穩或胸痛，請急診。') on conflict (symptom_id) do update set see_doctor_soon = excluded.see_doctor_soon, emergency = excluded.emergency;
insert into symptom_departments (symptom_id, department_id) values ((select id from symptoms where slug = 'vertigo'), (select id from medical_departments where slug = 'ent')) on conflict (symptom_id, department_id) do nothing;
insert into symptom_departments (symptom_id, department_id) values ((select id from symptoms where slug = 'vertigo'), (select id from medical_departments where slug = 'neurology')) on conflict (symptom_id, department_id) do nothing;
insert into symptom_guidance (symptom_id, see_doctor_soon, emergency) values ((select id from symptoms where slug = 'nasal-congestion'), '鼻塞超過兩週、單側鼻塞或反覆鼻竇不適，建議就醫。', '合併高燒、眼周腫痛或意識改變，請立即急診。') on conflict (symptom_id) do update set see_doctor_soon = excluded.see_doctor_soon, emergency = excluded.emergency;
insert into symptom_departments (symptom_id, department_id) values ((select id from symptoms where slug = 'nasal-congestion'), (select id from medical_departments where slug = 'ent')) on conflict (symptom_id, department_id) do nothing;
insert into symptom_departments (symptom_id, department_id) values ((select id from symptoms where slug = 'nasal-congestion'), (select id from medical_departments where slug = 'family-medicine')) on conflict (symptom_id, department_id) do nothing;
insert into symptom_guidance (symptom_id, see_doctor_soon, emergency) values ((select id from symptoms where slug = 'runny-nose'), '流鼻水持續、過敏反覆或影響睡眠，建議評估。', '頭部外傷後清水樣鼻漏，請立即急診。') on conflict (symptom_id) do update set see_doctor_soon = excluded.see_doctor_soon, emergency = excluded.emergency;
insert into symptom_departments (symptom_id, department_id) values ((select id from symptoms where slug = 'runny-nose'), (select id from medical_departments where slug = 'ent')) on conflict (symptom_id, department_id) do nothing;
insert into symptom_departments (symptom_id, department_id) values ((select id from symptoms where slug = 'runny-nose'), (select id from medical_departments where slug = 'family-medicine')) on conflict (symptom_id, department_id) do nothing;
insert into symptom_guidance (symptom_id, see_doctor_soon, emergency) values ((select id from symptoms where slug = 'nosebleed'), '反覆鼻血或單側出血，建議檢查。', '壓迫十分鐘仍大量出血、頭暈虛弱或服用抗凝血藥，請急診。') on conflict (symptom_id) do update set see_doctor_soon = excluded.see_doctor_soon, emergency = excluded.emergency;
insert into symptom_departments (symptom_id, department_id) values ((select id from symptoms where slug = 'nosebleed'), (select id from medical_departments where slug = 'ent')) on conflict (symptom_id, department_id) do nothing;
insert into symptom_departments (symptom_id, department_id) values ((select id from symptoms where slug = 'nosebleed'), (select id from medical_departments where slug = 'family-medicine')) on conflict (symptom_id, department_id) do nothing;
insert into symptom_guidance (symptom_id, see_doctor_soon, emergency) values ((select id from symptoms where slug = 'sinus-pain'), '臉部壓痛、黃綠鼻涕或症狀超過十天，建議就醫。', '眼周腫痛、視力改變、高燒或劇烈頭痛，請急診。') on conflict (symptom_id) do update set see_doctor_soon = excluded.see_doctor_soon, emergency = excluded.emergency;
insert into symptom_departments (symptom_id, department_id) values ((select id from symptoms where slug = 'sinus-pain'), (select id from medical_departments where slug = 'ent')) on conflict (symptom_id, department_id) do nothing;
insert into symptom_departments (symptom_id, department_id) values ((select id from symptoms where slug = 'sinus-pain'), (select id from medical_departments where slug = 'family-medicine')) on conflict (symptom_id, department_id) do nothing;
insert into symptom_guidance (symptom_id, see_doctor_soon, emergency) values ((select id from symptoms where slug = 'smell-loss'), '嗅覺異常持續超過兩週，建議檢查鼻腔與鼻竇。', '合併神經症狀或頭部外傷後出現，請立即就醫。') on conflict (symptom_id) do update set see_doctor_soon = excluded.see_doctor_soon, emergency = excluded.emergency;
insert into symptom_departments (symptom_id, department_id) values ((select id from symptoms where slug = 'smell-loss'), (select id from medical_departments where slug = 'ent')) on conflict (symptom_id, department_id) do nothing;
insert into symptom_guidance (symptom_id, see_doctor_soon, emergency) values ((select id from symptoms where slug = 'sore-throat'), '喉嚨痛超過三天、發燒或扁桃腺化膿，建議就醫。', '呼吸困難、流口水、吞嚥困難快速惡化，請急診。') on conflict (symptom_id) do update set see_doctor_soon = excluded.see_doctor_soon, emergency = excluded.emergency;
insert into symptom_departments (symptom_id, department_id) values ((select id from symptoms where slug = 'sore-throat'), (select id from medical_departments where slug = 'ent')) on conflict (symptom_id, department_id) do nothing;
insert into symptom_departments (symptom_id, department_id) values ((select id from symptoms where slug = 'sore-throat'), (select id from medical_departments where slug = 'family-medicine')) on conflict (symptom_id, department_id) do nothing;
insert into symptom_guidance (symptom_id, see_doctor_soon, emergency) values ((select id from symptoms where slug = 'difficulty-swallowing'), '吞嚥困難持續、體重下降或容易嗆到，建議就醫。', '無法吞口水、呼吸困難或異物卡住，請立即急診。') on conflict (symptom_id) do update set see_doctor_soon = excluded.see_doctor_soon, emergency = excluded.emergency;
insert into symptom_departments (symptom_id, department_id) values ((select id from symptoms where slug = 'difficulty-swallowing'), (select id from medical_departments where slug = 'ent')) on conflict (symptom_id, department_id) do nothing;
insert into symptom_departments (symptom_id, department_id) values ((select id from symptoms where slug = 'difficulty-swallowing'), (select id from medical_departments where slug = 'gastroenterology')) on conflict (symptom_id, department_id) do nothing;
insert into symptom_guidance (symptom_id, see_doctor_soon, emergency) values ((select id from symptoms where slug = 'hoarseness'), '聲音沙啞超過兩週，建議檢查聲帶。', '合併呼吸困難或頸部快速腫大，請立即就醫。') on conflict (symptom_id) do update set see_doctor_soon = excluded.see_doctor_soon, emergency = excluded.emergency;
insert into symptom_departments (symptom_id, department_id) values ((select id from symptoms where slug = 'hoarseness'), (select id from medical_departments where slug = 'ent')) on conflict (symptom_id, department_id) do nothing;
insert into symptom_guidance (symptom_id, see_doctor_soon, emergency) values ((select id from symptoms where slug = 'throat-lump'), '喉嚨異物感持續、吞嚥不適或聲音改變，建議就醫。', '合併呼吸困難、吞嚥快速惡化或頸部快速腫大，請急診。') on conflict (symptom_id) do update set see_doctor_soon = excluded.see_doctor_soon, emergency = excluded.emergency;
insert into symptom_departments (symptom_id, department_id) values ((select id from symptoms where slug = 'throat-lump'), (select id from medical_departments where slug = 'ent')) on conflict (symptom_id, department_id) do nothing;
insert into symptom_departments (symptom_id, department_id) values ((select id from symptoms where slug = 'throat-lump'), (select id from medical_departments where slug = 'gastroenterology')) on conflict (symptom_id, department_id) do nothing;
insert into symptom_departments (symptom_id, department_id) values ((select id from symptoms where slug = 'throat-lump'), (select id from medical_departments where slug = 'family-medicine')) on conflict (symptom_id, department_id) do nothing;
insert into symptom_guidance (symptom_id, see_doctor_soon, emergency) values ((select id from symptoms where slug = 'chronic-cough'), '咳嗽超過三週、夜咳或有喘鳴，建議評估。', '咳血、呼吸困難、胸痛或高燒不退，請急診。') on conflict (symptom_id) do update set see_doctor_soon = excluded.see_doctor_soon, emergency = excluded.emergency;
insert into symptom_departments (symptom_id, department_id) values ((select id from symptoms where slug = 'chronic-cough'), (select id from medical_departments where slug = 'pulmonology')) on conflict (symptom_id, department_id) do nothing;
insert into symptom_departments (symptom_id, department_id) values ((select id from symptoms where slug = 'chronic-cough'), (select id from medical_departments where slug = 'ent')) on conflict (symptom_id, department_id) do nothing;
insert into symptom_departments (symptom_id, department_id) values ((select id from symptoms where slug = 'chronic-cough'), (select id from medical_departments where slug = 'family-medicine')) on conflict (symptom_id, department_id) do nothing;
insert into symptom_guidance (symptom_id, see_doctor_soon, emergency) values ((select id from symptoms where slug = 'chest-pain'), '胸痛反覆或與活動相關，建議盡快評估。', '壓迫性胸痛、冒冷汗、痛到左臂下巴、呼吸困難，請立即急診。') on conflict (symptom_id) do update set see_doctor_soon = excluded.see_doctor_soon, emergency = excluded.emergency;
insert into symptom_departments (symptom_id, department_id) values ((select id from symptoms where slug = 'chest-pain'), (select id from medical_departments where slug = 'cardiology')) on conflict (symptom_id, department_id) do nothing;
insert into symptom_departments (symptom_id, department_id) values ((select id from symptoms where slug = 'chest-pain'), (select id from medical_departments where slug = 'pulmonology')) on conflict (symptom_id, department_id) do nothing;
insert into symptom_departments (symptom_id, department_id) values ((select id from symptoms where slug = 'chest-pain'), (select id from medical_departments where slug = 'emergency-medicine')) on conflict (symptom_id, department_id) do nothing;
insert into symptom_guidance (symptom_id, see_doctor_soon, emergency) values ((select id from symptoms where slug = 'chest-tightness'), '胸悶反覆、和壓力或活動有關，建議檢查。', '胸悶合併冒冷汗、噁心、呼吸困難或昏厥，請急診。') on conflict (symptom_id) do update set see_doctor_soon = excluded.see_doctor_soon, emergency = excluded.emergency;
insert into symptom_departments (symptom_id, department_id) values ((select id from symptoms where slug = 'chest-tightness'), (select id from medical_departments where slug = 'cardiology')) on conflict (symptom_id, department_id) do nothing;
insert into symptom_departments (symptom_id, department_id) values ((select id from symptoms where slug = 'chest-tightness'), (select id from medical_departments where slug = 'pulmonology')) on conflict (symptom_id, department_id) do nothing;
insert into symptom_departments (symptom_id, department_id) values ((select id from symptoms where slug = 'chest-tightness'), (select id from medical_departments where slug = 'family-medicine')) on conflict (symptom_id, department_id) do nothing;
insert into symptom_guidance (symptom_id, see_doctor_soon, emergency) values ((select id from symptoms where slug = 'palpitations'), '心悸反覆、伴隨頭暈或心跳不規則，建議檢查心電圖。', '合併胸痛、昏厥或呼吸困難，請急診。') on conflict (symptom_id) do update set see_doctor_soon = excluded.see_doctor_soon, emergency = excluded.emergency;
insert into symptom_departments (symptom_id, department_id) values ((select id from symptoms where slug = 'palpitations'), (select id from medical_departments where slug = 'cardiology')) on conflict (symptom_id, department_id) do nothing;
insert into symptom_departments (symptom_id, department_id) values ((select id from symptoms where slug = 'palpitations'), (select id from medical_departments where slug = 'family-medicine')) on conflict (symptom_id, department_id) do nothing;
insert into symptom_guidance (symptom_id, see_doctor_soon, emergency) values ((select id from symptoms where slug = 'shortness-of-breath'), '呼吸不順反覆、活動後喘或夜間喘醒，建議就醫。', '休息仍喘、嘴唇發紫、胸痛或意識不清，請立即急診。') on conflict (symptom_id) do update set see_doctor_soon = excluded.see_doctor_soon, emergency = excluded.emergency;
insert into symptom_departments (symptom_id, department_id) values ((select id from symptoms where slug = 'shortness-of-breath'), (select id from medical_departments where slug = 'pulmonology')) on conflict (symptom_id, department_id) do nothing;
insert into symptom_departments (symptom_id, department_id) values ((select id from symptoms where slug = 'shortness-of-breath'), (select id from medical_departments where slug = 'cardiology')) on conflict (symptom_id, department_id) do nothing;
insert into symptom_departments (symptom_id, department_id) values ((select id from symptoms where slug = 'shortness-of-breath'), (select id from medical_departments where slug = 'emergency-medicine')) on conflict (symptom_id, department_id) do nothing;
insert into symptom_guidance (symptom_id, see_doctor_soon, emergency) values ((select id from symptoms where slug = 'cough'), '咳嗽超過三週、夜咳、有痰或胸口不適，建議評估。', '咳血、呼吸困難、胸痛或高燒不退，請急診。') on conflict (symptom_id) do update set see_doctor_soon = excluded.see_doctor_soon, emergency = excluded.emergency;
insert into symptom_departments (symptom_id, department_id) values ((select id from symptoms where slug = 'cough'), (select id from medical_departments where slug = 'pulmonology')) on conflict (symptom_id, department_id) do nothing;
insert into symptom_departments (symptom_id, department_id) values ((select id from symptoms where slug = 'cough'), (select id from medical_departments where slug = 'family-medicine')) on conflict (symptom_id, department_id) do nothing;
insert into symptom_guidance (symptom_id, see_doctor_soon, emergency) values ((select id from symptoms where slug = 'stomach-pain'), '胃痛反覆、飯後明顯或影響食慾，建議就醫。', '劇烈腹痛、吐血、黑便、冒冷汗或腹部變硬，請急診。') on conflict (symptom_id) do update set see_doctor_soon = excluded.see_doctor_soon, emergency = excluded.emergency;
insert into symptom_departments (symptom_id, department_id) values ((select id from symptoms where slug = 'stomach-pain'), (select id from medical_departments where slug = 'gastroenterology')) on conflict (symptom_id, department_id) do nothing;
insert into symptom_departments (symptom_id, department_id) values ((select id from symptoms where slug = 'stomach-pain'), (select id from medical_departments where slug = 'family-medicine')) on conflict (symptom_id, department_id) do nothing;
insert into symptom_guidance (symptom_id, see_doctor_soon, emergency) values ((select id from symptoms where slug = 'bloating'), '腹脹反覆、體重下降或排便習慣改變，建議檢查。', '腹脹合併劇痛、無法排氣排便或持續嘔吐，請急診。') on conflict (symptom_id) do update set see_doctor_soon = excluded.see_doctor_soon, emergency = excluded.emergency;
insert into symptom_departments (symptom_id, department_id) values ((select id from symptoms where slug = 'bloating'), (select id from medical_departments where slug = 'gastroenterology')) on conflict (symptom_id, department_id) do nothing;
insert into symptom_departments (symptom_id, department_id) values ((select id from symptoms where slug = 'bloating'), (select id from medical_departments where slug = 'family-medicine')) on conflict (symptom_id, department_id) do nothing;
insert into symptom_guidance (symptom_id, see_doctor_soon, emergency) values ((select id from symptoms where slug = 'diarrhea'), '腹瀉超過三天、血便或脫水跡象，建議就醫。', '嚴重脫水、持續高燒、血便量多或意識不清，請急診。') on conflict (symptom_id) do update set see_doctor_soon = excluded.see_doctor_soon, emergency = excluded.emergency;
insert into symptom_departments (symptom_id, department_id) values ((select id from symptoms where slug = 'diarrhea'), (select id from medical_departments where slug = 'gastroenterology')) on conflict (symptom_id, department_id) do nothing;
insert into symptom_departments (symptom_id, department_id) values ((select id from symptoms where slug = 'diarrhea'), (select id from medical_departments where slug = 'family-medicine')) on conflict (symptom_id, department_id) do nothing;
insert into symptom_guidance (symptom_id, see_doctor_soon, emergency) values ((select id from symptoms where slug = 'constipation'), '便秘持續、血便或近期排便習慣明顯改變，建議就醫。', '劇烈腹痛、嘔吐、完全無法排氣排便，請急診。') on conflict (symptom_id) do update set see_doctor_soon = excluded.see_doctor_soon, emergency = excluded.emergency;
insert into symptom_departments (symptom_id, department_id) values ((select id from symptoms where slug = 'constipation'), (select id from medical_departments where slug = 'gastroenterology')) on conflict (symptom_id, department_id) do nothing;
insert into symptom_departments (symptom_id, department_id) values ((select id from symptoms where slug = 'constipation'), (select id from medical_departments where slug = 'family-medicine')) on conflict (symptom_id, department_id) do nothing;
insert into symptom_guidance (symptom_id, see_doctor_soon, emergency) values ((select id from symptoms where slug = 'nausea-vomiting'), '嘔吐持續、無法進食或疑似藥物副作用，建議就醫。', '吐血、劇烈腹痛、脫水或頭部外傷後嘔吐，請急診。') on conflict (symptom_id) do update set see_doctor_soon = excluded.see_doctor_soon, emergency = excluded.emergency;
insert into symptom_departments (symptom_id, department_id) values ((select id from symptoms where slug = 'nausea-vomiting'), (select id from medical_departments where slug = 'gastroenterology')) on conflict (symptom_id, department_id) do nothing;
insert into symptom_departments (symptom_id, department_id) values ((select id from symptoms where slug = 'nausea-vomiting'), (select id from medical_departments where slug = 'family-medicine')) on conflict (symptom_id, department_id) do nothing;
insert into symptom_guidance (symptom_id, see_doctor_soon, emergency) values ((select id from symptoms where slug = 'lower-back-pain'), '下背痛超過一週、反覆發作或影響工作，建議評估。', '大小便失禁、會陰麻木、下肢無力或重大外傷，請急診。') on conflict (symptom_id) do update set see_doctor_soon = excluded.see_doctor_soon, emergency = excluded.emergency;
insert into symptom_departments (symptom_id, department_id) values ((select id from symptoms where slug = 'lower-back-pain'), (select id from medical_departments where slug = 'rehabilitation')) on conflict (symptom_id, department_id) do nothing;
insert into symptom_departments (symptom_id, department_id) values ((select id from symptoms where slug = 'lower-back-pain'), (select id from medical_departments where slug = 'orthopedics')) on conflict (symptom_id, department_id) do nothing;
insert into symptom_departments (symptom_id, department_id) values ((select id from symptoms where slug = 'lower-back-pain'), (select id from medical_departments where slug = 'family-medicine')) on conflict (symptom_id, department_id) do nothing;
insert into symptom_guidance (symptom_id, see_doctor_soon, emergency) values ((select id from symptoms where slug = 'upper-back-pain'), '上背痛持續超過一週或影響活動，建議就醫。', '合併胸痛、呼吸困難、外傷後劇痛或發燒，請急診。') on conflict (symptom_id) do update set see_doctor_soon = excluded.see_doctor_soon, emergency = excluded.emergency;
insert into symptom_departments (symptom_id, department_id) values ((select id from symptoms where slug = 'upper-back-pain'), (select id from medical_departments where slug = 'rehabilitation')) on conflict (symptom_id, department_id) do nothing;
insert into symptom_departments (symptom_id, department_id) values ((select id from symptoms where slug = 'upper-back-pain'), (select id from medical_departments where slug = 'orthopedics')) on conflict (symptom_id, department_id) do nothing;
insert into symptom_departments (symptom_id, department_id) values ((select id from symptoms where slug = 'upper-back-pain'), (select id from medical_departments where slug = 'family-medicine')) on conflict (symptom_id, department_id) do nothing;
insert into symptom_guidance (symptom_id, see_doctor_soon, emergency) values ((select id from symptoms where slug = 'shoulder-blade-pain'), '肩胛痠痛持續、活動受限或反覆發作，建議評估。', '合併胸痛、呼吸困難、冒冷汗或外傷後劇痛，請急診。') on conflict (symptom_id) do update set see_doctor_soon = excluded.see_doctor_soon, emergency = excluded.emergency;
insert into symptom_departments (symptom_id, department_id) values ((select id from symptoms where slug = 'shoulder-blade-pain'), (select id from medical_departments where slug = 'rehabilitation')) on conflict (symptom_id, department_id) do nothing;
insert into symptom_departments (symptom_id, department_id) values ((select id from symptoms where slug = 'shoulder-blade-pain'), (select id from medical_departments where slug = 'orthopedics')) on conflict (symptom_id, department_id) do nothing;
insert into symptom_guidance (symptom_id, see_doctor_soon, emergency) values ((select id from symptoms where slug = 'back-stiffness'), '晨間僵硬超過三十分鐘或反覆發作，建議評估。', '合併發燒、感染跡象或外傷後疼痛，請急診。') on conflict (symptom_id) do update set see_doctor_soon = excluded.see_doctor_soon, emergency = excluded.emergency;
insert into symptom_departments (symptom_id, department_id) values ((select id from symptoms where slug = 'back-stiffness'), (select id from medical_departments where slug = 'rehabilitation')) on conflict (symptom_id, department_id) do nothing;
insert into symptom_departments (symptom_id, department_id) values ((select id from symptoms where slug = 'back-stiffness'), (select id from medical_departments where slug = 'rheumatology-immunology')) on conflict (symptom_id, department_id) do nothing;
insert into symptom_departments (symptom_id, department_id) values ((select id from symptoms where slug = 'back-stiffness'), (select id from medical_departments where slug = 'family-medicine')) on conflict (symptom_id, department_id) do nothing;
insert into symptom_guidance (symptom_id, see_doctor_soon, emergency) values ((select id from symptoms where slug = 'back-pain-numbness'), '背痛合併麻木、刺痛或無力，建議就醫。', '單側突然麻木無力、大小便異常或症狀快速惡化，請急診。') on conflict (symptom_id) do update set see_doctor_soon = excluded.see_doctor_soon, emergency = excluded.emergency;
insert into symptom_departments (symptom_id, department_id) values ((select id from symptoms where slug = 'back-pain-numbness'), (select id from medical_departments where slug = 'neurology')) on conflict (symptom_id, department_id) do nothing;
insert into symptom_departments (symptom_id, department_id) values ((select id from symptoms where slug = 'back-pain-numbness'), (select id from medical_departments where slug = 'rehabilitation')) on conflict (symptom_id, department_id) do nothing;
insert into symptom_departments (symptom_id, department_id) values ((select id from symptoms where slug = 'back-pain-numbness'), (select id from medical_departments where slug = 'orthopedics')) on conflict (symptom_id, department_id) do nothing;
insert into symptom_guidance (symptom_id, see_doctor_soon, emergency) values ((select id from symptoms where slug = 'knee-pain'), '膝痛影響走路、上下樓或持續超過一週，建議就醫。', '外傷後變形、無法承重或明顯腫脹，請急診。') on conflict (symptom_id) do update set see_doctor_soon = excluded.see_doctor_soon, emergency = excluded.emergency;
insert into symptom_departments (symptom_id, department_id) values ((select id from symptoms where slug = 'knee-pain'), (select id from medical_departments where slug = 'orthopedics')) on conflict (symptom_id, department_id) do nothing;
insert into symptom_departments (symptom_id, department_id) values ((select id from symptoms where slug = 'knee-pain'), (select id from medical_departments where slug = 'rehabilitation')) on conflict (symptom_id, department_id) do nothing;
insert into symptom_guidance (symptom_id, see_doctor_soon, emergency) values ((select id from symptoms where slug = 'wrist-pain'), '手腕痛持續、麻木或用力時加重，建議評估。', '外傷後變形、劇烈腫痛或手指發白發麻，請急診。') on conflict (symptom_id) do update set see_doctor_soon = excluded.see_doctor_soon, emergency = excluded.emergency;
insert into symptom_departments (symptom_id, department_id) values ((select id from symptoms where slug = 'wrist-pain'), (select id from medical_departments where slug = 'orthopedics')) on conflict (symptom_id, department_id) do nothing;
insert into symptom_departments (symptom_id, department_id) values ((select id from symptoms where slug = 'wrist-pain'), (select id from medical_departments where slug = 'rehabilitation')) on conflict (symptom_id, department_id) do nothing;
insert into symptom_guidance (symptom_id, see_doctor_soon, emergency) values ((select id from symptoms where slug = 'ankle-pain'), '腳踝痛持續、反覆扭傷或走路不穩，建議就醫。', '外傷後無法承重、明顯變形或快速腫脹，請急診。') on conflict (symptom_id) do update set see_doctor_soon = excluded.see_doctor_soon, emergency = excluded.emergency;
insert into symptom_departments (symptom_id, department_id) values ((select id from symptoms where slug = 'ankle-pain'), (select id from medical_departments where slug = 'orthopedics')) on conflict (symptom_id, department_id) do nothing;
insert into symptom_departments (symptom_id, department_id) values ((select id from symptoms where slug = 'ankle-pain'), (select id from medical_departments where slug = 'rehabilitation')) on conflict (symptom_id, department_id) do nothing;
insert into symptom_guidance (symptom_id, see_doctor_soon, emergency) values ((select id from symptoms where slug = 'joint-swelling'), '關節腫脹超過數日或反覆發作，建議就醫。', '突然劇烈腫痛、發燒或無法承重，請急診。') on conflict (symptom_id) do update set see_doctor_soon = excluded.see_doctor_soon, emergency = excluded.emergency;
insert into symptom_departments (symptom_id, department_id) values ((select id from symptoms where slug = 'joint-swelling'), (select id from medical_departments where slug = 'orthopedics')) on conflict (symptom_id, department_id) do nothing;
insert into symptom_departments (symptom_id, department_id) values ((select id from symptoms where slug = 'joint-swelling'), (select id from medical_departments where slug = 'rheumatology-immunology')) on conflict (symptom_id, department_id) do nothing;
insert into symptom_guidance (symptom_id, see_doctor_soon, emergency) values ((select id from symptoms where slug = 'joint-clicking'), '關節卡卡合併疼痛、腫脹或活動受限，建議評估。', '外傷後卡住無法活動、變形或劇烈疼痛，請急診。') on conflict (symptom_id) do update set see_doctor_soon = excluded.see_doctor_soon, emergency = excluded.emergency;
insert into symptom_departments (symptom_id, department_id) values ((select id from symptoms where slug = 'joint-clicking'), (select id from medical_departments where slug = 'orthopedics')) on conflict (symptom_id, department_id) do nothing;
insert into symptom_departments (symptom_id, department_id) values ((select id from symptoms where slug = 'joint-clicking'), (select id from medical_departments where slug = 'rehabilitation')) on conflict (symptom_id, department_id) do nothing;
insert into symptom_guidance (symptom_id, see_doctor_soon, emergency) values ((select id from symptoms where slug = 'rash'), '紅疹擴大、反覆或不明原因持續，建議就醫。', '合併呼吸困難、嘴唇眼皮腫、發燒或紫斑，請急診。') on conflict (symptom_id) do update set see_doctor_soon = excluded.see_doctor_soon, emergency = excluded.emergency;
insert into symptom_departments (symptom_id, department_id) values ((select id from symptoms where slug = 'rash'), (select id from medical_departments where slug = 'dermatology')) on conflict (symptom_id, department_id) do nothing;
insert into symptom_departments (symptom_id, department_id) values ((select id from symptoms where slug = 'rash'), (select id from medical_departments where slug = 'family-medicine')) on conflict (symptom_id, department_id) do nothing;
insert into symptom_guidance (symptom_id, see_doctor_soon, emergency) values ((select id from symptoms where slug = 'itching'), '搔癢超過兩週、影響睡眠或全身性搔癢，建議就醫。', '合併呼吸困難、全身腫脹或嚴重過敏反應，請急診。') on conflict (symptom_id) do update set see_doctor_soon = excluded.see_doctor_soon, emergency = excluded.emergency;
insert into symptom_departments (symptom_id, department_id) values ((select id from symptoms where slug = 'itching'), (select id from medical_departments where slug = 'dermatology')) on conflict (symptom_id, department_id) do nothing;
insert into symptom_departments (symptom_id, department_id) values ((select id from symptoms where slug = 'itching'), (select id from medical_departments where slug = 'family-medicine')) on conflict (symptom_id, department_id) do nothing;
insert into symptom_guidance (symptom_id, see_doctor_soon, emergency) values ((select id from symptoms where slug = 'blisters'), '水泡擴大、疼痛、反覆或疑似感染，建議就醫。', '大面積水泡、口眼黏膜受影響、發燒或劇痛，請急診。') on conflict (symptom_id) do update set see_doctor_soon = excluded.see_doctor_soon, emergency = excluded.emergency;
insert into symptom_departments (symptom_id, department_id) values ((select id from symptoms where slug = 'blisters'), (select id from medical_departments where slug = 'dermatology')) on conflict (symptom_id, department_id) do nothing;
insert into symptom_departments (symptom_id, department_id) values ((select id from symptoms where slug = 'blisters'), (select id from medical_departments where slug = 'family-medicine')) on conflict (symptom_id, department_id) do nothing;
insert into symptom_guidance (symptom_id, see_doctor_soon, emergency) values ((select id from symptoms where slug = 'acne'), '痘痘反覆發炎、留下疤痕或影響生活，建議皮膚科治療。', '若合併臉部快速紅腫、發燒或劇痛，請立即就醫。') on conflict (symptom_id) do update set see_doctor_soon = excluded.see_doctor_soon, emergency = excluded.emergency;
insert into symptom_departments (symptom_id, department_id) values ((select id from symptoms where slug = 'acne'), (select id from medical_departments where slug = 'dermatology')) on conflict (symptom_id, department_id) do nothing;
insert into symptom_guidance (symptom_id, see_doctor_soon, emergency) values ((select id from symptoms where slug = 'unknown-lump'), '腫塊變大、變硬、疼痛或顏色改變，建議檢查。', '快速紅腫熱痛、發燒或疑似膿瘍擴散，請急診。') on conflict (symptom_id) do update set see_doctor_soon = excluded.see_doctor_soon, emergency = excluded.emergency;
insert into symptom_departments (symptom_id, department_id) values ((select id from symptoms where slug = 'unknown-lump'), (select id from medical_departments where slug = 'dermatology')) on conflict (symptom_id, department_id) do nothing;
insert into symptom_departments (symptom_id, department_id) values ((select id from symptoms where slug = 'unknown-lump'), (select id from medical_departments where slug = 'general-surgery')) on conflict (symptom_id, department_id) do nothing;
insert into symptom_departments (symptom_id, department_id) values ((select id from symptoms where slug = 'unknown-lump'), (select id from medical_departments where slug = 'family-medicine')) on conflict (symptom_id, department_id) do nothing;
insert into symptom_guidance (symptom_id, see_doctor_soon, emergency) values ((select id from symptoms where slug = 'frequent-urination'), '頻尿持續、合併口渴、夜尿或影響生活，建議就醫評估。', '合併發燒、腰痛、血尿或意識改變，請盡快急診。') on conflict (symptom_id) do update set see_doctor_soon = excluded.see_doctor_soon, emergency = excluded.emergency;
insert into symptom_departments (symptom_id, department_id) values ((select id from symptoms where slug = 'frequent-urination'), (select id from medical_departments where slug = 'urology')) on conflict (symptom_id, department_id) do nothing;
insert into symptom_departments (symptom_id, department_id) values ((select id from symptoms where slug = 'frequent-urination'), (select id from medical_departments where slug = 'family-medicine')) on conflict (symptom_id, department_id) do nothing;
insert into symptom_guidance (symptom_id, see_doctor_soon, emergency) values ((select id from symptoms where slug = 'painful-urination'), '排尿疼痛持續、反覆或合併尿急尿頻，建議就醫。', '合併高燒、腰痛、血尿、懷孕或無法排尿，請急診。') on conflict (symptom_id) do update set see_doctor_soon = excluded.see_doctor_soon, emergency = excluded.emergency;
insert into symptom_departments (symptom_id, department_id) values ((select id from symptoms where slug = 'painful-urination'), (select id from medical_departments where slug = 'urology')) on conflict (symptom_id, department_id) do nothing;
insert into symptom_departments (symptom_id, department_id) values ((select id from symptoms where slug = 'painful-urination'), (select id from medical_departments where slug = 'family-medicine')) on conflict (symptom_id, department_id) do nothing;
insert into symptom_guidance (symptom_id, see_doctor_soon, emergency) values ((select id from symptoms where slug = 'blood-in-urine'), '任何明顯血尿都建議安排檢查。', '血尿合併劇烈腰腹痛、血塊尿不出、頭暈虛弱，請急診。') on conflict (symptom_id) do update set see_doctor_soon = excluded.see_doctor_soon, emergency = excluded.emergency;
insert into symptom_departments (symptom_id, department_id) values ((select id from symptoms where slug = 'blood-in-urine'), (select id from medical_departments where slug = 'urology')) on conflict (symptom_id, department_id) do nothing;
insert into symptom_departments (symptom_id, department_id) values ((select id from symptoms where slug = 'blood-in-urine'), (select id from medical_departments where slug = 'nephrology')) on conflict (symptom_id, department_id) do nothing;
insert into symptom_guidance (symptom_id, see_doctor_soon, emergency) values ((select id from symptoms where slug = 'urine-retention'), '排尿困難逐漸加重或尿流變弱，建議泌尿科評估。', '完全尿不出來、下腹劇痛或發燒，請立即急診。') on conflict (symptom_id) do update set see_doctor_soon = excluded.see_doctor_soon, emergency = excluded.emergency;
insert into symptom_departments (symptom_id, department_id) values ((select id from symptoms where slug = 'urine-retention'), (select id from medical_departments where slug = 'urology')) on conflict (symptom_id, department_id) do nothing;
insert into symptom_departments (symptom_id, department_id) values ((select id from symptoms where slug = 'urine-retention'), (select id from medical_departments where slug = 'emergency-medicine')) on conflict (symptom_id, department_id) do nothing;
insert into symptom_guidance (symptom_id, see_doctor_soon, emergency) values ((select id from symptoms where slug = 'nocturia'), '夜尿影響睡眠、合併水腫或口渴，建議評估。', '合併呼吸困難、嚴重水腫或意識改變，請急診。') on conflict (symptom_id) do update set see_doctor_soon = excluded.see_doctor_soon, emergency = excluded.emergency;
insert into symptom_departments (symptom_id, department_id) values ((select id from symptoms where slug = 'nocturia'), (select id from medical_departments where slug = 'urology')) on conflict (symptom_id, department_id) do nothing;
insert into symptom_departments (symptom_id, department_id) values ((select id from symptoms where slug = 'nocturia'), (select id from medical_departments where slug = 'nephrology')) on conflict (symptom_id, department_id) do nothing;
insert into symptom_departments (symptom_id, department_id) values ((select id from symptoms where slug = 'nocturia'), (select id from medical_departments where slug = 'family-medicine')) on conflict (symptom_id, department_id) do nothing;
insert into symptom_guidance (symptom_id, see_doctor_soon, emergency) values ((select id from symptoms where slug = 'jaundice'), '眼白或皮膚變黃，建議盡快就醫檢查肝膽功能。', '合併發燒、劇烈腹痛、意識混亂或出血傾向，請急診。') on conflict (symptom_id) do update set see_doctor_soon = excluded.see_doctor_soon, emergency = excluded.emergency;
insert into symptom_departments (symptom_id, department_id) values ((select id from symptoms where slug = 'jaundice'), (select id from medical_departments where slug = 'hepatobiliary-gastroenterology')) on conflict (symptom_id, department_id) do nothing;
insert into symptom_departments (symptom_id, department_id) values ((select id from symptoms where slug = 'jaundice'), (select id from medical_departments where slug = 'gastroenterology')) on conflict (symptom_id, department_id) do nothing;
insert into symptom_guidance (symptom_id, see_doctor_soon, emergency) values ((select id from symptoms where slug = 'right-upper-abdominal-pain'), '右上腹痛反覆、飯後加重或合併噁心，建議就醫。', '劇烈右上腹痛、發燒、黃疸或持續嘔吐，請急診。') on conflict (symptom_id) do update set see_doctor_soon = excluded.see_doctor_soon, emergency = excluded.emergency;
insert into symptom_departments (symptom_id, department_id) values ((select id from symptoms where slug = 'right-upper-abdominal-pain'), (select id from medical_departments where slug = 'hepatobiliary-gastroenterology')) on conflict (symptom_id, department_id) do nothing;
insert into symptom_departments (symptom_id, department_id) values ((select id from symptoms where slug = 'right-upper-abdominal-pain'), (select id from medical_departments where slug = 'general-surgery')) on conflict (symptom_id, department_id) do nothing;
insert into symptom_departments (symptom_id, department_id) values ((select id from symptoms where slug = 'right-upper-abdominal-pain'), (select id from medical_departments where slug = 'family-medicine')) on conflict (symptom_id, department_id) do nothing;
insert into symptom_guidance (symptom_id, see_doctor_soon, emergency) values ((select id from symptoms where slug = 'loss-of-appetite'), '食慾不振持續超過一到兩週或合併體重下降，建議就醫。', '合併黃疸、劇烈腹痛、脫水或意識改變，請急診。') on conflict (symptom_id) do update set see_doctor_soon = excluded.see_doctor_soon, emergency = excluded.emergency;
insert into symptom_departments (symptom_id, department_id) values ((select id from symptoms where slug = 'loss-of-appetite'), (select id from medical_departments where slug = 'hepatobiliary-gastroenterology')) on conflict (symptom_id, department_id) do nothing;
insert into symptom_departments (symptom_id, department_id) values ((select id from symptoms where slug = 'loss-of-appetite'), (select id from medical_departments where slug = 'family-medicine')) on conflict (symptom_id, department_id) do nothing;
insert into symptom_guidance (symptom_id, see_doctor_soon, emergency) values ((select id from symptoms where slug = 'fatigue-liver'), '疲倦持續、合併尿色深或右上腹不適，建議檢查。', '合併黃疸、意識混亂、吐血或黑便，請急診。') on conflict (symptom_id) do update set see_doctor_soon = excluded.see_doctor_soon, emergency = excluded.emergency;
insert into symptom_departments (symptom_id, department_id) values ((select id from symptoms where slug = 'fatigue-liver'), (select id from medical_departments where slug = 'hepatobiliary-gastroenterology')) on conflict (symptom_id, department_id) do nothing;
insert into symptom_departments (symptom_id, department_id) values ((select id from symptoms where slug = 'fatigue-liver'), (select id from medical_departments where slug = 'family-medicine')) on conflict (symptom_id, department_id) do nothing;
insert into symptom_guidance (symptom_id, see_doctor_soon, emergency) values ((select id from symptoms where slug = 'dark-urine'), '尿色深持續、補水後仍未改善，建議就醫。', '合併黃疸、發燒、劇痛或血尿，請急診。') on conflict (symptom_id) do update set see_doctor_soon = excluded.see_doctor_soon, emergency = excluded.emergency;
insert into symptom_departments (symptom_id, department_id) values ((select id from symptoms where slug = 'dark-urine'), (select id from medical_departments where slug = 'hepatobiliary-gastroenterology')) on conflict (symptom_id, department_id) do nothing;
insert into symptom_departments (symptom_id, department_id) values ((select id from symptoms where slug = 'dark-urine'), (select id from medical_departments where slug = 'urology')) on conflict (symptom_id, department_id) do nothing;
insert into symptom_departments (symptom_id, department_id) values ((select id from symptoms where slug = 'dark-urine'), (select id from medical_departments where slug = 'family-medicine')) on conflict (symptom_id, department_id) do nothing;
insert into symptom_guidance (symptom_id, see_doctor_soon, emergency) values ((select id from symptoms where slug = 'unexplained-fatigue'), '不明疲倦持續、合併蒼白或活動喘，建議抽血評估。', '合併胸痛、呼吸困難、昏厥或意識改變，請急診。') on conflict (symptom_id) do update set see_doctor_soon = excluded.see_doctor_soon, emergency = excluded.emergency;
insert into symptom_departments (symptom_id, department_id) values ((select id from symptoms where slug = 'unexplained-fatigue'), (select id from medical_departments where slug = 'hematology-oncology')) on conflict (symptom_id, department_id) do nothing;
insert into symptom_departments (symptom_id, department_id) values ((select id from symptoms where slug = 'unexplained-fatigue'), (select id from medical_departments where slug = 'family-medicine')) on conflict (symptom_id, department_id) do nothing;
insert into symptom_guidance (symptom_id, see_doctor_soon, emergency) values ((select id from symptoms where slug = 'easy-bruising'), '容易瘀青、流血不止或瘀斑增加，建議檢查血球與凝血功能。', '大量出血、黑便、血尿或頭部外傷後瘀青，請急診。') on conflict (symptom_id) do update set see_doctor_soon = excluded.see_doctor_soon, emergency = excluded.emergency;
insert into symptom_departments (symptom_id, department_id) values ((select id from symptoms where slug = 'easy-bruising'), (select id from medical_departments where slug = 'hematology-oncology')) on conflict (symptom_id, department_id) do nothing;
insert into symptom_departments (symptom_id, department_id) values ((select id from symptoms where slug = 'easy-bruising'), (select id from medical_departments where slug = 'family-medicine')) on conflict (symptom_id, department_id) do nothing;
insert into symptom_guidance (symptom_id, see_doctor_soon, emergency) values ((select id from symptoms where slug = 'unexplained-fever'), '不明發燒超過數日或反覆發作，建議就醫。', '高燒合併意識改變、呼吸困難、紫斑或免疫低下，請急診。') on conflict (symptom_id) do update set see_doctor_soon = excluded.see_doctor_soon, emergency = excluded.emergency;
insert into symptom_departments (symptom_id, department_id) values ((select id from symptoms where slug = 'unexplained-fever'), (select id from medical_departments where slug = 'infectious-disease')) on conflict (symptom_id, department_id) do nothing;
insert into symptom_departments (symptom_id, department_id) values ((select id from symptoms where slug = 'unexplained-fever'), (select id from medical_departments where slug = 'hematology-oncology')) on conflict (symptom_id, department_id) do nothing;
insert into symptom_departments (symptom_id, department_id) values ((select id from symptoms where slug = 'unexplained-fever'), (select id from medical_departments where slug = 'family-medicine')) on conflict (symptom_id, department_id) do nothing;
insert into symptom_guidance (symptom_id, see_doctor_soon, emergency) values ((select id from symptoms where slug = 'weight-loss'), '非刻意體重下降明顯，建議安排檢查。', '合併嚴重虛弱、脫水、吐血黑便或呼吸困難，請急診。') on conflict (symptom_id) do update set see_doctor_soon = excluded.see_doctor_soon, emergency = excluded.emergency;
insert into symptom_departments (symptom_id, department_id) values ((select id from symptoms where slug = 'weight-loss'), (select id from medical_departments where slug = 'family-medicine')) on conflict (symptom_id, department_id) do nothing;
insert into symptom_departments (symptom_id, department_id) values ((select id from symptoms where slug = 'weight-loss'), (select id from medical_departments where slug = 'gastroenterology')) on conflict (symptom_id, department_id) do nothing;
insert into symptom_departments (symptom_id, department_id) values ((select id from symptoms where slug = 'weight-loss'), (select id from medical_departments where slug = 'hematology-oncology')) on conflict (symptom_id, department_id) do nothing;
insert into symptom_guidance (symptom_id, see_doctor_soon, emergency) values ((select id from symptoms where slug = 'night-sweats'), '夜間盜汗反覆、合併發燒或體重下降，建議就醫。', '合併持續高燒、呼吸困難或意識改變，請急診。') on conflict (symptom_id) do update set see_doctor_soon = excluded.see_doctor_soon, emergency = excluded.emergency;
insert into symptom_departments (symptom_id, department_id) values ((select id from symptoms where slug = 'night-sweats'), (select id from medical_departments where slug = 'family-medicine')) on conflict (symptom_id, department_id) do nothing;
insert into symptom_departments (symptom_id, department_id) values ((select id from symptoms where slug = 'night-sweats'), (select id from medical_departments where slug = 'infectious-disease')) on conflict (symptom_id, department_id) do nothing;
insert into symptom_departments (symptom_id, department_id) values ((select id from symptoms where slug = 'night-sweats'), (select id from medical_departments where slug = 'hematology-oncology')) on conflict (symptom_id, department_id) do nothing;
insert into symptom_guidance (symptom_id, see_doctor_soon, emergency) values ((select id from symptoms where slug = 'irregular-heartbeat'), '心跳不規則反覆、合併頭暈或胸悶，建議心電圖檢查。', '合併胸痛、昏厥、呼吸困難或持續心跳過快，請急診。') on conflict (symptom_id) do update set see_doctor_soon = excluded.see_doctor_soon, emergency = excluded.emergency;
insert into symptom_departments (symptom_id, department_id) values ((select id from symptoms where slug = 'irregular-heartbeat'), (select id from medical_departments where slug = 'cardiology')) on conflict (symptom_id, department_id) do nothing;
insert into symptom_departments (symptom_id, department_id) values ((select id from symptoms where slug = 'irregular-heartbeat'), (select id from medical_departments where slug = 'family-medicine')) on conflict (symptom_id, department_id) do nothing;
insert into symptom_guidance (symptom_id, see_doctor_soon, emergency) values ((select id from symptoms where slug = 'exercise-intolerance'), '活動能力明顯下降或活動後喘累，建議就醫。', '休息仍喘、胸痛、冒冷汗或嘴唇發紫，請急診。') on conflict (symptom_id) do update set see_doctor_soon = excluded.see_doctor_soon, emergency = excluded.emergency;
insert into symptom_departments (symptom_id, department_id) values ((select id from symptoms where slug = 'exercise-intolerance'), (select id from medical_departments where slug = 'cardiology')) on conflict (symptom_id, department_id) do nothing;
insert into symptom_departments (symptom_id, department_id) values ((select id from symptoms where slug = 'exercise-intolerance'), (select id from medical_departments where slug = 'pulmonology')) on conflict (symptom_id, department_id) do nothing;
insert into symptom_departments (symptom_id, department_id) values ((select id from symptoms where slug = 'exercise-intolerance'), (select id from medical_departments where slug = 'family-medicine')) on conflict (symptom_id, department_id) do nothing;
insert into symptom_guidance (symptom_id, see_doctor_soon, emergency) values ((select id from symptoms where slug = 'fainting'), '任何原因不明的昏厥都建議就醫評估。', '運動中昏厥、胸痛、心悸、呼吸困難或受傷，請立即急診。') on conflict (symptom_id) do update set see_doctor_soon = excluded.see_doctor_soon, emergency = excluded.emergency;
insert into symptom_departments (symptom_id, department_id) values ((select id from symptoms where slug = 'fainting'), (select id from medical_departments where slug = 'cardiology')) on conflict (symptom_id, department_id) do nothing;
insert into symptom_departments (symptom_id, department_id) values ((select id from symptoms where slug = 'fainting'), (select id from medical_departments where slug = 'neurology')) on conflict (symptom_id, department_id) do nothing;
insert into symptom_departments (symptom_id, department_id) values ((select id from symptoms where slug = 'fainting'), (select id from medical_departments where slug = 'family-medicine')) on conflict (symptom_id, department_id) do nothing;
insert into symptom_guidance (symptom_id, see_doctor_soon, emergency) values ((select id from symptoms where slug = 'chest-pressure-exertion'), '活動時胸壓感反覆，建議盡快心臟科評估。', '胸壓持續不退、冒冷汗、痛到左臂下巴或呼吸困難，請立即急診。') on conflict (symptom_id) do update set see_doctor_soon = excluded.see_doctor_soon, emergency = excluded.emergency;
insert into symptom_departments (symptom_id, department_id) values ((select id from symptoms where slug = 'chest-pressure-exertion'), (select id from medical_departments where slug = 'cardiology')) on conflict (symptom_id, department_id) do nothing;
insert into symptom_departments (symptom_id, department_id) values ((select id from symptoms where slug = 'chest-pressure-exertion'), (select id from medical_departments where slug = 'emergency-medicine')) on conflict (symptom_id, department_id) do nothing;
insert into symptom_guidance (symptom_id, see_doctor_soon, emergency) values ((select id from symptoms where slug = 'edema'), '下肢水腫持續、雙側明顯或合併喘，建議就醫。', '合併呼吸困難、胸痛、單側腿腫痛或突然惡化，請急診。') on conflict (symptom_id) do update set see_doctor_soon = excluded.see_doctor_soon, emergency = excluded.emergency;
insert into symptom_departments (symptom_id, department_id) values ((select id from symptoms where slug = 'edema'), (select id from medical_departments where slug = 'cardiology')) on conflict (symptom_id, department_id) do nothing;
insert into symptom_departments (symptom_id, department_id) values ((select id from symptoms where slug = 'edema'), (select id from medical_departments where slug = 'nephrology')) on conflict (symptom_id, department_id) do nothing;
insert into symptom_departments (symptom_id, department_id) values ((select id from symptoms where slug = 'edema'), (select id from medical_departments where slug = 'family-medicine')) on conflict (symptom_id, department_id) do nothing;
insert into symptom_guidance (symptom_id, see_doctor_soon, emergency) values ((select id from symptoms where slug = 'speech-difficulty'), '說話困難若逐漸出現或反覆，建議神經科評估。', '突然說話不清、臉歪、單側無力，請立即急診。') on conflict (symptom_id) do update set see_doctor_soon = excluded.see_doctor_soon, emergency = excluded.emergency;
insert into symptom_departments (symptom_id, department_id) values ((select id from symptoms where slug = 'speech-difficulty'), (select id from medical_departments where slug = 'neurology')) on conflict (symptom_id, department_id) do nothing;
insert into symptom_departments (symptom_id, department_id) values ((select id from symptoms where slug = 'speech-difficulty'), (select id from medical_departments where slug = 'emergency-medicine')) on conflict (symptom_id, department_id) do nothing;
insert into symptom_guidance (symptom_id, see_doctor_soon, emergency) values ((select id from symptoms where slug = 'one-side-weakness'), '單側無力即使短暫恢復，也建議盡快就醫。', '突然單側無力、臉歪、說話不清，請立即急診。') on conflict (symptom_id) do update set see_doctor_soon = excluded.see_doctor_soon, emergency = excluded.emergency;
insert into symptom_departments (symptom_id, department_id) values ((select id from symptoms where slug = 'one-side-weakness'), (select id from medical_departments where slug = 'neurology')) on conflict (symptom_id, department_id) do nothing;
insert into symptom_departments (symptom_id, department_id) values ((select id from symptoms where slug = 'one-side-weakness'), (select id from medical_departments where slug = 'emergency-medicine')) on conflict (symptom_id, department_id) do nothing;
insert into symptom_guidance (symptom_id, see_doctor_soon, emergency) values ((select id from symptoms where slug = 'memory-loss'), '記憶力下降持續影響生活，建議安排門診。', '突然混亂、意識改變、疑似中風症狀，請立即急診。') on conflict (symptom_id) do update set see_doctor_soon = excluded.see_doctor_soon, emergency = excluded.emergency;
insert into symptom_departments (symptom_id, department_id) values ((select id from symptoms where slug = 'memory-loss'), (select id from medical_departments where slug = 'neurology')) on conflict (symptom_id, department_id) do nothing;
insert into symptom_departments (symptom_id, department_id) values ((select id from symptoms where slug = 'memory-loss'), (select id from medical_departments where slug = 'psychiatry')) on conflict (symptom_id, department_id) do nothing;
insert into symptom_departments (symptom_id, department_id) values ((select id from symptoms where slug = 'memory-loss'), (select id from medical_departments where slug = 'family-medicine')) on conflict (symptom_id, department_id) do nothing;
insert into symptom_guidance (symptom_id, see_doctor_soon, emergency) values ((select id from symptoms where slug = 'tremor'), '手抖持續、影響動作或逐漸加重，建議神經科評估。', '合併單側無力、說話困難、意識改變，請急診。') on conflict (symptom_id) do update set see_doctor_soon = excluded.see_doctor_soon, emergency = excluded.emergency;
insert into symptom_departments (symptom_id, department_id) values ((select id from symptoms where slug = 'tremor'), (select id from medical_departments where slug = 'neurology')) on conflict (symptom_id, department_id) do nothing;
insert into symptom_departments (symptom_id, department_id) values ((select id from symptoms where slug = 'tremor'), (select id from medical_departments where slug = 'family-medicine')) on conflict (symptom_id, department_id) do nothing;
insert into symptom_guidance (symptom_id, see_doctor_soon, emergency) values ((select id from symptoms where slug = 'seizure'), '首次抽搐或反覆抽搐，建議盡快神經科評估。', '抽搐超過五分鐘、連續發作、受傷或懷孕，請立即急診。') on conflict (symptom_id) do update set see_doctor_soon = excluded.see_doctor_soon, emergency = excluded.emergency;
insert into symptom_departments (symptom_id, department_id) values ((select id from symptoms where slug = 'seizure'), (select id from medical_departments where slug = 'neurology')) on conflict (symptom_id, department_id) do nothing;
insert into symptom_departments (symptom_id, department_id) values ((select id from symptoms where slug = 'seizure'), (select id from medical_departments where slug = 'emergency-medicine')) on conflict (symptom_id, department_id) do nothing;
insert into symptom_guidance (symptom_id, see_doctor_soon, emergency) values ((select id from symptoms where slug = 'joint-deformity'), '關節變形、疼痛或功能變差，建議就醫。', '外傷後明顯變形、劇痛或無法活動，請急診。') on conflict (symptom_id) do update set see_doctor_soon = excluded.see_doctor_soon, emergency = excluded.emergency;
insert into symptom_departments (symptom_id, department_id) values ((select id from symptoms where slug = 'joint-deformity'), (select id from medical_departments where slug = 'orthopedics')) on conflict (symptom_id, department_id) do nothing;
insert into symptom_departments (symptom_id, department_id) values ((select id from symptoms where slug = 'joint-deformity'), (select id from medical_departments where slug = 'rheumatology-immunology')) on conflict (symptom_id, department_id) do nothing;
insert into symptom_guidance (symptom_id, see_doctor_soon, emergency) values ((select id from symptoms where slug = 'fracture-suspected'), '疑似骨折應盡快就醫照影像檢查。', '變形、開放性傷口、無法承重或末端發白發麻，請急診。') on conflict (symptom_id) do update set see_doctor_soon = excluded.see_doctor_soon, emergency = excluded.emergency;
insert into symptom_departments (symptom_id, department_id) values ((select id from symptoms where slug = 'fracture-suspected'), (select id from medical_departments where slug = 'orthopedics')) on conflict (symptom_id, department_id) do nothing;
insert into symptom_departments (symptom_id, department_id) values ((select id from symptoms where slug = 'fracture-suspected'), (select id from medical_departments where slug = 'emergency-medicine')) on conflict (symptom_id, department_id) do nothing;
insert into symptom_guidance (symptom_id, see_doctor_soon, emergency) values ((select id from symptoms where slug = 'limited-mobility'), '活動受限持續、疼痛或影響生活，建議評估。', '外傷後突然無法活動、劇痛或神經症狀，請急診。') on conflict (symptom_id) do update set see_doctor_soon = excluded.see_doctor_soon, emergency = excluded.emergency;
insert into symptom_departments (symptom_id, department_id) values ((select id from symptoms where slug = 'limited-mobility'), (select id from medical_departments where slug = 'orthopedics')) on conflict (symptom_id, department_id) do nothing;
insert into symptom_departments (symptom_id, department_id) values ((select id from symptoms where slug = 'limited-mobility'), (select id from medical_departments where slug = 'rehabilitation')) on conflict (symptom_id, department_id) do nothing;
insert into symptom_guidance (symptom_id, see_doctor_soon, emergency) values ((select id from symptoms where slug = 'bone-pain'), '骨頭痛持續、夜間痛或不明原因，建議就醫。', '合併發燒、外傷後劇痛、無法承重或癌症病史，請急診。') on conflict (symptom_id) do update set see_doctor_soon = excluded.see_doctor_soon, emergency = excluded.emergency;
insert into symptom_departments (symptom_id, department_id) values ((select id from symptoms where slug = 'bone-pain'), (select id from medical_departments where slug = 'orthopedics')) on conflict (symptom_id, department_id) do nothing;
insert into symptom_departments (symptom_id, department_id) values ((select id from symptoms where slug = 'bone-pain'), (select id from medical_departments where slug = 'family-medicine')) on conflict (symptom_id, department_id) do nothing;
insert into symptom_guidance (symptom_id, see_doctor_soon, emergency) values ((select id from symptoms where slug = 'morning-stiffness'), '晨僵反覆且超過三十分鐘，建議檢查發炎性關節疾病。', '合併高燒、關節劇痛或快速惡化，請急診。') on conflict (symptom_id) do update set see_doctor_soon = excluded.see_doctor_soon, emergency = excluded.emergency;
insert into symptom_departments (symptom_id, department_id) values ((select id from symptoms where slug = 'morning-stiffness'), (select id from medical_departments where slug = 'rheumatology-immunology')) on conflict (symptom_id, department_id) do nothing;
insert into symptom_departments (symptom_id, department_id) values ((select id from symptoms where slug = 'morning-stiffness'), (select id from medical_departments where slug = 'rehabilitation')) on conflict (symptom_id, department_id) do nothing;
insert into symptom_guidance (symptom_id, see_doctor_soon, emergency) values ((select id from symptoms where slug = 'skin-infection'), '紅腫熱痛、化膿或範圍擴大，建議就醫。', '發燒、紅線往上延伸、劇烈疼痛或免疫低下，請急診。') on conflict (symptom_id) do update set see_doctor_soon = excluded.see_doctor_soon, emergency = excluded.emergency;
insert into symptom_departments (symptom_id, department_id) values ((select id from symptoms where slug = 'skin-infection'), (select id from medical_departments where slug = 'dermatology')) on conflict (symptom_id, department_id) do nothing;
insert into symptom_departments (symptom_id, department_id) values ((select id from symptoms where slug = 'skin-infection'), (select id from medical_departments where slug = 'general-surgery')) on conflict (symptom_id, department_id) do nothing;
insert into symptom_departments (symptom_id, department_id) values ((select id from symptoms where slug = 'skin-infection'), (select id from medical_departments where slug = 'family-medicine')) on conflict (symptom_id, department_id) do nothing;
insert into symptom_guidance (symptom_id, see_doctor_soon, emergency) values ((select id from symptoms where slug = 'eczema-flare'), '濕疹惡化、反覆搔癢或滲液，建議皮膚科治療。', '大範圍紅腫疼痛、發燒或疑似感染擴散，請急診。') on conflict (symptom_id) do update set see_doctor_soon = excluded.see_doctor_soon, emergency = excluded.emergency;
insert into symptom_departments (symptom_id, department_id) values ((select id from symptoms where slug = 'eczema-flare'), (select id from medical_departments where slug = 'dermatology')) on conflict (symptom_id, department_id) do nothing;
insert into symptom_departments (symptom_id, department_id) values ((select id from symptoms where slug = 'eczema-flare'), (select id from medical_departments where slug = 'family-medicine')) on conflict (symptom_id, department_id) do nothing;
insert into symptom_guidance (symptom_id, see_doctor_soon, emergency) values ((select id from symptoms where slug = 'fungal-infection'), '疑似黴菌感染持續、擴大或反覆，建議就醫。', '若合併快速紅腫熱痛、發燒或糖尿病足部感染，請急診。') on conflict (symptom_id) do update set see_doctor_soon = excluded.see_doctor_soon, emergency = excluded.emergency;
insert into symptom_departments (symptom_id, department_id) values ((select id from symptoms where slug = 'fungal-infection'), (select id from medical_departments where slug = 'dermatology')) on conflict (symptom_id, department_id) do nothing;
insert into symptom_departments (symptom_id, department_id) values ((select id from symptoms where slug = 'fungal-infection'), (select id from medical_departments where slug = 'family-medicine')) on conflict (symptom_id, department_id) do nothing;
insert into symptom_guidance (symptom_id, see_doctor_soon, emergency) values ((select id from symptoms where slug = 'hair-loss'), '掉髮持續、局部禿髮或合併頭皮發炎，建議就醫。', '合併嚴重頭皮感染、發燒或快速腫痛，請急診。') on conflict (symptom_id) do update set see_doctor_soon = excluded.see_doctor_soon, emergency = excluded.emergency;
insert into symptom_departments (symptom_id, department_id) values ((select id from symptoms where slug = 'hair-loss'), (select id from medical_departments where slug = 'dermatology')) on conflict (symptom_id, department_id) do nothing;
insert into symptom_departments (symptom_id, department_id) values ((select id from symptoms where slug = 'hair-loss'), (select id from medical_departments where slug = 'family-medicine')) on conflict (symptom_id, department_id) do nothing;
insert into symptom_guidance (symptom_id, see_doctor_soon, emergency) values ((select id from symptoms where slug = 'skin-pigmentation'), '色素變化持續、擴大或形狀不規則，建議皮膚科評估。', '黑痣快速變大、出血、潰瘍或顏色形狀快速改變，請盡快就醫。') on conflict (symptom_id) do update set see_doctor_soon = excluded.see_doctor_soon, emergency = excluded.emergency;
insert into symptom_departments (symptom_id, department_id) values ((select id from symptoms where slug = 'skin-pigmentation'), (select id from medical_departments where slug = 'dermatology')) on conflict (symptom_id, department_id) do nothing;

insert into red_flags (slug, description) values ('altered-consciousness', '意識改變、混亂或反應明顯變慢') on conflict (slug) do update set description = excluded.description;
insert into red_flags (slug, description) values ('shortness-of-breath', '呼吸困難、喘到無法說完整句子或嘴唇發紫') on conflict (slug) do update set description = excluded.description;
insert into red_flags (slug, description) values ('one-sided-weakness', '單側無力、臉歪、說話不清或疑似中風症狀') on conflict (slug) do update set description = excluded.description;
insert into red_flags (slug, description) values ('severe-chest-pain', '壓迫性胸痛、冒冷汗、疼痛延伸到左臂或下巴') on conflict (slug) do update set description = excluded.description;
insert into red_flags (slug, description) values ('severe-headache', '突然劇烈頭痛或此生最嚴重頭痛') on conflict (slug) do update set description = excluded.description;
insert into red_flags (slug, description) values ('high-fever', '高燒不退、發燒合併劇痛或嚴重感染跡象') on conflict (slug) do update set description = excluded.description;
insert into red_flags (slug, description) values ('major-bleeding', '大量出血、吐血、黑便、血尿量多或出血不止') on conflict (slug) do update set description = excluded.description;
insert into red_flags (slug, description) values ('severe-abdominal-pain', '劇烈腹痛、腹部變硬或持續嘔吐') on conflict (slug) do update set description = excluded.description;
insert into red_flags (slug, description) values ('vision-loss', '突然視力喪失、視野缺損或劇烈眼痛') on conflict (slug) do update set description = excluded.description;
insert into red_flags (slug, description) values ('urine-retention', '完全尿不出來或尿滯留合併疼痛') on conflict (slug) do update set description = excluded.description;
insert into red_flags (slug, description) values ('seizure', '抽搐超過五分鐘、連續發作或首次抽搐') on conflict (slug) do update set description = excluded.description;
insert into red_flags (slug, description) values ('major-trauma', '重大外傷、疑似骨折、變形或無法承重') on conflict (slug) do update set description = excluded.description;
insert into red_flags (slug, description) values ('severe-allergy', '嘴唇舌頭腫、喉嚨緊、喘或嚴重過敏反應') on conflict (slug) do update set description = excluded.description;
insert into red_flags (slug, description) values ('rapid-swelling', '快速腫大、紅腫熱痛擴散或疑似深部感染') on conflict (slug) do update set description = excluded.description;

insert into symptom_red_flags (symptom_id, red_flag_id) values ((select id from symptoms where slug = 'headache'), (select id from red_flags where slug = 'altered-consciousness')) on conflict (symptom_id, red_flag_id) do nothing;
insert into symptom_red_flags (symptom_id, red_flag_id) values ((select id from symptoms where slug = 'headache'), (select id from red_flags where slug = 'one-sided-weakness')) on conflict (symptom_id, red_flag_id) do nothing;
insert into symptom_red_flags (symptom_id, red_flag_id) values ((select id from symptoms where slug = 'headache'), (select id from red_flags where slug = 'severe-headache')) on conflict (symptom_id, red_flag_id) do nothing;
insert into symptom_red_flags (symptom_id, red_flag_id) values ((select id from symptoms where slug = 'headache'), (select id from red_flags where slug = 'high-fever')) on conflict (symptom_id, red_flag_id) do nothing;
insert into symptom_red_flags (symptom_id, red_flag_id) values ((select id from symptoms where slug = 'dizziness'), (select id from red_flags where slug = 'altered-consciousness')) on conflict (symptom_id, red_flag_id) do nothing;
insert into symptom_red_flags (symptom_id, red_flag_id) values ((select id from symptoms where slug = 'dizziness'), (select id from red_flags where slug = 'one-sided-weakness')) on conflict (symptom_id, red_flag_id) do nothing;
insert into symptom_red_flags (symptom_id, red_flag_id) values ((select id from symptoms where slug = 'dizziness'), (select id from red_flags where slug = 'severe-chest-pain')) on conflict (symptom_id, red_flag_id) do nothing;
insert into symptom_red_flags (symptom_id, red_flag_id) values ((select id from symptoms where slug = 'migraine'), (select id from red_flags where slug = 'severe-headache')) on conflict (symptom_id, red_flag_id) do nothing;
insert into symptom_red_flags (symptom_id, red_flag_id) values ((select id from symptoms where slug = 'migraine'), (select id from red_flags where slug = 'major-trauma')) on conflict (symptom_id, red_flag_id) do nothing;
insert into symptom_red_flags (symptom_id, red_flag_id) values ((select id from symptoms where slug = 'brain-fog'), (select id from red_flags where slug = 'altered-consciousness')) on conflict (symptom_id, red_flag_id) do nothing;
insert into symptom_red_flags (symptom_id, red_flag_id) values ((select id from symptoms where slug = 'brain-fog'), (select id from red_flags where slug = 'one-sided-weakness')) on conflict (symptom_id, red_flag_id) do nothing;
insert into symptom_red_flags (symptom_id, red_flag_id) values ((select id from symptoms where slug = 'scalp-pain'), (select id from red_flags where slug = 'severe-headache')) on conflict (symptom_id, red_flag_id) do nothing;
insert into symptom_red_flags (symptom_id, red_flag_id) values ((select id from symptoms where slug = 'scalp-pain'), (select id from red_flags where slug = 'high-fever')) on conflict (symptom_id, red_flag_id) do nothing;
insert into symptom_red_flags (symptom_id, red_flag_id) values ((select id from symptoms where slug = 'scalp-pain'), (select id from red_flags where slug = 'major-trauma')) on conflict (symptom_id, red_flag_id) do nothing;
insert into symptom_red_flags (symptom_id, red_flag_id) values ((select id from symptoms where slug = 'red-eye'), (select id from red_flags where slug = 'vision-loss')) on conflict (symptom_id, red_flag_id) do nothing;
insert into symptom_red_flags (symptom_id, red_flag_id) values ((select id from symptoms where slug = 'red-eye'), (select id from red_flags where slug = 'major-trauma')) on conflict (symptom_id, red_flag_id) do nothing;
insert into symptom_red_flags (symptom_id, red_flag_id) values ((select id from symptoms where slug = 'eye-pain'), (select id from red_flags where slug = 'vision-loss')) on conflict (symptom_id, red_flag_id) do nothing;
insert into symptom_red_flags (symptom_id, red_flag_id) values ((select id from symptoms where slug = 'blurred-vision'), (select id from red_flags where slug = 'vision-loss')) on conflict (symptom_id, red_flag_id) do nothing;
insert into symptom_red_flags (symptom_id, red_flag_id) values ((select id from symptoms where slug = 'dry-eyes'), (select id from red_flags where slug = 'vision-loss')) on conflict (symptom_id, red_flag_id) do nothing;
insert into symptom_red_flags (symptom_id, red_flag_id) values ((select id from symptoms where slug = 'floaters'), (select id from red_flags where slug = 'vision-loss')) on conflict (symptom_id, red_flag_id) do nothing;
insert into symptom_red_flags (symptom_id, red_flag_id) values ((select id from symptoms where slug = 'ear-pain'), (select id from red_flags where slug = 'one-sided-weakness')) on conflict (symptom_id, red_flag_id) do nothing;
insert into symptom_red_flags (symptom_id, red_flag_id) values ((select id from symptoms where slug = 'ear-pain'), (select id from red_flags where slug = 'severe-headache')) on conflict (symptom_id, red_flag_id) do nothing;
insert into symptom_red_flags (symptom_id, red_flag_id) values ((select id from symptoms where slug = 'ear-pain'), (select id from red_flags where slug = 'high-fever')) on conflict (symptom_id, red_flag_id) do nothing;
insert into symptom_red_flags (symptom_id, red_flag_id) values ((select id from symptoms where slug = 'hearing-loss'), (select id from red_flags where slug = 'one-sided-weakness')) on conflict (symptom_id, red_flag_id) do nothing;
insert into symptom_red_flags (symptom_id, red_flag_id) values ((select id from symptoms where slug = 'vertigo'), (select id from red_flags where slug = 'altered-consciousness')) on conflict (symptom_id, red_flag_id) do nothing;
insert into symptom_red_flags (symptom_id, red_flag_id) values ((select id from symptoms where slug = 'vertigo'), (select id from red_flags where slug = 'one-sided-weakness')) on conflict (symptom_id, red_flag_id) do nothing;
insert into symptom_red_flags (symptom_id, red_flag_id) values ((select id from symptoms where slug = 'vertigo'), (select id from red_flags where slug = 'severe-chest-pain')) on conflict (symptom_id, red_flag_id) do nothing;
insert into symptom_red_flags (symptom_id, red_flag_id) values ((select id from symptoms where slug = 'nasal-congestion'), (select id from red_flags where slug = 'altered-consciousness')) on conflict (symptom_id, red_flag_id) do nothing;
insert into symptom_red_flags (symptom_id, red_flag_id) values ((select id from symptoms where slug = 'nasal-congestion'), (select id from red_flags where slug = 'high-fever')) on conflict (symptom_id, red_flag_id) do nothing;
insert into symptom_red_flags (symptom_id, red_flag_id) values ((select id from symptoms where slug = 'runny-nose'), (select id from red_flags where slug = 'major-trauma')) on conflict (symptom_id, red_flag_id) do nothing;
insert into symptom_red_flags (symptom_id, red_flag_id) values ((select id from symptoms where slug = 'nosebleed'), (select id from red_flags where slug = 'major-bleeding')) on conflict (symptom_id, red_flag_id) do nothing;
insert into symptom_red_flags (symptom_id, red_flag_id) values ((select id from symptoms where slug = 'sinus-pain'), (select id from red_flags where slug = 'severe-headache')) on conflict (symptom_id, red_flag_id) do nothing;
insert into symptom_red_flags (symptom_id, red_flag_id) values ((select id from symptoms where slug = 'sinus-pain'), (select id from red_flags where slug = 'high-fever')) on conflict (symptom_id, red_flag_id) do nothing;
insert into symptom_red_flags (symptom_id, red_flag_id) values ((select id from symptoms where slug = 'sinus-pain'), (select id from red_flags where slug = 'vision-loss')) on conflict (symptom_id, red_flag_id) do nothing;
insert into symptom_red_flags (symptom_id, red_flag_id) values ((select id from symptoms where slug = 'smell-loss'), (select id from red_flags where slug = 'major-trauma')) on conflict (symptom_id, red_flag_id) do nothing;
insert into symptom_red_flags (symptom_id, red_flag_id) values ((select id from symptoms where slug = 'sore-throat'), (select id from red_flags where slug = 'shortness-of-breath')) on conflict (symptom_id, red_flag_id) do nothing;
insert into symptom_red_flags (symptom_id, red_flag_id) values ((select id from symptoms where slug = 'difficulty-swallowing'), (select id from red_flags where slug = 'shortness-of-breath')) on conflict (symptom_id, red_flag_id) do nothing;
insert into symptom_red_flags (symptom_id, red_flag_id) values ((select id from symptoms where slug = 'hoarseness'), (select id from red_flags where slug = 'shortness-of-breath')) on conflict (symptom_id, red_flag_id) do nothing;
insert into symptom_red_flags (symptom_id, red_flag_id) values ((select id from symptoms where slug = 'hoarseness'), (select id from red_flags where slug = 'rapid-swelling')) on conflict (symptom_id, red_flag_id) do nothing;
insert into symptom_red_flags (symptom_id, red_flag_id) values ((select id from symptoms where slug = 'throat-lump'), (select id from red_flags where slug = 'shortness-of-breath')) on conflict (symptom_id, red_flag_id) do nothing;
insert into symptom_red_flags (symptom_id, red_flag_id) values ((select id from symptoms where slug = 'throat-lump'), (select id from red_flags where slug = 'rapid-swelling')) on conflict (symptom_id, red_flag_id) do nothing;
insert into symptom_red_flags (symptom_id, red_flag_id) values ((select id from symptoms where slug = 'chronic-cough'), (select id from red_flags where slug = 'shortness-of-breath')) on conflict (symptom_id, red_flag_id) do nothing;
insert into symptom_red_flags (symptom_id, red_flag_id) values ((select id from symptoms where slug = 'chronic-cough'), (select id from red_flags where slug = 'severe-chest-pain')) on conflict (symptom_id, red_flag_id) do nothing;
insert into symptom_red_flags (symptom_id, red_flag_id) values ((select id from symptoms where slug = 'chronic-cough'), (select id from red_flags where slug = 'high-fever')) on conflict (symptom_id, red_flag_id) do nothing;
insert into symptom_red_flags (symptom_id, red_flag_id) values ((select id from symptoms where slug = 'chronic-cough'), (select id from red_flags where slug = 'major-bleeding')) on conflict (symptom_id, red_flag_id) do nothing;
insert into symptom_red_flags (symptom_id, red_flag_id) values ((select id from symptoms where slug = 'chest-pain'), (select id from red_flags where slug = 'shortness-of-breath')) on conflict (symptom_id, red_flag_id) do nothing;
insert into symptom_red_flags (symptom_id, red_flag_id) values ((select id from symptoms where slug = 'chest-pain'), (select id from red_flags where slug = 'severe-chest-pain')) on conflict (symptom_id, red_flag_id) do nothing;
insert into symptom_red_flags (symptom_id, red_flag_id) values ((select id from symptoms where slug = 'chest-tightness'), (select id from red_flags where slug = 'shortness-of-breath')) on conflict (symptom_id, red_flag_id) do nothing;
insert into symptom_red_flags (symptom_id, red_flag_id) values ((select id from symptoms where slug = 'chest-tightness'), (select id from red_flags where slug = 'severe-chest-pain')) on conflict (symptom_id, red_flag_id) do nothing;
insert into symptom_red_flags (symptom_id, red_flag_id) values ((select id from symptoms where slug = 'palpitations'), (select id from red_flags where slug = 'shortness-of-breath')) on conflict (symptom_id, red_flag_id) do nothing;
insert into symptom_red_flags (symptom_id, red_flag_id) values ((select id from symptoms where slug = 'palpitations'), (select id from red_flags where slug = 'severe-chest-pain')) on conflict (symptom_id, red_flag_id) do nothing;
insert into symptom_red_flags (symptom_id, red_flag_id) values ((select id from symptoms where slug = 'shortness-of-breath'), (select id from red_flags where slug = 'altered-consciousness')) on conflict (symptom_id, red_flag_id) do nothing;
insert into symptom_red_flags (symptom_id, red_flag_id) values ((select id from symptoms where slug = 'shortness-of-breath'), (select id from red_flags where slug = 'shortness-of-breath')) on conflict (symptom_id, red_flag_id) do nothing;
insert into symptom_red_flags (symptom_id, red_flag_id) values ((select id from symptoms where slug = 'shortness-of-breath'), (select id from red_flags where slug = 'severe-chest-pain')) on conflict (symptom_id, red_flag_id) do nothing;
insert into symptom_red_flags (symptom_id, red_flag_id) values ((select id from symptoms where slug = 'shortness-of-breath'), (select id from red_flags where slug = 'severe-allergy')) on conflict (symptom_id, red_flag_id) do nothing;
insert into symptom_red_flags (symptom_id, red_flag_id) values ((select id from symptoms where slug = 'cough'), (select id from red_flags where slug = 'shortness-of-breath')) on conflict (symptom_id, red_flag_id) do nothing;
insert into symptom_red_flags (symptom_id, red_flag_id) values ((select id from symptoms where slug = 'cough'), (select id from red_flags where slug = 'severe-chest-pain')) on conflict (symptom_id, red_flag_id) do nothing;
insert into symptom_red_flags (symptom_id, red_flag_id) values ((select id from symptoms where slug = 'cough'), (select id from red_flags where slug = 'high-fever')) on conflict (symptom_id, red_flag_id) do nothing;
insert into symptom_red_flags (symptom_id, red_flag_id) values ((select id from symptoms where slug = 'cough'), (select id from red_flags where slug = 'major-bleeding')) on conflict (symptom_id, red_flag_id) do nothing;
insert into symptom_red_flags (symptom_id, red_flag_id) values ((select id from symptoms where slug = 'stomach-pain'), (select id from red_flags where slug = 'severe-chest-pain')) on conflict (symptom_id, red_flag_id) do nothing;
insert into symptom_red_flags (symptom_id, red_flag_id) values ((select id from symptoms where slug = 'stomach-pain'), (select id from red_flags where slug = 'major-bleeding')) on conflict (symptom_id, red_flag_id) do nothing;
insert into symptom_red_flags (symptom_id, red_flag_id) values ((select id from symptoms where slug = 'stomach-pain'), (select id from red_flags where slug = 'severe-abdominal-pain')) on conflict (symptom_id, red_flag_id) do nothing;
insert into symptom_red_flags (symptom_id, red_flag_id) values ((select id from symptoms where slug = 'bloating'), (select id from red_flags where slug = 'severe-abdominal-pain')) on conflict (symptom_id, red_flag_id) do nothing;
insert into symptom_red_flags (symptom_id, red_flag_id) values ((select id from symptoms where slug = 'diarrhea'), (select id from red_flags where slug = 'altered-consciousness')) on conflict (symptom_id, red_flag_id) do nothing;
insert into symptom_red_flags (symptom_id, red_flag_id) values ((select id from symptoms where slug = 'diarrhea'), (select id from red_flags where slug = 'high-fever')) on conflict (symptom_id, red_flag_id) do nothing;
insert into symptom_red_flags (symptom_id, red_flag_id) values ((select id from symptoms where slug = 'diarrhea'), (select id from red_flags where slug = 'major-bleeding')) on conflict (symptom_id, red_flag_id) do nothing;
insert into symptom_red_flags (symptom_id, red_flag_id) values ((select id from symptoms where slug = 'constipation'), (select id from red_flags where slug = 'severe-abdominal-pain')) on conflict (symptom_id, red_flag_id) do nothing;
insert into symptom_red_flags (symptom_id, red_flag_id) values ((select id from symptoms where slug = 'nausea-vomiting'), (select id from red_flags where slug = 'major-bleeding')) on conflict (symptom_id, red_flag_id) do nothing;
insert into symptom_red_flags (symptom_id, red_flag_id) values ((select id from symptoms where slug = 'nausea-vomiting'), (select id from red_flags where slug = 'severe-abdominal-pain')) on conflict (symptom_id, red_flag_id) do nothing;
insert into symptom_red_flags (symptom_id, red_flag_id) values ((select id from symptoms where slug = 'nausea-vomiting'), (select id from red_flags where slug = 'major-trauma')) on conflict (symptom_id, red_flag_id) do nothing;
insert into symptom_red_flags (symptom_id, red_flag_id) values ((select id from symptoms where slug = 'lower-back-pain'), (select id from red_flags where slug = 'one-sided-weakness')) on conflict (symptom_id, red_flag_id) do nothing;
insert into symptom_red_flags (symptom_id, red_flag_id) values ((select id from symptoms where slug = 'lower-back-pain'), (select id from red_flags where slug = 'major-trauma')) on conflict (symptom_id, red_flag_id) do nothing;
insert into symptom_red_flags (symptom_id, red_flag_id) values ((select id from symptoms where slug = 'upper-back-pain'), (select id from red_flags where slug = 'shortness-of-breath')) on conflict (symptom_id, red_flag_id) do nothing;
insert into symptom_red_flags (symptom_id, red_flag_id) values ((select id from symptoms where slug = 'upper-back-pain'), (select id from red_flags where slug = 'severe-chest-pain')) on conflict (symptom_id, red_flag_id) do nothing;
insert into symptom_red_flags (symptom_id, red_flag_id) values ((select id from symptoms where slug = 'upper-back-pain'), (select id from red_flags where slug = 'high-fever')) on conflict (symptom_id, red_flag_id) do nothing;
insert into symptom_red_flags (symptom_id, red_flag_id) values ((select id from symptoms where slug = 'upper-back-pain'), (select id from red_flags where slug = 'major-trauma')) on conflict (symptom_id, red_flag_id) do nothing;
insert into symptom_red_flags (symptom_id, red_flag_id) values ((select id from symptoms where slug = 'shoulder-blade-pain'), (select id from red_flags where slug = 'shortness-of-breath')) on conflict (symptom_id, red_flag_id) do nothing;
insert into symptom_red_flags (symptom_id, red_flag_id) values ((select id from symptoms where slug = 'shoulder-blade-pain'), (select id from red_flags where slug = 'severe-chest-pain')) on conflict (symptom_id, red_flag_id) do nothing;
insert into symptom_red_flags (symptom_id, red_flag_id) values ((select id from symptoms where slug = 'shoulder-blade-pain'), (select id from red_flags where slug = 'major-trauma')) on conflict (symptom_id, red_flag_id) do nothing;
insert into symptom_red_flags (symptom_id, red_flag_id) values ((select id from symptoms where slug = 'back-stiffness'), (select id from red_flags where slug = 'high-fever')) on conflict (symptom_id, red_flag_id) do nothing;
insert into symptom_red_flags (symptom_id, red_flag_id) values ((select id from symptoms where slug = 'back-stiffness'), (select id from red_flags where slug = 'major-trauma')) on conflict (symptom_id, red_flag_id) do nothing;
insert into symptom_red_flags (symptom_id, red_flag_id) values ((select id from symptoms where slug = 'back-pain-numbness'), (select id from red_flags where slug = 'one-sided-weakness')) on conflict (symptom_id, red_flag_id) do nothing;
insert into symptom_red_flags (symptom_id, red_flag_id) values ((select id from symptoms where slug = 'knee-pain'), (select id from red_flags where slug = 'major-trauma')) on conflict (symptom_id, red_flag_id) do nothing;
insert into symptom_red_flags (symptom_id, red_flag_id) values ((select id from symptoms where slug = 'wrist-pain'), (select id from red_flags where slug = 'major-trauma')) on conflict (symptom_id, red_flag_id) do nothing;
insert into symptom_red_flags (symptom_id, red_flag_id) values ((select id from symptoms where slug = 'ankle-pain'), (select id from red_flags where slug = 'major-trauma')) on conflict (symptom_id, red_flag_id) do nothing;
insert into symptom_red_flags (symptom_id, red_flag_id) values ((select id from symptoms where slug = 'ankle-pain'), (select id from red_flags where slug = 'rapid-swelling')) on conflict (symptom_id, red_flag_id) do nothing;
insert into symptom_red_flags (symptom_id, red_flag_id) values ((select id from symptoms where slug = 'joint-swelling'), (select id from red_flags where slug = 'high-fever')) on conflict (symptom_id, red_flag_id) do nothing;
insert into symptom_red_flags (symptom_id, red_flag_id) values ((select id from symptoms where slug = 'joint-swelling'), (select id from red_flags where slug = 'major-trauma')) on conflict (symptom_id, red_flag_id) do nothing;
insert into symptom_red_flags (symptom_id, red_flag_id) values ((select id from symptoms where slug = 'joint-clicking'), (select id from red_flags where slug = 'major-trauma')) on conflict (symptom_id, red_flag_id) do nothing;
insert into symptom_red_flags (symptom_id, red_flag_id) values ((select id from symptoms where slug = 'rash'), (select id from red_flags where slug = 'shortness-of-breath')) on conflict (symptom_id, red_flag_id) do nothing;
insert into symptom_red_flags (symptom_id, red_flag_id) values ((select id from symptoms where slug = 'rash'), (select id from red_flags where slug = 'high-fever')) on conflict (symptom_id, red_flag_id) do nothing;
insert into symptom_red_flags (symptom_id, red_flag_id) values ((select id from symptoms where slug = 'rash'), (select id from red_flags where slug = 'severe-allergy')) on conflict (symptom_id, red_flag_id) do nothing;
insert into symptom_red_flags (symptom_id, red_flag_id) values ((select id from symptoms where slug = 'itching'), (select id from red_flags where slug = 'altered-consciousness')) on conflict (symptom_id, red_flag_id) do nothing;
insert into symptom_red_flags (symptom_id, red_flag_id) values ((select id from symptoms where slug = 'itching'), (select id from red_flags where slug = 'shortness-of-breath')) on conflict (symptom_id, red_flag_id) do nothing;
insert into symptom_red_flags (symptom_id, red_flag_id) values ((select id from symptoms where slug = 'itching'), (select id from red_flags where slug = 'severe-allergy')) on conflict (symptom_id, red_flag_id) do nothing;
insert into symptom_red_flags (symptom_id, red_flag_id) values ((select id from symptoms where slug = 'blisters'), (select id from red_flags where slug = 'high-fever')) on conflict (symptom_id, red_flag_id) do nothing;
insert into symptom_red_flags (symptom_id, red_flag_id) values ((select id from symptoms where slug = 'acne'), (select id from red_flags where slug = 'high-fever')) on conflict (symptom_id, red_flag_id) do nothing;
insert into symptom_red_flags (symptom_id, red_flag_id) values ((select id from symptoms where slug = 'acne'), (select id from red_flags where slug = 'rapid-swelling')) on conflict (symptom_id, red_flag_id) do nothing;
insert into symptom_red_flags (symptom_id, red_flag_id) values ((select id from symptoms where slug = 'unknown-lump'), (select id from red_flags where slug = 'high-fever')) on conflict (symptom_id, red_flag_id) do nothing;
insert into symptom_red_flags (symptom_id, red_flag_id) values ((select id from symptoms where slug = 'unknown-lump'), (select id from red_flags where slug = 'rapid-swelling')) on conflict (symptom_id, red_flag_id) do nothing;
insert into symptom_red_flags (symptom_id, red_flag_id) values ((select id from symptoms where slug = 'frequent-urination'), (select id from red_flags where slug = 'altered-consciousness')) on conflict (symptom_id, red_flag_id) do nothing;
insert into symptom_red_flags (symptom_id, red_flag_id) values ((select id from symptoms where slug = 'frequent-urination'), (select id from red_flags where slug = 'high-fever')) on conflict (symptom_id, red_flag_id) do nothing;
insert into symptom_red_flags (symptom_id, red_flag_id) values ((select id from symptoms where slug = 'frequent-urination'), (select id from red_flags where slug = 'major-bleeding')) on conflict (symptom_id, red_flag_id) do nothing;
insert into symptom_red_flags (symptom_id, red_flag_id) values ((select id from symptoms where slug = 'painful-urination'), (select id from red_flags where slug = 'high-fever')) on conflict (symptom_id, red_flag_id) do nothing;
insert into symptom_red_flags (symptom_id, red_flag_id) values ((select id from symptoms where slug = 'painful-urination'), (select id from red_flags where slug = 'major-bleeding')) on conflict (symptom_id, red_flag_id) do nothing;
insert into symptom_red_flags (symptom_id, red_flag_id) values ((select id from symptoms where slug = 'blood-in-urine'), (select id from red_flags where slug = 'major-bleeding')) on conflict (symptom_id, red_flag_id) do nothing;
insert into symptom_red_flags (symptom_id, red_flag_id) values ((select id from symptoms where slug = 'blood-in-urine'), (select id from red_flags where slug = 'urine-retention')) on conflict (symptom_id, red_flag_id) do nothing;
insert into symptom_red_flags (symptom_id, red_flag_id) values ((select id from symptoms where slug = 'urine-retention'), (select id from red_flags where slug = 'high-fever')) on conflict (symptom_id, red_flag_id) do nothing;
insert into symptom_red_flags (symptom_id, red_flag_id) values ((select id from symptoms where slug = 'urine-retention'), (select id from red_flags where slug = 'urine-retention')) on conflict (symptom_id, red_flag_id) do nothing;
insert into symptom_red_flags (symptom_id, red_flag_id) values ((select id from symptoms where slug = 'nocturia'), (select id from red_flags where slug = 'altered-consciousness')) on conflict (symptom_id, red_flag_id) do nothing;
insert into symptom_red_flags (symptom_id, red_flag_id) values ((select id from symptoms where slug = 'nocturia'), (select id from red_flags where slug = 'shortness-of-breath')) on conflict (symptom_id, red_flag_id) do nothing;
insert into symptom_red_flags (symptom_id, red_flag_id) values ((select id from symptoms where slug = 'jaundice'), (select id from red_flags where slug = 'altered-consciousness')) on conflict (symptom_id, red_flag_id) do nothing;
insert into symptom_red_flags (symptom_id, red_flag_id) values ((select id from symptoms where slug = 'jaundice'), (select id from red_flags where slug = 'high-fever')) on conflict (symptom_id, red_flag_id) do nothing;
insert into symptom_red_flags (symptom_id, red_flag_id) values ((select id from symptoms where slug = 'jaundice'), (select id from red_flags where slug = 'major-bleeding')) on conflict (symptom_id, red_flag_id) do nothing;
insert into symptom_red_flags (symptom_id, red_flag_id) values ((select id from symptoms where slug = 'jaundice'), (select id from red_flags where slug = 'severe-abdominal-pain')) on conflict (symptom_id, red_flag_id) do nothing;
insert into symptom_red_flags (symptom_id, red_flag_id) values ((select id from symptoms where slug = 'right-upper-abdominal-pain'), (select id from red_flags where slug = 'high-fever')) on conflict (symptom_id, red_flag_id) do nothing;
insert into symptom_red_flags (symptom_id, red_flag_id) values ((select id from symptoms where slug = 'right-upper-abdominal-pain'), (select id from red_flags where slug = 'severe-abdominal-pain')) on conflict (symptom_id, red_flag_id) do nothing;
insert into symptom_red_flags (symptom_id, red_flag_id) values ((select id from symptoms where slug = 'loss-of-appetite'), (select id from red_flags where slug = 'altered-consciousness')) on conflict (symptom_id, red_flag_id) do nothing;
insert into symptom_red_flags (symptom_id, red_flag_id) values ((select id from symptoms where slug = 'loss-of-appetite'), (select id from red_flags where slug = 'severe-abdominal-pain')) on conflict (symptom_id, red_flag_id) do nothing;
insert into symptom_red_flags (symptom_id, red_flag_id) values ((select id from symptoms where slug = 'fatigue-liver'), (select id from red_flags where slug = 'altered-consciousness')) on conflict (symptom_id, red_flag_id) do nothing;
insert into symptom_red_flags (symptom_id, red_flag_id) values ((select id from symptoms where slug = 'fatigue-liver'), (select id from red_flags where slug = 'major-bleeding')) on conflict (symptom_id, red_flag_id) do nothing;
insert into symptom_red_flags (symptom_id, red_flag_id) values ((select id from symptoms where slug = 'dark-urine'), (select id from red_flags where slug = 'high-fever')) on conflict (symptom_id, red_flag_id) do nothing;
insert into symptom_red_flags (symptom_id, red_flag_id) values ((select id from symptoms where slug = 'dark-urine'), (select id from red_flags where slug = 'major-bleeding')) on conflict (symptom_id, red_flag_id) do nothing;
insert into symptom_red_flags (symptom_id, red_flag_id) values ((select id from symptoms where slug = 'unexplained-fatigue'), (select id from red_flags where slug = 'altered-consciousness')) on conflict (symptom_id, red_flag_id) do nothing;
insert into symptom_red_flags (symptom_id, red_flag_id) values ((select id from symptoms where slug = 'unexplained-fatigue'), (select id from red_flags where slug = 'shortness-of-breath')) on conflict (symptom_id, red_flag_id) do nothing;
insert into symptom_red_flags (symptom_id, red_flag_id) values ((select id from symptoms where slug = 'unexplained-fatigue'), (select id from red_flags where slug = 'severe-chest-pain')) on conflict (symptom_id, red_flag_id) do nothing;
insert into symptom_red_flags (symptom_id, red_flag_id) values ((select id from symptoms where slug = 'easy-bruising'), (select id from red_flags where slug = 'major-bleeding')) on conflict (symptom_id, red_flag_id) do nothing;
insert into symptom_red_flags (symptom_id, red_flag_id) values ((select id from symptoms where slug = 'easy-bruising'), (select id from red_flags where slug = 'major-trauma')) on conflict (symptom_id, red_flag_id) do nothing;
insert into symptom_red_flags (symptom_id, red_flag_id) values ((select id from symptoms where slug = 'unexplained-fever'), (select id from red_flags where slug = 'altered-consciousness')) on conflict (symptom_id, red_flag_id) do nothing;
insert into symptom_red_flags (symptom_id, red_flag_id) values ((select id from symptoms where slug = 'unexplained-fever'), (select id from red_flags where slug = 'shortness-of-breath')) on conflict (symptom_id, red_flag_id) do nothing;
insert into symptom_red_flags (symptom_id, red_flag_id) values ((select id from symptoms where slug = 'unexplained-fever'), (select id from red_flags where slug = 'high-fever')) on conflict (symptom_id, red_flag_id) do nothing;
insert into symptom_red_flags (symptom_id, red_flag_id) values ((select id from symptoms where slug = 'weight-loss'), (select id from red_flags where slug = 'shortness-of-breath')) on conflict (symptom_id, red_flag_id) do nothing;
insert into symptom_red_flags (symptom_id, red_flag_id) values ((select id from symptoms where slug = 'weight-loss'), (select id from red_flags where slug = 'major-bleeding')) on conflict (symptom_id, red_flag_id) do nothing;
insert into symptom_red_flags (symptom_id, red_flag_id) values ((select id from symptoms where slug = 'night-sweats'), (select id from red_flags where slug = 'altered-consciousness')) on conflict (symptom_id, red_flag_id) do nothing;
insert into symptom_red_flags (symptom_id, red_flag_id) values ((select id from symptoms where slug = 'night-sweats'), (select id from red_flags where slug = 'shortness-of-breath')) on conflict (symptom_id, red_flag_id) do nothing;
insert into symptom_red_flags (symptom_id, red_flag_id) values ((select id from symptoms where slug = 'night-sweats'), (select id from red_flags where slug = 'high-fever')) on conflict (symptom_id, red_flag_id) do nothing;
insert into symptom_red_flags (symptom_id, red_flag_id) values ((select id from symptoms where slug = 'irregular-heartbeat'), (select id from red_flags where slug = 'shortness-of-breath')) on conflict (symptom_id, red_flag_id) do nothing;
insert into symptom_red_flags (symptom_id, red_flag_id) values ((select id from symptoms where slug = 'irregular-heartbeat'), (select id from red_flags where slug = 'severe-chest-pain')) on conflict (symptom_id, red_flag_id) do nothing;
insert into symptom_red_flags (symptom_id, red_flag_id) values ((select id from symptoms where slug = 'exercise-intolerance'), (select id from red_flags where slug = 'shortness-of-breath')) on conflict (symptom_id, red_flag_id) do nothing;
insert into symptom_red_flags (symptom_id, red_flag_id) values ((select id from symptoms where slug = 'exercise-intolerance'), (select id from red_flags where slug = 'severe-chest-pain')) on conflict (symptom_id, red_flag_id) do nothing;
insert into symptom_red_flags (symptom_id, red_flag_id) values ((select id from symptoms where slug = 'exercise-intolerance'), (select id from red_flags where slug = 'severe-allergy')) on conflict (symptom_id, red_flag_id) do nothing;
insert into symptom_red_flags (symptom_id, red_flag_id) values ((select id from symptoms where slug = 'fainting'), (select id from red_flags where slug = 'shortness-of-breath')) on conflict (symptom_id, red_flag_id) do nothing;
insert into symptom_red_flags (symptom_id, red_flag_id) values ((select id from symptoms where slug = 'fainting'), (select id from red_flags where slug = 'severe-chest-pain')) on conflict (symptom_id, red_flag_id) do nothing;
insert into symptom_red_flags (symptom_id, red_flag_id) values ((select id from symptoms where slug = 'chest-pressure-exertion'), (select id from red_flags where slug = 'shortness-of-breath')) on conflict (symptom_id, red_flag_id) do nothing;
insert into symptom_red_flags (symptom_id, red_flag_id) values ((select id from symptoms where slug = 'chest-pressure-exertion'), (select id from red_flags where slug = 'severe-chest-pain')) on conflict (symptom_id, red_flag_id) do nothing;
insert into symptom_red_flags (symptom_id, red_flag_id) values ((select id from symptoms where slug = 'chest-pressure-exertion'), (select id from red_flags where slug = 'high-fever')) on conflict (symptom_id, red_flag_id) do nothing;
insert into symptom_red_flags (symptom_id, red_flag_id) values ((select id from symptoms where slug = 'edema'), (select id from red_flags where slug = 'shortness-of-breath')) on conflict (symptom_id, red_flag_id) do nothing;
insert into symptom_red_flags (symptom_id, red_flag_id) values ((select id from symptoms where slug = 'edema'), (select id from red_flags where slug = 'one-sided-weakness')) on conflict (symptom_id, red_flag_id) do nothing;
insert into symptom_red_flags (symptom_id, red_flag_id) values ((select id from symptoms where slug = 'edema'), (select id from red_flags where slug = 'severe-chest-pain')) on conflict (symptom_id, red_flag_id) do nothing;
insert into symptom_red_flags (symptom_id, red_flag_id) values ((select id from symptoms where slug = 'speech-difficulty'), (select id from red_flags where slug = 'altered-consciousness')) on conflict (symptom_id, red_flag_id) do nothing;
insert into symptom_red_flags (symptom_id, red_flag_id) values ((select id from symptoms where slug = 'speech-difficulty'), (select id from red_flags where slug = 'one-sided-weakness')) on conflict (symptom_id, red_flag_id) do nothing;
insert into symptom_red_flags (symptom_id, red_flag_id) values ((select id from symptoms where slug = 'one-side-weakness'), (select id from red_flags where slug = 'altered-consciousness')) on conflict (symptom_id, red_flag_id) do nothing;
insert into symptom_red_flags (symptom_id, red_flag_id) values ((select id from symptoms where slug = 'one-side-weakness'), (select id from red_flags where slug = 'one-sided-weakness')) on conflict (symptom_id, red_flag_id) do nothing;
insert into symptom_red_flags (symptom_id, red_flag_id) values ((select id from symptoms where slug = 'memory-loss'), (select id from red_flags where slug = 'altered-consciousness')) on conflict (symptom_id, red_flag_id) do nothing;
insert into symptom_red_flags (symptom_id, red_flag_id) values ((select id from symptoms where slug = 'memory-loss'), (select id from red_flags where slug = 'one-sided-weakness')) on conflict (symptom_id, red_flag_id) do nothing;
insert into symptom_red_flags (symptom_id, red_flag_id) values ((select id from symptoms where slug = 'tremor'), (select id from red_flags where slug = 'altered-consciousness')) on conflict (symptom_id, red_flag_id) do nothing;
insert into symptom_red_flags (symptom_id, red_flag_id) values ((select id from symptoms where slug = 'tremor'), (select id from red_flags where slug = 'one-sided-weakness')) on conflict (symptom_id, red_flag_id) do nothing;
insert into symptom_red_flags (symptom_id, red_flag_id) values ((select id from symptoms where slug = 'seizure'), (select id from red_flags where slug = 'seizure')) on conflict (symptom_id, red_flag_id) do nothing;
insert into symptom_red_flags (symptom_id, red_flag_id) values ((select id from symptoms where slug = 'joint-deformity'), (select id from red_flags where slug = 'major-trauma')) on conflict (symptom_id, red_flag_id) do nothing;
insert into symptom_red_flags (symptom_id, red_flag_id) values ((select id from symptoms where slug = 'fracture-suspected'), (select id from red_flags where slug = 'major-trauma')) on conflict (symptom_id, red_flag_id) do nothing;
insert into symptom_red_flags (symptom_id, red_flag_id) values ((select id from symptoms where slug = 'limited-mobility'), (select id from red_flags where slug = 'major-trauma')) on conflict (symptom_id, red_flag_id) do nothing;
insert into symptom_red_flags (symptom_id, red_flag_id) values ((select id from symptoms where slug = 'bone-pain'), (select id from red_flags where slug = 'high-fever')) on conflict (symptom_id, red_flag_id) do nothing;
insert into symptom_red_flags (symptom_id, red_flag_id) values ((select id from symptoms where slug = 'bone-pain'), (select id from red_flags where slug = 'major-trauma')) on conflict (symptom_id, red_flag_id) do nothing;
insert into symptom_red_flags (symptom_id, red_flag_id) values ((select id from symptoms where slug = 'morning-stiffness'), (select id from red_flags where slug = 'high-fever')) on conflict (symptom_id, red_flag_id) do nothing;
insert into symptom_red_flags (symptom_id, red_flag_id) values ((select id from symptoms where slug = 'skin-infection'), (select id from red_flags where slug = 'high-fever')) on conflict (symptom_id, red_flag_id) do nothing;
insert into symptom_red_flags (symptom_id, red_flag_id) values ((select id from symptoms where slug = 'skin-infection'), (select id from red_flags where slug = 'rapid-swelling')) on conflict (symptom_id, red_flag_id) do nothing;
insert into symptom_red_flags (symptom_id, red_flag_id) values ((select id from symptoms where slug = 'eczema-flare'), (select id from red_flags where slug = 'high-fever')) on conflict (symptom_id, red_flag_id) do nothing;
insert into symptom_red_flags (symptom_id, red_flag_id) values ((select id from symptoms where slug = 'eczema-flare'), (select id from red_flags where slug = 'rapid-swelling')) on conflict (symptom_id, red_flag_id) do nothing;
insert into symptom_red_flags (symptom_id, red_flag_id) values ((select id from symptoms where slug = 'fungal-infection'), (select id from red_flags where slug = 'high-fever')) on conflict (symptom_id, red_flag_id) do nothing;
insert into symptom_red_flags (symptom_id, red_flag_id) values ((select id from symptoms where slug = 'fungal-infection'), (select id from red_flags where slug = 'rapid-swelling')) on conflict (symptom_id, red_flag_id) do nothing;
insert into symptom_red_flags (symptom_id, red_flag_id) values ((select id from symptoms where slug = 'hair-loss'), (select id from red_flags where slug = 'high-fever')) on conflict (symptom_id, red_flag_id) do nothing;
insert into symptom_red_flags (symptom_id, red_flag_id) values ((select id from symptoms where slug = 'hair-loss'), (select id from red_flags where slug = 'rapid-swelling')) on conflict (symptom_id, red_flag_id) do nothing;
insert into symptom_red_flags (symptom_id, red_flag_id) values ((select id from symptoms where slug = 'skin-pigmentation'), (select id from red_flags where slug = 'major-bleeding')) on conflict (symptom_id, red_flag_id) do nothing;

insert into symptom_synonyms (symptom_id, synonym) values ((select id from symptoms where slug = 'frequent-urination'), '一直想尿') on conflict (symptom_id, synonym) do nothing;
insert into symptom_synonyms (symptom_id, synonym) values ((select id from symptoms where slug = 'frequent-urination'), '尿很多次') on conflict (symptom_id, synonym) do nothing;
insert into symptom_synonyms (symptom_id, synonym) values ((select id from symptoms where slug = 'painful-urination'), '尿尿痛') on conflict (symptom_id, synonym) do nothing;
insert into symptom_synonyms (symptom_id, synonym) values ((select id from symptoms where slug = 'painful-urination'), '小便疼痛') on conflict (symptom_id, synonym) do nothing;
insert into symptom_synonyms (symptom_id, synonym) values ((select id from symptoms where slug = 'blood-in-urine'), '尿裡有血') on conflict (symptom_id, synonym) do nothing;
insert into symptom_synonyms (symptom_id, synonym) values ((select id from symptoms where slug = 'blood-in-urine'), '紅色尿') on conflict (symptom_id, synonym) do nothing;
insert into symptom_synonyms (symptom_id, synonym) values ((select id from symptoms where slug = 'chest-tightness'), '胸口壓迫感') on conflict (symptom_id, synonym) do nothing;
insert into symptom_synonyms (symptom_id, synonym) values ((select id from symptoms where slug = 'chest-tightness'), '胸口悶') on conflict (symptom_id, synonym) do nothing;
insert into symptom_synonyms (symptom_id, synonym) values ((select id from symptoms where slug = 'chest-pain'), '胸口痛') on conflict (symptom_id, synonym) do nothing;
insert into symptom_synonyms (symptom_id, synonym) values ((select id from symptoms where slug = 'chest-pain'), '胸部疼痛') on conflict (symptom_id, synonym) do nothing;
insert into symptom_synonyms (symptom_id, synonym) values ((select id from symptoms where slug = 'dizziness'), '頭昏') on conflict (symptom_id, synonym) do nothing;
insert into symptom_synonyms (symptom_id, synonym) values ((select id from symptoms where slug = 'dizziness'), '頭暈暈') on conflict (symptom_id, synonym) do nothing;
insert into symptom_synonyms (symptom_id, synonym) values ((select id from symptoms where slug = 'vertigo'), '天旋地轉') on conflict (symptom_id, synonym) do nothing;
insert into symptom_synonyms (symptom_id, synonym) values ((select id from symptoms where slug = 'headache'), '頭很痛') on conflict (symptom_id, synonym) do nothing;
insert into symptom_synonyms (symptom_id, synonym) values ((select id from symptoms where slug = 'sore-throat'), '喉嚨不舒服') on conflict (symptom_id, synonym) do nothing;
insert into symptom_synonyms (symptom_id, synonym) values ((select id from symptoms where slug = 'nasal-congestion'), '鼻子不通') on conflict (symptom_id, synonym) do nothing;
insert into symptom_synonyms (symptom_id, synonym) values ((select id from symptoms where slug = 'stomach-pain'), '胃不舒服') on conflict (symptom_id, synonym) do nothing;
insert into symptom_synonyms (symptom_id, synonym) values ((select id from symptoms where slug = 'stomach-pain'), '上腹痛') on conflict (symptom_id, synonym) do nothing;
insert into symptom_synonyms (symptom_id, synonym) values ((select id from symptoms where slug = 'diarrhea'), '拉肚子') on conflict (symptom_id, synonym) do nothing;
insert into symptom_synonyms (symptom_id, synonym) values ((select id from symptoms where slug = 'constipation'), '大不出來') on conflict (symptom_id, synonym) do nothing;
insert into symptom_synonyms (symptom_id, synonym) values ((select id from symptoms where slug = 'rash'), '皮膚紅紅的') on conflict (symptom_id, synonym) do nothing;
insert into symptom_synonyms (symptom_id, synonym) values ((select id from symptoms where slug = 'itching'), '皮膚癢') on conflict (symptom_id, synonym) do nothing;
insert into symptom_synonyms (symptom_id, synonym) values ((select id from symptoms where slug = 'unknown-lump'), '摸到硬塊') on conflict (symptom_id, synonym) do nothing;
insert into symptom_synonyms (symptom_id, synonym) values ((select id from symptoms where slug = 'palpitations'), '心跳很快') on conflict (symptom_id, synonym) do nothing;
insert into symptom_synonyms (symptom_id, synonym) values ((select id from symptoms where slug = 'palpitations'), '心跳不規則') on conflict (symptom_id, synonym) do nothing;
insert into symptom_synonyms (symptom_id, synonym) values ((select id from symptoms where slug = 'irregular-heartbeat'), '心跳亂') on conflict (symptom_id, synonym) do nothing;
insert into symptom_synonyms (symptom_id, synonym) values ((select id from symptoms where slug = 'irregular-heartbeat'), '心跳忽快忽慢') on conflict (symptom_id, synonym) do nothing;
insert into symptom_synonyms (symptom_id, synonym) values ((select id from symptoms where slug = 'one-side-weakness'), '半邊無力') on conflict (symptom_id, synonym) do nothing;
insert into symptom_synonyms (symptom_id, synonym) values ((select id from symptoms where slug = 'speech-difficulty'), '講話不清楚') on conflict (symptom_id, synonym) do nothing;
insert into symptom_synonyms (symptom_id, synonym) values ((select id from symptoms where slug = 'morning-stiffness'), '早上關節僵硬') on conflict (symptom_id, synonym) do nothing;
insert into symptom_synonyms (symptom_id, synonym) values ((select id from symptoms where slug = 'fracture-suspected'), '可能骨折') on conflict (symptom_id, synonym) do nothing;

commit;
