-- Generated from data/*.json. Do not edit by hand; run npm run seed:supabase.
begin;

insert into body_parts (slug, name, image_key) values ('head', '頭部', 'head') on conflict (slug) do update set name = excluded.name, image_key = excluded.image_key;
insert into body_parts (slug, name, image_key) values ('eyes', '眼睛', 'eyes') on conflict (slug) do update set name = excluded.name, image_key = excluded.image_key;
insert into body_parts (slug, name, image_key) values ('ears', '耳朵', 'ears') on conflict (slug) do update set name = excluded.name, image_key = excluded.image_key;
insert into body_parts (slug, name, image_key) values ('nose', '鼻子', 'nose') on conflict (slug) do update set name = excluded.name, image_key = excluded.image_key;
insert into body_parts (slug, name, image_key) values ('throat', '喉嚨', 'throat') on conflict (slug) do update set name = excluded.name, image_key = excluded.image_key;
insert into body_parts (slug, name, image_key) values ('chest', '胸口', 'chest') on conflict (slug) do update set name = excluded.name, image_key = excluded.image_key;
insert into body_parts (slug, name, image_key) values ('abdomen', '腹部', 'abdomen') on conflict (slug) do update set name = excluded.name, image_key = excluded.image_key;
insert into body_parts (slug, name, image_key) values ('back', '背部', 'back') on conflict (slug) do update set name = excluded.name, image_key = excluded.image_key;
insert into body_parts (slug, name, image_key) values ('joints', '關節', 'joints') on conflict (slug) do update set name = excluded.name, image_key = excluded.image_key;
insert into body_parts (slug, name, image_key) values ('skin', '皮膚', 'skin') on conflict (slug) do update set name = excluded.name, image_key = excluded.image_key;
insert into body_parts (slug, name, image_key) values ('urinary', '泌尿', 'urinary') on conflict (slug) do update set name = excluded.name, image_key = excluded.image_key;
insert into body_parts (slug, name, image_key) values ('liver', '肝膽', 'liver') on conflict (slug) do update set name = excluded.name, image_key = excluded.image_key;
insert into body_parts (slug, name, image_key) values ('blood', '血液', 'blood') on conflict (slug) do update set name = excluded.name, image_key = excluded.image_key;
insert into body_parts (slug, name, image_key) values ('heart', '心臟', 'heart') on conflict (slug) do update set name = excluded.name, image_key = excluded.image_key;
insert into body_parts (slug, name, image_key) values ('neuro', '神經', 'neuro') on conflict (slug) do update set name = excluded.name, image_key = excluded.image_key;
insert into body_parts (slug, name, image_key) values ('ortho', '骨科', 'ortho') on conflict (slug) do update set name = excluded.name, image_key = excluded.image_key;
insert into body_parts (slug, name, image_key) values ('mental', '身心', 'mental') on conflict (slug) do update set name = excluded.name, image_key = excluded.image_key;
insert into body_parts (slug, name, image_key) values ('endocrine', '內分泌', 'endocrine') on conflict (slug) do update set name = excluded.name, image_key = excluded.image_key;
insert into body_parts (slug, name, image_key) values ('women', '婦科', 'women') on conflict (slug) do update set name = excluded.name, image_key = excluded.image_key;
insert into body_parts (slug, name, image_key) values ('child', '兒科', 'child') on conflict (slug) do update set name = excluded.name, image_key = excluded.image_key;
insert into body_parts (slug, name, image_key) values ('dental', '牙口', 'dental') on conflict (slug) do update set name = excluded.name, image_key = excluded.image_key;
insert into body_parts (slug, name, image_key) values ('infection', '感染', 'infection') on conflict (slug) do update set name = excluded.name, image_key = excluded.image_key;
insert into body_parts (slug, name, image_key) values ('respiratory', '呼吸', 'respiratory') on conflict (slug) do update set name = excluded.name, image_key = excluded.image_key;
insert into body_parts (slug, name, image_key) values ('kidney', '腎臟', 'kidney') on conflict (slug) do update set name = excluded.name, image_key = excluded.image_key;
insert into body_parts (slug, name, image_key) values ('rectal', '肛門直腸', 'rectal') on conflict (slug) do update set name = excluded.name, image_key = excluded.image_key;
insert into body_parts (slug, name, image_key) values ('allergy', '過敏免疫', 'allergy') on conflict (slug) do update set name = excluded.name, image_key = excluded.image_key;
insert into body_parts (slug, name, image_key) values ('sleep', '睡眠', 'sleep') on conflict (slug) do update set name = excluded.name, image_key = excluded.image_key;
insert into body_parts (slug, name, image_key) values ('male', '男性健康', 'male') on conflict (slug) do update set name = excluded.name, image_key = excluded.image_key;
insert into body_parts (slug, name, image_key) values ('nutrition', '營養代謝', 'nutrition') on conflict (slug) do update set name = excluded.name, image_key = excluded.image_key;

insert into medical_departments (slug, name, description) values ('general-surgery', '一般外科', '處理需外科評估的急性疼痛、腫塊、感染與傷口問題。') on conflict (slug) do update set name = excluded.name, description = excluded.description;
insert into medical_departments (slug, name, description) values ('colorectal-surgery', '大腸直腸外科', '評估肛門直腸出血、血便與大腸直腸相關疾病。') on conflict (slug) do update set name = excluded.name, description = excluded.description;
insert into medical_departments (slug, name, description) values ('endocrinology-metabolism', '內分泌新陳代謝科', '評估血糖、甲狀腺、體重變化與荷爾蒙相關症狀。') on conflict (slug) do update set name = excluded.name, description = excluded.description;
insert into medical_departments (slug, name, description) values ('cardiology', '心臟內科', '評估胸痛、心悸、心律不整、心衰竭與心血管風險。') on conflict (slug) do update set name = excluded.name, description = excluded.description;
insert into medical_departments (slug, name, description) values ('dentistry', '牙科', '評估牙痛、牙齦、口腔黏膜與顳顎關節相關問題。') on conflict (slug) do update set name = excluded.name, description = excluded.description;
insert into medical_departments (slug, name, description) values ('dermatology', '皮膚科', '評估皮疹、搔癢、感染、掉髮與皮膚腫塊。') on conflict (slug) do update set name = excluded.name, description = excluded.description;
insert into medical_departments (slug, name, description) values ('ent', '耳鼻喉科', '評估耳、鼻、喉、聲音、吞嚥與平衡相關症狀。') on conflict (slug) do update set name = excluded.name, description = excluded.description;
insert into medical_departments (slug, name, description) values ('hematology-oncology', '血液腫瘤科', '評估不明瘀青、貧血、血球異常、夜間盜汗與體重下降。') on conflict (slug) do update set name = excluded.name, description = excluded.description;
insert into medical_departments (slug, name, description) values ('immunology-rheumatology', '免疫風濕科', '評估免疫異常、反覆感染、自體免疫與風濕相關症狀。') on conflict (slug) do update set name = excluded.name, description = excluded.description;
insert into medical_departments (slug, name, description) values ('hepatobiliary-gastroenterology', '肝膽腸胃科', '評估黃疸、肝膽功能、右上腹痛與肝膽胰相關症狀。') on conflict (slug) do update set name = excluded.name, description = excluded.description;
insert into medical_departments (slug, name, description) values ('psychiatry', '身心科', '評估情緒、焦慮、睡眠與認知相關困擾。') on conflict (slug) do update set name = excluded.name, description = excluded.description;
insert into medical_departments (slug, name, description) values ('breast-surgery', '乳房外科', '評估乳房腫塊、乳房疼痛與乳房感染等問題。') on conflict (slug) do update set name = excluded.name, description = excluded.description;
insert into medical_departments (slug, name, description) values ('pediatrics', '兒科', '評估兒童發燒、咳嗽、腹瀉、發育與常見兒童症狀。') on conflict (slug) do update set name = excluded.name, description = excluded.description;
insert into medical_departments (slug, name, description) values ('child-psychiatry', '兒童心智科', '評估兒童發展、情緒、注意力與學習相關困擾。') on conflict (slug) do update set name = excluded.name, description = excluded.description;
insert into medical_departments (slug, name, description) values ('urology', '泌尿科', '評估排尿、血尿、泌尿道感染與男性泌尿生殖問題。') on conflict (slug) do update set name = excluded.name, description = excluded.description;
insert into medical_departments (slug, name, description) values ('emergency-medicine', '急診醫學科', '處理急性、嚴重或可能危及生命的症狀。') on conflict (slug) do update set name = excluded.name, description = excluded.description;
insert into medical_departments (slug, name, description) values ('rheumatology-immunology', '風濕免疫科', '評估發炎性關節、晨僵與自體免疫相關症狀。') on conflict (slug) do update set name = excluded.name, description = excluded.description;
insert into medical_departments (slug, name, description) values ('family-medicine', '家醫科', '適合初步評估常見症狀、慢性問題與轉診方向。') on conflict (slug) do update set name = excluded.name, description = excluded.description;
insert into medical_departments (slug, name, description) values ('neurology', '神經內科', '評估頭痛、暈眩、無力、抽搐、記憶與神經功能異常。') on conflict (slug) do update set name = excluded.name, description = excluded.description;
insert into medical_departments (slug, name, description) values ('pulmonology', '胸腔內科', '評估咳嗽、呼吸困難、胸悶與肺部疾病。') on conflict (slug) do update set name = excluded.name, description = excluded.description;
insert into medical_departments (slug, name, description) values ('orthopedics', '骨科', '評估骨折、關節、骨骼、韌帶與肌腱相關症狀。') on conflict (slug) do update set name = excluded.name, description = excluded.description;
insert into medical_departments (slug, name, description) values ('obstetrics-gynecology', '婦產科', '評估月經、骨盆腔、懷孕、更年期與女性健康問題。') on conflict (slug) do update set name = excluded.name, description = excluded.description;
insert into medical_departments (slug, name, description) values ('ophthalmology', '眼科', '評估視力、眼痛、紅眼、乾眼與眼部急症。') on conflict (slug) do update set name = excluded.name, description = excluded.description;
insert into medical_departments (slug, name, description) values ('rehabilitation', '復健科', '評估肌骨疼痛、活動受限與復健治療需求。') on conflict (slug) do update set name = excluded.name, description = excluded.description;
insert into medical_departments (slug, name, description) values ('nephrology', '腎臟內科', '評估腎功能、尿液異常、水腫與電解質問題。') on conflict (slug) do update set name = excluded.name, description = excluded.description;
insert into medical_departments (slug, name, description) values ('infectious-disease', '感染科', '評估不明發燒、反覆感染與特殊感染問題。') on conflict (slug) do update set name = excluded.name, description = excluded.description;
insert into medical_departments (slug, name, description) values ('gastroenterology', '腸胃內科', '評估腹痛、消化不適、排便改變與腸胃道症狀。') on conflict (slug) do update set name = excluded.name, description = excluded.description;
insert into medical_departments (slug, name, description) values ('allergy-immunology', '過敏免疫科', '評估過敏、蕁麻疹與免疫相關症狀。') on conflict (slug) do update set name = excluded.name, description = excluded.description;
insert into medical_departments (slug, name, description) values ('營養醫學科', '營養醫學科', null) on conflict (slug) do update set name = excluded.name, description = excluded.description;

insert into symptoms (body_part_id, slug, name, description) values ((select id from body_parts where slug = 'head'), 'headache', '頭痛', '頭部悶痛、刺痛、抽痛或壓迫感。') on conflict (slug) do update set body_part_id = excluded.body_part_id, name = excluded.name, description = excluded.description;
insert into symptoms (body_part_id, slug, name, description) values ((select id from body_parts where slug = 'head'), 'dizziness', '頭暈', '頭重腳輕、站不穩或感覺快要暈倒。') on conflict (slug) do update set body_part_id = excluded.body_part_id, name = excluded.name, description = excluded.description;
insert into symptoms (body_part_id, slug, name, description) values ((select id from body_parts where slug = 'head'), 'migraine', '偏頭痛', '單側搏動性疼痛，可能伴隨噁心或畏光。') on conflict (slug) do update set body_part_id = excluded.body_part_id, name = excluded.name, description = excluded.description;
insert into symptoms (body_part_id, slug, name, description) values ((select id from body_parts where slug = 'head'), 'brain-fog', '昏沉', '精神不清爽、注意力下降或腦袋混沌。') on conflict (slug) do update set body_part_id = excluded.body_part_id, name = excluded.name, description = excluded.description;
insert into symptoms (body_part_id, slug, name, description) values ((select id from body_parts where slug = 'head'), 'scalp-pain', '頭皮疼痛', '頭皮局部疼痛、刺痛或觸碰時敏感。') on conflict (slug) do update set body_part_id = excluded.body_part_id, name = excluded.name, description = excluded.description;
insert into symptoms (body_part_id, slug, name, description) values ((select id from body_parts where slug = 'eyes'), 'red-eye', '眼睛紅', '眼白泛紅，可能伴隨分泌物或刺激感。') on conflict (slug) do update set body_part_id = excluded.body_part_id, name = excluded.name, description = excluded.description;
insert into symptoms (body_part_id, slug, name, description) values ((select id from body_parts where slug = 'eyes'), 'eye-pain', '眼睛痛', '眼球、眼眶或眼周疼痛。') on conflict (slug) do update set body_part_id = excluded.body_part_id, name = excluded.name, description = excluded.description;
insert into symptoms (body_part_id, slug, name, description) values ((select id from body_parts where slug = 'eyes'), 'blurred-vision', '視力模糊', '看近或看遠變得不清楚。') on conflict (slug) do update set body_part_id = excluded.body_part_id, name = excluded.name, description = excluded.description;
insert into symptoms (body_part_id, slug, name, description) values ((select id from body_parts where slug = 'eyes'), 'dry-eyes', '眼睛乾澀', '眼睛乾、刺、異物感或容易疲勞。') on conflict (slug) do update set body_part_id = excluded.body_part_id, name = excluded.name, description = excluded.description;
insert into symptoms (body_part_id, slug, name, description) values ((select id from body_parts where slug = 'eyes'), 'floaters', '飛蚊症', '視野中出現飄動黑點或線條。') on conflict (slug) do update set body_part_id = excluded.body_part_id, name = excluded.name, description = excluded.description;
insert into symptoms (body_part_id, slug, name, description) values ((select id from body_parts where slug = 'ears'), 'ear-pain', '耳痛', '耳內或耳周疼痛。') on conflict (slug) do update set body_part_id = excluded.body_part_id, name = excluded.name, description = excluded.description;
insert into symptoms (body_part_id, slug, name, description) values ((select id from body_parts where slug = 'ears'), 'tinnitus', '耳鳴', '聽到嗡嗡聲、尖聲或其他不存在的聲音。') on conflict (slug) do update set body_part_id = excluded.body_part_id, name = excluded.name, description = excluded.description;
insert into symptoms (body_part_id, slug, name, description) values ((select id from body_parts where slug = 'ears'), 'hearing-loss', '聽力下降', '聲音變小、聽不清楚或單側聽力變差。') on conflict (slug) do update set body_part_id = excluded.body_part_id, name = excluded.name, description = excluded.description;
insert into symptoms (body_part_id, slug, name, description) values ((select id from body_parts where slug = 'ears'), 'ear-fullness', '耳朵悶塞', '耳朵像被塞住或有壓力感。') on conflict (slug) do update set body_part_id = excluded.body_part_id, name = excluded.name, description = excluded.description;
insert into symptoms (body_part_id, slug, name, description) values ((select id from body_parts where slug = 'ears'), 'vertigo', '眩暈', '感覺天旋地轉、平衡失調或伴隨噁心。') on conflict (slug) do update set body_part_id = excluded.body_part_id, name = excluded.name, description = excluded.description;
insert into symptoms (body_part_id, slug, name, description) values ((select id from body_parts where slug = 'nose'), 'nasal-congestion', '鼻塞', '鼻子不通、呼吸不順或夜間加重。') on conflict (slug) do update set body_part_id = excluded.body_part_id, name = excluded.name, description = excluded.description;
insert into symptoms (body_part_id, slug, name, description) values ((select id from body_parts where slug = 'nose'), 'runny-nose', '流鼻水', '清水鼻涕或濃稠鼻涕增加。') on conflict (slug) do update set body_part_id = excluded.body_part_id, name = excluded.name, description = excluded.description;
insert into symptoms (body_part_id, slug, name, description) values ((select id from body_parts where slug = 'nose'), 'nosebleed', '鼻血', '單側或雙側鼻出血。') on conflict (slug) do update set body_part_id = excluded.body_part_id, name = excluded.name, description = excluded.description;
insert into symptoms (body_part_id, slug, name, description) values ((select id from body_parts where slug = 'nose'), 'sinus-pain', '鼻竇痛', '臉頰、額頭或鼻樑周圍脹痛。') on conflict (slug) do update set body_part_id = excluded.body_part_id, name = excluded.name, description = excluded.description;
insert into symptoms (body_part_id, slug, name, description) values ((select id from body_parts where slug = 'nose'), 'smell-loss', '嗅覺異常', '聞不到味道、嗅覺變差或味道感受改變。') on conflict (slug) do update set body_part_id = excluded.body_part_id, name = excluded.name, description = excluded.description;
insert into symptoms (body_part_id, slug, name, description) values ((select id from body_parts where slug = 'throat'), 'sore-throat', '喉嚨痛', '吞嚥時疼痛、乾癢或灼熱。') on conflict (slug) do update set body_part_id = excluded.body_part_id, name = excluded.name, description = excluded.description;
insert into symptoms (body_part_id, slug, name, description) values ((select id from body_parts where slug = 'throat'), 'difficulty-swallowing', '吞嚥困難', '吞東西卡卡、疼痛或容易嗆到。') on conflict (slug) do update set body_part_id = excluded.body_part_id, name = excluded.name, description = excluded.description;
insert into symptoms (body_part_id, slug, name, description) values ((select id from body_parts where slug = 'throat'), 'hoarseness', '聲音沙啞', '聲音變粗、變小或說話費力。') on conflict (slug) do update set body_part_id = excluded.body_part_id, name = excluded.name, description = excluded.description;
insert into symptoms (body_part_id, slug, name, description) values ((select id from body_parts where slug = 'throat'), 'throat-lump', '喉嚨異物感', '喉嚨像有東西卡住，但不一定真的有異物。') on conflict (slug) do update set body_part_id = excluded.body_part_id, name = excluded.name, description = excluded.description;
insert into symptoms (body_part_id, slug, name, description) values ((select id from body_parts where slug = 'throat'), 'chronic-cough', '慢性咳嗽', '咳嗽持續數週，可能乾咳或有痰。') on conflict (slug) do update set body_part_id = excluded.body_part_id, name = excluded.name, description = excluded.description;
insert into symptoms (body_part_id, slug, name, description) values ((select id from body_parts where slug = 'chest'), 'chest-pain', '胸痛', '胸口悶痛、刺痛、壓迫或灼熱感。') on conflict (slug) do update set body_part_id = excluded.body_part_id, name = excluded.name, description = excluded.description;
insert into symptoms (body_part_id, slug, name, description) values ((select id from body_parts where slug = 'chest'), 'chest-tightness', '胸悶', '胸口壓迫、緊繃或不舒服。') on conflict (slug) do update set body_part_id = excluded.body_part_id, name = excluded.name, description = excluded.description;
insert into symptoms (body_part_id, slug, name, description) values ((select id from body_parts where slug = 'chest'), 'palpitations', '心悸', '心跳很快、很重、不規則或漏拍感。') on conflict (slug) do update set body_part_id = excluded.body_part_id, name = excluded.name, description = excluded.description;
insert into symptoms (body_part_id, slug, name, description) values ((select id from body_parts where slug = 'chest'), 'shortness-of-breath', '呼吸不順', '呼吸費力、吸不到氣或活動後喘。') on conflict (slug) do update set body_part_id = excluded.body_part_id, name = excluded.name, description = excluded.description;
insert into symptoms (body_part_id, slug, name, description) values ((select id from body_parts where slug = 'chest'), 'cough', '咳嗽', '乾咳、有痰咳嗽或胸口伴隨不適。') on conflict (slug) do update set body_part_id = excluded.body_part_id, name = excluded.name, description = excluded.description;
insert into symptoms (body_part_id, slug, name, description) values ((select id from body_parts where slug = 'abdomen'), 'stomach-pain', '胃痛', '上腹部悶痛、灼熱、絞痛或飯後不適。') on conflict (slug) do update set body_part_id = excluded.body_part_id, name = excluded.name, description = excluded.description;
insert into symptoms (body_part_id, slug, name, description) values ((select id from body_parts where slug = 'abdomen'), 'bloating', '腹脹', '肚子脹、打嗝、放屁或飯後更明顯。') on conflict (slug) do update set body_part_id = excluded.body_part_id, name = excluded.name, description = excluded.description;
insert into symptoms (body_part_id, slug, name, description) values ((select id from body_parts where slug = 'abdomen'), 'diarrhea', '腹瀉', '排便次數增加或水便。') on conflict (slug) do update set body_part_id = excluded.body_part_id, name = excluded.name, description = excluded.description;
insert into symptoms (body_part_id, slug, name, description) values ((select id from body_parts where slug = 'abdomen'), 'constipation', '便秘', '排便困難、次數變少或糞便偏硬。') on conflict (slug) do update set body_part_id = excluded.body_part_id, name = excluded.name, description = excluded.description;
insert into symptoms (body_part_id, slug, name, description) values ((select id from body_parts where slug = 'abdomen'), 'nausea-vomiting', '噁心嘔吐', '想吐、反胃或已經嘔吐。') on conflict (slug) do update set body_part_id = excluded.body_part_id, name = excluded.name, description = excluded.description;
insert into symptoms (body_part_id, slug, name, description) values ((select id from body_parts where slug = 'back'), 'lower-back-pain', '下背痛', '下背或腰部疼痛，可能影響活動。') on conflict (slug) do update set body_part_id = excluded.body_part_id, name = excluded.name, description = excluded.description;
insert into symptoms (body_part_id, slug, name, description) values ((select id from body_parts where slug = 'back'), 'upper-back-pain', '上背痛', '上背、肩頸下方或肩胛附近疼痛。') on conflict (slug) do update set body_part_id = excluded.body_part_id, name = excluded.name, description = excluded.description;
insert into symptoms (body_part_id, slug, name, description) values ((select id from body_parts where slug = 'back'), 'shoulder-blade-pain', '肩胛痠痛', '肩胛骨周圍痠痛、緊繃或活動不適。') on conflict (slug) do update set body_part_id = excluded.body_part_id, name = excluded.name, description = excluded.description;
insert into symptoms (body_part_id, slug, name, description) values ((select id from body_parts where slug = 'back'), 'back-stiffness', '背部僵硬', '早晨或久坐後背部緊繃活動不開。') on conflict (slug) do update set body_part_id = excluded.body_part_id, name = excluded.name, description = excluded.description;
insert into symptoms (body_part_id, slug, name, description) values ((select id from body_parts where slug = 'back'), 'back-pain-numbness', '背痛伴麻木', '背痛合併手腳麻、刺痛或無力。') on conflict (slug) do update set body_part_id = excluded.body_part_id, name = excluded.name, description = excluded.description;
insert into symptoms (body_part_id, slug, name, description) values ((select id from body_parts where slug = 'joints'), 'knee-pain', '膝蓋痛', '走路、上下樓或蹲站時膝蓋疼痛。') on conflict (slug) do update set body_part_id = excluded.body_part_id, name = excluded.name, description = excluded.description;
insert into symptoms (body_part_id, slug, name, description) values ((select id from body_parts where slug = 'joints'), 'wrist-pain', '手腕痛', '手腕疼痛、用力或轉動時不舒服。') on conflict (slug) do update set body_part_id = excluded.body_part_id, name = excluded.name, description = excluded.description;
insert into symptoms (body_part_id, slug, name, description) values ((select id from body_parts where slug = 'joints'), 'ankle-pain', '腳踝痛', '腳踝疼痛、腫脹或走路承重不適。') on conflict (slug) do update set body_part_id = excluded.body_part_id, name = excluded.name, description = excluded.description;
insert into symptoms (body_part_id, slug, name, description) values ((select id from body_parts where slug = 'joints'), 'joint-swelling', '關節腫脹', '關節變腫、發熱或壓痛。') on conflict (slug) do update set body_part_id = excluded.body_part_id, name = excluded.name, description = excluded.description;
insert into symptoms (body_part_id, slug, name, description) values ((select id from body_parts where slug = 'joints'), 'joint-clicking', '關節卡卡', '關節活動時卡住、摩擦聲或活動不順。') on conflict (slug) do update set body_part_id = excluded.body_part_id, name = excluded.name, description = excluded.description;
insert into symptoms (body_part_id, slug, name, description) values ((select id from body_parts where slug = 'skin'), 'rash', '紅疹', '皮膚出現紅斑、丘疹或大片泛紅。') on conflict (slug) do update set body_part_id = excluded.body_part_id, name = excluded.name, description = excluded.description;
insert into symptoms (body_part_id, slug, name, description) values ((select id from body_parts where slug = 'skin'), 'itching', '搔癢', '局部或全身搔癢，可能反覆發作。') on conflict (slug) do update set body_part_id = excluded.body_part_id, name = excluded.name, description = excluded.description;
insert into symptoms (body_part_id, slug, name, description) values ((select id from body_parts where slug = 'skin'), 'blisters', '起水泡', '皮膚出現含液體的小泡或大片水泡。') on conflict (slug) do update set body_part_id = excluded.body_part_id, name = excluded.name, description = excluded.description;
insert into symptoms (body_part_id, slug, name, description) values ((select id from body_parts where slug = 'skin'), 'acne', '長痘痘', '粉刺、丘疹、膿皰或反覆發炎痘痘。') on conflict (slug) do update set body_part_id = excluded.body_part_id, name = excluded.name, description = excluded.description;
insert into symptoms (body_part_id, slug, name, description) values ((select id from body_parts where slug = 'skin'), 'unknown-lump', '不明腫塊', '皮下摸到硬塊、囊腫或不明突起。') on conflict (slug) do update set body_part_id = excluded.body_part_id, name = excluded.name, description = excluded.description;
insert into symptoms (body_part_id, slug, name, description) values ((select id from body_parts where slug = 'urinary'), 'frequent-urination', '頻尿', '排尿次數明顯增加，可能白天或夜間都頻繁。') on conflict (slug) do update set body_part_id = excluded.body_part_id, name = excluded.name, description = excluded.description;
insert into symptoms (body_part_id, slug, name, description) values ((select id from body_parts where slug = 'urinary'), 'painful-urination', '排尿疼痛', '排尿時灼熱、刺痛或尿道不適。') on conflict (slug) do update set body_part_id = excluded.body_part_id, name = excluded.name, description = excluded.description;
insert into symptoms (body_part_id, slug, name, description) values ((select id from body_parts where slug = 'urinary'), 'blood-in-urine', '血尿', '尿液呈紅色、茶色，或檢查發現尿中有血。') on conflict (slug) do update set body_part_id = excluded.body_part_id, name = excluded.name, description = excluded.description;
insert into symptoms (body_part_id, slug, name, description) values ((select id from body_parts where slug = 'urinary'), 'urine-retention', '尿不出來', '有尿意但無法順利排尿，或尿流明顯變弱。') on conflict (slug) do update set body_part_id = excluded.body_part_id, name = excluded.name, description = excluded.description;
insert into symptoms (body_part_id, slug, name, description) values ((select id from body_parts where slug = 'urinary'), 'nocturia', '夜尿', '夜間因排尿醒來多次，影響睡眠。') on conflict (slug) do update set body_part_id = excluded.body_part_id, name = excluded.name, description = excluded.description;
insert into symptoms (body_part_id, slug, name, description) values ((select id from body_parts where slug = 'liver'), 'jaundice', '黃疸', '眼白或皮膚變黃，可能伴隨尿色變深。') on conflict (slug) do update set body_part_id = excluded.body_part_id, name = excluded.name, description = excluded.description;
insert into symptoms (body_part_id, slug, name, description) values ((select id from body_parts where slug = 'liver'), 'right-upper-abdominal-pain', '右上腹痛', '右上腹或肋骨下緣疼痛、脹痛或壓痛。') on conflict (slug) do update set body_part_id = excluded.body_part_id, name = excluded.name, description = excluded.description;
insert into symptoms (body_part_id, slug, name, description) values ((select id from body_parts where slug = 'liver'), 'loss-of-appetite', '食慾不振', '食量下降、容易噁心或看到食物沒有胃口。') on conflict (slug) do update set body_part_id = excluded.body_part_id, name = excluded.name, description = excluded.description;
insert into symptoms (body_part_id, slug, name, description) values ((select id from body_parts where slug = 'liver'), 'fatigue-liver', '容易疲倦', '休息後仍覺得疲累，可能合併消化或肝膽相關不適。') on conflict (slug) do update set body_part_id = excluded.body_part_id, name = excluded.name, description = excluded.description;
insert into symptoms (body_part_id, slug, name, description) values ((select id from body_parts where slug = 'liver'), 'dark-urine', '尿色變深', '尿液呈茶色或深褐色，補水後仍明顯偏深。') on conflict (slug) do update set body_part_id = excluded.body_part_id, name = excluded.name, description = excluded.description;
insert into symptoms (body_part_id, slug, name, description) values ((select id from body_parts where slug = 'blood'), 'unexplained-fatigue', '不明原因疲倦', '沒有明顯原因的持續疲倦、虛弱或活動力下降。') on conflict (slug) do update set body_part_id = excluded.body_part_id, name = excluded.name, description = excluded.description;
insert into symptoms (body_part_id, slug, name, description) values ((select id from body_parts where slug = 'blood'), 'easy-bruising', '容易瘀青', '輕微碰撞就瘀青，或出現原因不明的瘀斑。') on conflict (slug) do update set body_part_id = excluded.body_part_id, name = excluded.name, description = excluded.description;
insert into symptoms (body_part_id, slug, name, description) values ((select id from body_parts where slug = 'blood'), 'unexplained-fever', '不明發燒', '反覆或持續發燒，找不到明確感染來源。') on conflict (slug) do update set body_part_id = excluded.body_part_id, name = excluded.name, description = excluded.description;
insert into symptoms (body_part_id, slug, name, description) values ((select id from body_parts where slug = 'blood'), 'weight-loss', '體重減輕', '沒有刻意減重卻在短期內明顯變瘦。') on conflict (slug) do update set body_part_id = excluded.body_part_id, name = excluded.name, description = excluded.description;
insert into symptoms (body_part_id, slug, name, description) values ((select id from body_parts where slug = 'blood'), 'night-sweats', '夜間盜汗', '夜間大量出汗，甚至需要更換衣物或床單。') on conflict (slug) do update set body_part_id = excluded.body_part_id, name = excluded.name, description = excluded.description;
insert into symptoms (body_part_id, slug, name, description) values ((select id from body_parts where slug = 'heart'), 'irregular-heartbeat', '心律不整', '心跳忽快忽慢、不規則或有漏拍感。') on conflict (slug) do update set body_part_id = excluded.body_part_id, name = excluded.name, description = excluded.description;
insert into symptoms (body_part_id, slug, name, description) values ((select id from body_parts where slug = 'heart'), 'exercise-intolerance', '運動耐受差', '比過去更容易喘、累，活動能力明顯下降。') on conflict (slug) do update set body_part_id = excluded.body_part_id, name = excluded.name, description = excluded.description;
insert into symptoms (body_part_id, slug, name, description) values ((select id from body_parts where slug = 'heart'), 'fainting', '昏厥', '短暫失去意識或突然倒下，之後恢復。') on conflict (slug) do update set body_part_id = excluded.body_part_id, name = excluded.name, description = excluded.description;
insert into symptoms (body_part_id, slug, name, description) values ((select id from body_parts where slug = 'heart'), 'chest-pressure-exertion', '活動時胸壓感', '走路、爬樓梯或運動時胸口壓迫不適。') on conflict (slug) do update set body_part_id = excluded.body_part_id, name = excluded.name, description = excluded.description;
insert into symptoms (body_part_id, slug, name, description) values ((select id from body_parts where slug = 'heart'), 'edema', '下肢水腫', '腳踝、小腿腫脹，按壓後可能留下凹痕。') on conflict (slug) do update set body_part_id = excluded.body_part_id, name = excluded.name, description = excluded.description;
insert into symptoms (body_part_id, slug, name, description) values ((select id from body_parts where slug = 'neuro'), 'speech-difficulty', '說話困難', '說話含糊、找不到詞、理解或表達變困難。') on conflict (slug) do update set body_part_id = excluded.body_part_id, name = excluded.name, description = excluded.description;
insert into symptoms (body_part_id, slug, name, description) values ((select id from body_parts where slug = 'neuro'), 'one-side-weakness', '單側無力', '臉、手或腳單側無力、麻木或不聽使喚。') on conflict (slug) do update set body_part_id = excluded.body_part_id, name = excluded.name, description = excluded.description;
insert into symptoms (body_part_id, slug, name, description) values ((select id from body_parts where slug = 'neuro'), 'memory-loss', '記憶力下降', '近期記憶變差、常忘事或影響日常功能。') on conflict (slug) do update set body_part_id = excluded.body_part_id, name = excluded.name, description = excluded.description;
insert into symptoms (body_part_id, slug, name, description) values ((select id from body_parts where slug = 'neuro'), 'tremor', '手抖', '手部不自主顫抖，休息或動作時可能更明顯。') on conflict (slug) do update set body_part_id = excluded.body_part_id, name = excluded.name, description = excluded.description;
insert into symptoms (body_part_id, slug, name, description) values ((select id from body_parts where slug = 'neuro'), 'seizure', '抽搐', '肢體不自主抽動、僵硬，可能合併意識改變。') on conflict (slug) do update set body_part_id = excluded.body_part_id, name = excluded.name, description = excluded.description;
insert into symptoms (body_part_id, slug, name, description) values ((select id from body_parts where slug = 'ortho'), 'joint-deformity', '關節變形', '關節外觀變形、歪斜或長期腫大。') on conflict (slug) do update set body_part_id = excluded.body_part_id, name = excluded.name, description = excluded.description;
insert into symptoms (body_part_id, slug, name, description) values ((select id from body_parts where slug = 'ortho'), 'fracture-suspected', '疑似骨折', '外傷後劇痛、腫脹、變形或無法承重。') on conflict (slug) do update set body_part_id = excluded.body_part_id, name = excluded.name, description = excluded.description;
insert into symptoms (body_part_id, slug, name, description) values ((select id from body_parts where slug = 'ortho'), 'limited-mobility', '活動受限', '關節或肢體活動角度變小、卡住或無法正常使用。') on conflict (slug) do update set body_part_id = excluded.body_part_id, name = excluded.name, description = excluded.description;
insert into symptoms (body_part_id, slug, name, description) values ((select id from body_parts where slug = 'ortho'), 'bone-pain', '骨頭痛', '深層骨骼疼痛，可能夜間或活動時加重。') on conflict (slug) do update set body_part_id = excluded.body_part_id, name = excluded.name, description = excluded.description;
insert into symptoms (body_part_id, slug, name, description) values ((select id from body_parts where slug = 'ortho'), 'morning-stiffness', '晨僵', '起床後關節僵硬，需要一段時間才活動開。') on conflict (slug) do update set body_part_id = excluded.body_part_id, name = excluded.name, description = excluded.description;
insert into symptoms (body_part_id, slug, name, description) values ((select id from body_parts where slug = 'skin'), 'skin-infection', '皮膚感染', '皮膚紅腫熱痛、化膿或傷口周圍發炎。') on conflict (slug) do update set body_part_id = excluded.body_part_id, name = excluded.name, description = excluded.description;
insert into symptoms (body_part_id, slug, name, description) values ((select id from body_parts where slug = 'skin'), 'eczema-flare', '濕疹惡化', '皮膚紅、癢、脫屑或滲液，反覆發作加劇。') on conflict (slug) do update set body_part_id = excluded.body_part_id, name = excluded.name, description = excluded.description;
insert into symptoms (body_part_id, slug, name, description) values ((select id from body_parts where slug = 'skin'), 'fungal-infection', '黴菌感染', '皮膚搔癢、脫屑、環狀紅斑或趾縫糜爛。') on conflict (slug) do update set body_part_id = excluded.body_part_id, name = excluded.name, description = excluded.description;
insert into symptoms (body_part_id, slug, name, description) values ((select id from body_parts where slug = 'skin'), 'hair-loss', '掉髮', '掉髮量增加、髮量變稀或局部禿髮。') on conflict (slug) do update set body_part_id = excluded.body_part_id, name = excluded.name, description = excluded.description;
insert into symptoms (body_part_id, slug, name, description) values ((select id from body_parts where slug = 'skin'), 'skin-pigmentation', '色素異常', '皮膚顏色變深、變淡或出現不規則斑塊。') on conflict (slug) do update set body_part_id = excluded.body_part_id, name = excluded.name, description = excluded.description;
insert into symptoms (body_part_id, slug, name, description) values ((select id from body_parts where slug = 'head'), 'tension-headache', '緊縮型頭痛', '頭部像被束帶壓迫，常和壓力、姿勢或睡眠不足有關。') on conflict (slug) do update set body_part_id = excluded.body_part_id, name = excluded.name, description = excluded.description;
insert into symptoms (body_part_id, slug, name, description) values ((select id from body_parts where slug = 'head'), 'cluster-headache', '叢發性頭痛', '單側眼眶或太陽穴劇痛，可能伴隨流淚或鼻塞。') on conflict (slug) do update set body_part_id = excluded.body_part_id, name = excluded.name, description = excluded.description;
insert into symptoms (body_part_id, slug, name, description) values ((select id from body_parts where slug = 'head'), 'facial-pain', '臉部疼痛', '臉頰、下巴或眼周疼痛，可能和神經、牙齒或鼻竇相關。') on conflict (slug) do update set body_part_id = excluded.body_part_id, name = excluded.name, description = excluded.description;
insert into symptoms (body_part_id, slug, name, description) values ((select id from body_parts where slug = 'head'), 'jaw-pain', '下巴痛', '下巴關節或咀嚼肌疼痛，可能張口受限或咬合不適。') on conflict (slug) do update set body_part_id = excluded.body_part_id, name = excluded.name, description = excluded.description;
insert into symptoms (body_part_id, slug, name, description) values ((select id from body_parts where slug = 'head'), 'head-pressure', '頭部壓迫感', '頭部沉重、壓迫或緊繃感，可能與壓力、鼻竇或血壓相關。') on conflict (slug) do update set body_part_id = excluded.body_part_id, name = excluded.name, description = excluded.description;
insert into symptoms (body_part_id, slug, name, description) values ((select id from body_parts where slug = 'eyes'), 'photophobia', '畏光', '光線下眼睛不適、刺痛或想閉眼。') on conflict (slug) do update set body_part_id = excluded.body_part_id, name = excluded.name, description = excluded.description;
insert into symptoms (body_part_id, slug, name, description) values ((select id from body_parts where slug = 'eyes'), 'double-vision', '複視', '看東西出現重影，可能單眼或雙眼發生。') on conflict (slug) do update set body_part_id = excluded.body_part_id, name = excluded.name, description = excluded.description;
insert into symptoms (body_part_id, slug, name, description) values ((select id from body_parts where slug = 'eyes'), 'eye-discharge', '眼睛分泌物', '眼屎增多、黏稠分泌物或醒來眼皮黏住。') on conflict (slug) do update set body_part_id = excluded.body_part_id, name = excluded.name, description = excluded.description;
insert into symptoms (body_part_id, slug, name, description) values ((select id from body_parts where slug = 'eyes'), 'eyelid-swelling', '眼皮腫', '眼皮局部或整片腫脹，可能疼痛、紅或癢。') on conflict (slug) do update set body_part_id = excluded.body_part_id, name = excluded.name, description = excluded.description;
insert into symptoms (body_part_id, slug, name, description) values ((select id from body_parts where slug = 'eyes'), 'visual-field-loss', '視野缺損', '視野某一區塊看不到、黑影遮住或像布幕。') on conflict (slug) do update set body_part_id = excluded.body_part_id, name = excluded.name, description = excluded.description;
insert into symptoms (body_part_id, slug, name, description) values ((select id from body_parts where slug = 'ears'), 'itchy-ear', '耳朵癢', '耳道搔癢、乾屑或反覆想挖耳朵。') on conflict (slug) do update set body_part_id = excluded.body_part_id, name = excluded.name, description = excluded.description;
insert into symptoms (body_part_id, slug, name, description) values ((select id from body_parts where slug = 'ears'), 'blocked-ear-wax', '耳垢堵塞', '耳悶、聽力變差或耳內有塞住感。') on conflict (slug) do update set body_part_id = excluded.body_part_id, name = excluded.name, description = excluded.description;
insert into symptoms (body_part_id, slug, name, description) values ((select id from body_parts where slug = 'ears'), 'balance-problem', '平衡不穩', '走路不穩、容易偏斜或失去平衡。') on conflict (slug) do update set body_part_id = excluded.body_part_id, name = excluded.name, description = excluded.description;
insert into symptoms (body_part_id, slug, name, description) values ((select id from body_parts where slug = 'ears'), 'ear-pressure-flight', '搭飛機耳壓痛', '飛行、爬山或潛水後耳壓、耳痛或耳悶。') on conflict (slug) do update set body_part_id = excluded.body_part_id, name = excluded.name, description = excluded.description;
insert into symptoms (body_part_id, slug, name, description) values ((select id from body_parts where slug = 'ears'), 'outer-ear-swelling', '外耳腫痛', '耳廓或耳道外側紅腫、疼痛或觸碰痛。') on conflict (slug) do update set body_part_id = excluded.body_part_id, name = excluded.name, description = excluded.description;
insert into symptoms (body_part_id, slug, name, description) values ((select id from body_parts where slug = 'nose'), 'sneezing', '打噴嚏', '反覆打噴嚏，可能伴隨鼻癢或流鼻水。') on conflict (slug) do update set body_part_id = excluded.body_part_id, name = excluded.name, description = excluded.description;
insert into symptoms (body_part_id, slug, name, description) values ((select id from body_parts where slug = 'nose'), 'postnasal-drip', '鼻涕倒流', '喉嚨常有鼻涕流下、清喉嚨或咳嗽。') on conflict (slug) do update set body_part_id = excluded.body_part_id, name = excluded.name, description = excluded.description;
insert into symptoms (body_part_id, slug, name, description) values ((select id from body_parts where slug = 'nose'), 'nasal-itching', '鼻子癢', '鼻內搔癢，常伴隨過敏、打噴嚏或流鼻水。') on conflict (slug) do update set body_part_id = excluded.body_part_id, name = excluded.name, description = excluded.description;
insert into symptoms (body_part_id, slug, name, description) values ((select id from body_parts where slug = 'nose'), 'facial-fullness', '臉部悶脹', '臉頰或額頭悶脹壓迫，可能與鼻竇相關。') on conflict (slug) do update set body_part_id = excluded.body_part_id, name = excluded.name, description = excluded.description;
insert into symptoms (body_part_id, slug, name, description) values ((select id from body_parts where slug = 'nose'), 'nasal-polyp-suspected', '疑似鼻息肉', '長期鼻塞、嗅覺下降或鼻腔有阻塞感。') on conflict (slug) do update set body_part_id = excluded.body_part_id, name = excluded.name, description = excluded.description;
insert into symptoms (body_part_id, slug, name, description) values ((select id from body_parts where slug = 'throat'), 'tonsil-swelling', '扁桃腺腫', '喉嚨兩側腫痛，可能有白點、發燒或吞嚥痛。') on conflict (slug) do update set body_part_id = excluded.body_part_id, name = excluded.name, description = excluded.description;
insert into symptoms (body_part_id, slug, name, description) values ((select id from body_parts where slug = 'throat'), 'loss-of-voice', '失聲', '聲音突然變小、沙啞到幾乎說不出話。') on conflict (slug) do update set body_part_id = excluded.body_part_id, name = excluded.name, description = excluded.description;
insert into symptoms (body_part_id, slug, name, description) values ((select id from body_parts where slug = 'throat'), 'throat-dryness', '喉嚨乾', '喉嚨乾澀、乾癢或常想喝水清喉嚨。') on conflict (slug) do update set body_part_id = excluded.body_part_id, name = excluded.name, description = excluded.description;
insert into symptoms (body_part_id, slug, name, description) values ((select id from body_parts where slug = 'throat'), 'bad-breath', '口臭', '口腔或喉嚨異味，刷牙後仍反覆出現。') on conflict (slug) do update set body_part_id = excluded.body_part_id, name = excluded.name, description = excluded.description;
insert into symptoms (body_part_id, slug, name, description) values ((select id from body_parts where slug = 'throat'), 'choking-easily', '容易嗆到', '喝水或吃東西容易嗆咳，可能吞嚥協調變差。') on conflict (slug) do update set body_part_id = excluded.body_part_id, name = excluded.name, description = excluded.description;
insert into symptoms (body_part_id, slug, name, description) values ((select id from body_parts where slug = 'chest'), 'breathing-pain', '呼吸時胸痛', '深呼吸、咳嗽或活動時胸口疼痛。') on conflict (slug) do update set body_part_id = excluded.body_part_id, name = excluded.name, description = excluded.description;
insert into symptoms (body_part_id, slug, name, description) values ((select id from body_parts where slug = 'chest'), 'cough-blood', '咳血', '咳嗽時有血絲或血塊。') on conflict (slug) do update set body_part_id = excluded.body_part_id, name = excluded.name, description = excluded.description;
insert into symptoms (body_part_id, slug, name, description) values ((select id from body_parts where slug = 'chest'), 'phlegm', '痰多', '喉嚨或胸口痰液增加，可能黃綠或濃稠。') on conflict (slug) do update set body_part_id = excluded.body_part_id, name = excluded.name, description = excluded.description;
insert into symptoms (body_part_id, slug, name, description) values ((select id from body_parts where slug = 'chest'), 'snoring', '打呼', '睡覺打呼，可能合併白天嗜睡或睡眠中斷。') on conflict (slug) do update set body_part_id = excluded.body_part_id, name = excluded.name, description = excluded.description;
insert into symptoms (body_part_id, slug, name, description) values ((select id from body_parts where slug = 'chest'), 'sleep-apnea-suspected', '疑似睡眠呼吸中止', '睡眠中呼吸暫停、打呼很大聲或白天疲倦。') on conflict (slug) do update set body_part_id = excluded.body_part_id, name = excluded.name, description = excluded.description;
insert into symptoms (body_part_id, slug, name, description) values ((select id from body_parts where slug = 'abdomen'), 'acid-reflux', '胃酸逆流', '胸口灼熱、酸水上來或飯後躺下加重。') on conflict (slug) do update set body_part_id = excluded.body_part_id, name = excluded.name, description = excluded.description;
insert into symptoms (body_part_id, slug, name, description) values ((select id from body_parts where slug = 'abdomen'), 'black-stool', '黑便', '大便呈黑色柏油狀，可能有腸胃道出血。') on conflict (slug) do update set body_part_id = excluded.body_part_id, name = excluded.name, description = excluded.description;
insert into symptoms (body_part_id, slug, name, description) values ((select id from body_parts where slug = 'abdomen'), 'blood-in-stool', '血便', '糞便帶血、鮮紅血或暗紅色血。') on conflict (slug) do update set body_part_id = excluded.body_part_id, name = excluded.name, description = excluded.description;
insert into symptoms (body_part_id, slug, name, description) values ((select id from body_parts where slug = 'abdomen'), 'abdominal-cramps', '腹部絞痛', '肚子一陣一陣抽痛或絞痛。') on conflict (slug) do update set body_part_id = excluded.body_part_id, name = excluded.name, description = excluded.description;
insert into symptoms (body_part_id, slug, name, description) values ((select id from body_parts where slug = 'abdomen'), 'loss-weight-digestive', '消化不良合併體重下降', '胃口差、消化不良且體重明顯下降。') on conflict (slug) do update set body_part_id = excluded.body_part_id, name = excluded.name, description = excluded.description;
insert into symptoms (body_part_id, slug, name, description) values ((select id from body_parts where slug = 'back'), 'neck-pain', '脖子痛', '頸部疼痛、僵硬或轉頭不適。') on conflict (slug) do update set body_part_id = excluded.body_part_id, name = excluded.name, description = excluded.description;
insert into symptoms (body_part_id, slug, name, description) values ((select id from body_parts where slug = 'back'), 'tailbone-pain', '尾椎痛', '坐下或起身時尾椎附近疼痛。') on conflict (slug) do update set body_part_id = excluded.body_part_id, name = excluded.name, description = excluded.description;
insert into symptoms (body_part_id, slug, name, description) values ((select id from body_parts where slug = 'back'), 'spine-pain', '脊椎痛', '背部正中央或脊椎沿線疼痛。') on conflict (slug) do update set body_part_id = excluded.body_part_id, name = excluded.name, description = excluded.description;
insert into symptoms (body_part_id, slug, name, description) values ((select id from body_parts where slug = 'back'), 'muscle-spasm-back', '背部抽筋', '背部肌肉突然緊縮、抽痛或痙攣。') on conflict (slug) do update set body_part_id = excluded.body_part_id, name = excluded.name, description = excluded.description;
insert into symptoms (body_part_id, slug, name, description) values ((select id from body_parts where slug = 'back'), 'posture-back-pain', '久坐背痛', '久坐後背部痠痛、僵硬或姿勢相關疼痛。') on conflict (slug) do update set body_part_id = excluded.body_part_id, name = excluded.name, description = excluded.description;
insert into symptoms (body_part_id, slug, name, description) values ((select id from body_parts where slug = 'joints'), 'hip-pain', '髖關節痛', '鼠蹊部、臀部或髖部疼痛，走路可能加重。') on conflict (slug) do update set body_part_id = excluded.body_part_id, name = excluded.name, description = excluded.description;
insert into symptoms (body_part_id, slug, name, description) values ((select id from body_parts where slug = 'joints'), 'finger-joint-pain', '手指關節痛', '手指關節疼痛、腫脹或僵硬。') on conflict (slug) do update set body_part_id = excluded.body_part_id, name = excluded.name, description = excluded.description;
insert into symptoms (body_part_id, slug, name, description) values ((select id from body_parts where slug = 'joints'), 'elbow-pain', '手肘痛', '手肘疼痛，可能握物或旋轉前臂時加重。') on conflict (slug) do update set body_part_id = excluded.body_part_id, name = excluded.name, description = excluded.description;
insert into symptoms (body_part_id, slug, name, description) values ((select id from body_parts where slug = 'joints'), 'gout-attack', '疑似痛風發作', '關節突然紅腫熱痛，常見於大腳趾或腳踝。') on conflict (slug) do update set body_part_id = excluded.body_part_id, name = excluded.name, description = excluded.description;
insert into symptoms (body_part_id, slug, name, description) values ((select id from body_parts where slug = 'joints'), 'joint-redness-heat', '關節紅熱', '關節紅、熱、腫且疼痛。') on conflict (slug) do update set body_part_id = excluded.body_part_id, name = excluded.name, description = excluded.description;
insert into symptoms (body_part_id, slug, name, description) values ((select id from body_parts where slug = 'skin'), 'mole-change', '痣變大變色', '痣快速變大、顏色改變或邊緣不規則。') on conflict (slug) do update set body_part_id = excluded.body_part_id, name = excluded.name, description = excluded.description;
insert into symptoms (body_part_id, slug, name, description) values ((select id from body_parts where slug = 'skin'), 'dry-skin', '皮膚乾裂', '皮膚乾燥、脫屑、裂開或疼痛。') on conflict (slug) do update set body_part_id = excluded.body_part_id, name = excluded.name, description = excluded.description;
insert into symptoms (body_part_id, slug, name, description) values ((select id from body_parts where slug = 'skin'), 'burn', '燙傷', '皮膚被熱水、火或化學物灼傷。') on conflict (slug) do update set body_part_id = excluded.body_part_id, name = excluded.name, description = excluded.description;
insert into symptoms (body_part_id, slug, name, description) values ((select id from body_parts where slug = 'skin'), 'pressure-sore', '壓瘡', '長期受壓部位皮膚破損、發紅或潰瘍。') on conflict (slug) do update set body_part_id = excluded.body_part_id, name = excluded.name, description = excluded.description;
insert into symptoms (body_part_id, slug, name, description) values ((select id from body_parts where slug = 'skin'), 'excessive-sweating', '多汗', '手汗、腋下或全身出汗明顯增加。') on conflict (slug) do update set body_part_id = excluded.body_part_id, name = excluded.name, description = excluded.description;
insert into symptoms (body_part_id, slug, name, description) values ((select id from body_parts where slug = 'urinary'), 'urinary-incontinence', '漏尿', '咳嗽、運動或尿急時不自主漏尿。') on conflict (slug) do update set body_part_id = excluded.body_part_id, name = excluded.name, description = excluded.description;
insert into symptoms (body_part_id, slug, name, description) values ((select id from body_parts where slug = 'urinary'), 'foamy-urine', '泡泡尿', '尿液泡沫多且久不消散，可能與蛋白尿相關。') on conflict (slug) do update set body_part_id = excluded.body_part_id, name = excluded.name, description = excluded.description;
insert into symptoms (body_part_id, slug, name, description) values ((select id from body_parts where slug = 'urinary'), 'flank-pain', '腰側痛', '腰部側邊疼痛，可能延伸到下腹或鼠蹊部。') on conflict (slug) do update set body_part_id = excluded.body_part_id, name = excluded.name, description = excluded.description;
insert into symptoms (body_part_id, slug, name, description) values ((select id from body_parts where slug = 'urinary'), 'cloudy-urine', '尿液混濁', '尿液混濁、異味或沉澱增加。') on conflict (slug) do update set body_part_id = excluded.body_part_id, name = excluded.name, description = excluded.description;
insert into symptoms (body_part_id, slug, name, description) values ((select id from body_parts where slug = 'urinary'), 'genital-pain', '生殖器疼痛', '外陰、陰莖、陰囊或會陰疼痛。') on conflict (slug) do update set body_part_id = excluded.body_part_id, name = excluded.name, description = excluded.description;
insert into symptoms (body_part_id, slug, name, description) values ((select id from body_parts where slug = 'liver'), 'ascites-suspected', '疑似腹水', '腹部逐漸脹大、腹圍增加或下肢水腫。') on conflict (slug) do update set body_part_id = excluded.body_part_id, name = excluded.name, description = excluded.description;
insert into symptoms (body_part_id, slug, name, description) values ((select id from body_parts where slug = 'liver'), 'itching-liver', '黃疸合併皮膚癢', '皮膚搔癢合併眼白變黃或尿色變深。') on conflict (slug) do update set body_part_id = excluded.body_part_id, name = excluded.name, description = excluded.description;
insert into symptoms (body_part_id, slug, name, description) values ((select id from body_parts where slug = 'liver'), 'pale-stool', '糞便變白', '糞便顏色變淡、灰白或陶土色。') on conflict (slug) do update set body_part_id = excluded.body_part_id, name = excluded.name, description = excluded.description;
insert into symptoms (body_part_id, slug, name, description) values ((select id from body_parts where slug = 'liver'), 'abnormal-liver-test', '肝功能異常', '健檢或抽血發現肝指數升高。') on conflict (slug) do update set body_part_id = excluded.body_part_id, name = excluded.name, description = excluded.description;
insert into symptoms (body_part_id, slug, name, description) values ((select id from body_parts where slug = 'liver'), 'easy-bleeding-liver', '容易出血合併肝病', '刷牙流血、瘀青增加且有肝病或黃疸。') on conflict (slug) do update set body_part_id = excluded.body_part_id, name = excluded.name, description = excluded.description;
insert into symptoms (body_part_id, slug, name, description) values ((select id from body_parts where slug = 'blood'), 'pale-face', '臉色蒼白', '臉色、嘴唇或指甲偏白，可能合併疲倦或喘。') on conflict (slug) do update set body_part_id = excluded.body_part_id, name = excluded.name, description = excluded.description;
insert into symptoms (body_part_id, slug, name, description) values ((select id from body_parts where slug = 'blood'), 'gum-bleeding', '牙齦容易流血', '刷牙或輕碰牙齦就流血。') on conflict (slug) do update set body_part_id = excluded.body_part_id, name = excluded.name, description = excluded.description;
insert into symptoms (body_part_id, slug, name, description) values ((select id from body_parts where slug = 'blood'), 'swollen-lymph-nodes', '淋巴結腫大', '頸部、腋下或鼠蹊部摸到腫塊。') on conflict (slug) do update set body_part_id = excluded.body_part_id, name = excluded.name, description = excluded.description;
insert into symptoms (body_part_id, slug, name, description) values ((select id from body_parts where slug = 'blood'), 'anemia-suspected', '疑似貧血', '容易疲倦、頭暈、心悸或臉色蒼白。') on conflict (slug) do update set body_part_id = excluded.body_part_id, name = excluded.name, description = excluded.description;
insert into symptoms (body_part_id, slug, name, description) values ((select id from body_parts where slug = 'blood'), 'prolonged-bleeding', '傷口流血不止', '小傷口流血時間明顯變長。') on conflict (slug) do update set body_part_id = excluded.body_part_id, name = excluded.name, description = excluded.description;
insert into symptoms (body_part_id, slug, name, description) values ((select id from body_parts where slug = 'heart'), 'orthopnea', '躺下會喘', '躺平時呼吸困難，需要墊高枕頭。') on conflict (slug) do update set body_part_id = excluded.body_part_id, name = excluded.name, description = excluded.description;
insert into symptoms (body_part_id, slug, name, description) values ((select id from body_parts where slug = 'heart'), 'cold-sweat-chest', '冒冷汗合併胸悶', '胸悶或胸痛時冒冷汗、噁心或虛弱。') on conflict (slug) do update set body_part_id = excluded.body_part_id, name = excluded.name, description = excluded.description;
insert into symptoms (body_part_id, slug, name, description) values ((select id from body_parts where slug = 'heart'), 'slow-heartbeat', '心跳過慢', '心跳明顯偏慢，可能頭暈、疲倦或昏厥。') on conflict (slug) do update set body_part_id = excluded.body_part_id, name = excluded.name, description = excluded.description;
insert into symptoms (body_part_id, slug, name, description) values ((select id from body_parts where slug = 'heart'), 'fast-heartbeat', '心跳過快', '安靜時心跳很快或突然快速跳動。') on conflict (slug) do update set body_part_id = excluded.body_part_id, name = excluded.name, description = excluded.description;
insert into symptoms (body_part_id, slug, name, description) values ((select id from body_parts where slug = 'heart'), 'blue-lips', '嘴唇發紫', '嘴唇或指尖偏紫，可能代表缺氧或循環問題。') on conflict (slug) do update set body_part_id = excluded.body_part_id, name = excluded.name, description = excluded.description;
insert into symptoms (body_part_id, slug, name, description) values ((select id from body_parts where slug = 'neuro'), 'numbness', '麻木感', '手腳、臉部或局部皮膚麻木、刺刺的。') on conflict (slug) do update set body_part_id = excluded.body_part_id, name = excluded.name, description = excluded.description;
insert into symptoms (body_part_id, slug, name, description) values ((select id from body_parts where slug = 'neuro'), 'burning-nerve-pain', '灼熱神經痛', '皮膚或肢體灼熱、電擊或刺痛感。') on conflict (slug) do update set body_part_id = excluded.body_part_id, name = excluded.name, description = excluded.description;
insert into symptoms (body_part_id, slug, name, description) values ((select id from body_parts where slug = 'neuro'), 'gait-instability', '走路不穩', '步態不穩、容易跌倒或走路偏斜。') on conflict (slug) do update set body_part_id = excluded.body_part_id, name = excluded.name, description = excluded.description;
insert into symptoms (body_part_id, slug, name, description) values ((select id from body_parts where slug = 'neuro'), 'confusion', '意識混亂', '突然搞不清楚時間地點、反應變慢或行為異常。') on conflict (slug) do update set body_part_id = excluded.body_part_id, name = excluded.name, description = excluded.description;
insert into symptoms (body_part_id, slug, name, description) values ((select id from body_parts where slug = 'neuro'), 'facial-droop', '臉歪', '臉部一側下垂、笑起來不對稱或口水流出。') on conflict (slug) do update set body_part_id = excluded.body_part_id, name = excluded.name, description = excluded.description;
insert into symptoms (body_part_id, slug, name, description) values ((select id from body_parts where slug = 'ortho'), 'sprain', '扭傷', '關節扭到後疼痛、腫脹或活動不適。') on conflict (slug) do update set body_part_id = excluded.body_part_id, name = excluded.name, description = excluded.description;
insert into symptoms (body_part_id, slug, name, description) values ((select id from body_parts where slug = 'ortho'), 'tendon-pain', '肌腱痛', '用力、伸展或反覆動作時肌腱附近疼痛。') on conflict (slug) do update set body_part_id = excluded.body_part_id, name = excluded.name, description = excluded.description;
insert into symptoms (body_part_id, slug, name, description) values ((select id from body_parts where slug = 'ortho'), 'muscle-strain', '肌肉拉傷', '運動或搬重物後肌肉疼痛、緊繃或無力。') on conflict (slug) do update set body_part_id = excluded.body_part_id, name = excluded.name, description = excluded.description;
insert into symptoms (body_part_id, slug, name, description) values ((select id from body_parts where slug = 'ortho'), 'heel-pain', '腳跟痛', '站立或走路時腳跟疼痛，早上下床可能明顯。') on conflict (slug) do update set body_part_id = excluded.body_part_id, name = excluded.name, description = excluded.description;
insert into symptoms (body_part_id, slug, name, description) values ((select id from body_parts where slug = 'ortho'), 'flatfoot-pain', '扁平足疼痛', '足弓塌陷伴隨足底、腳踝或膝蓋疼痛。') on conflict (slug) do update set body_part_id = excluded.body_part_id, name = excluded.name, description = excluded.description;
insert into symptoms (body_part_id, slug, name, description) values ((select id from body_parts where slug = 'mental'), 'anxiety', '焦慮', '過度擔心、緊張、坐立難安或心跳加快。') on conflict (slug) do update set body_part_id = excluded.body_part_id, name = excluded.name, description = excluded.description;
insert into symptoms (body_part_id, slug, name, description) values ((select id from body_parts where slug = 'mental'), 'panic-attack', '恐慌發作', '突然強烈恐懼、心悸、喘不過氣或快要失控感。') on conflict (slug) do update set body_part_id = excluded.body_part_id, name = excluded.name, description = excluded.description;
insert into symptoms (body_part_id, slug, name, description) values ((select id from body_parts where slug = 'mental'), 'insomnia', '失眠', '入睡困難、淺眠、早醒或睡醒仍疲倦。') on conflict (slug) do update set body_part_id = excluded.body_part_id, name = excluded.name, description = excluded.description;
insert into symptoms (body_part_id, slug, name, description) values ((select id from body_parts where slug = 'mental'), 'depressed-mood', '情緒低落', '持續心情低落、興趣下降或無力感。') on conflict (slug) do update set body_part_id = excluded.body_part_id, name = excluded.name, description = excluded.description;
insert into symptoms (body_part_id, slug, name, description) values ((select id from body_parts where slug = 'mental'), 'poor-concentration', '注意力不集中', '難以專注、容易分心或工作學習效率下降。') on conflict (slug) do update set body_part_id = excluded.body_part_id, name = excluded.name, description = excluded.description;
insert into symptoms (body_part_id, slug, name, description) values ((select id from body_parts where slug = 'mental'), 'irritability', '易怒', '情緒容易爆發、煩躁或控制困難。') on conflict (slug) do update set body_part_id = excluded.body_part_id, name = excluded.name, description = excluded.description;
insert into symptoms (body_part_id, slug, name, description) values ((select id from body_parts where slug = 'mental'), 'low-energy-mental', '提不起勁', '長期缺乏動力、疲倦或對事情沒興趣。') on conflict (slug) do update set body_part_id = excluded.body_part_id, name = excluded.name, description = excluded.description;
insert into symptoms (body_part_id, slug, name, description) values ((select id from body_parts where slug = 'mental'), 'stress-symptoms', '壓力大身體不適', '壓力下出現頭痛、胸悶、胃痛或失眠。') on conflict (slug) do update set body_part_id = excluded.body_part_id, name = excluded.name, description = excluded.description;
insert into symptoms (body_part_id, slug, name, description) values ((select id from body_parts where slug = 'mental'), 'sleepiness-daytime', '白天嗜睡', '白天容易睡著、精神不濟或注意力下降。') on conflict (slug) do update set body_part_id = excluded.body_part_id, name = excluded.name, description = excluded.description;
insert into symptoms (body_part_id, slug, name, description) values ((select id from body_parts where slug = 'mental'), 'health-anxiety', '過度擔心健康', '反覆擔心自己生病、頻繁查詢症狀或難以安心。') on conflict (slug) do update set body_part_id = excluded.body_part_id, name = excluded.name, description = excluded.description;
insert into symptoms (body_part_id, slug, name, description) values ((select id from body_parts where slug = 'endocrine'), 'excessive-thirst', '異常口渴', '明顯口渴、喝很多水仍覺得渴。') on conflict (slug) do update set body_part_id = excluded.body_part_id, name = excluded.name, description = excluded.description;
insert into symptoms (body_part_id, slug, name, description) values ((select id from body_parts where slug = 'endocrine'), 'increased-appetite', '食量增加', '食量變大但體重可能下降或容易餓。') on conflict (slug) do update set body_part_id = excluded.body_part_id, name = excluded.name, description = excluded.description;
insert into symptoms (body_part_id, slug, name, description) values ((select id from body_parts where slug = 'endocrine'), 'heat-intolerance', '怕熱', '比別人容易覺得熱、流汗多或心悸。') on conflict (slug) do update set body_part_id = excluded.body_part_id, name = excluded.name, description = excluded.description;
insert into symptoms (body_part_id, slug, name, description) values ((select id from body_parts where slug = 'endocrine'), 'cold-intolerance', '怕冷', '比平常更怕冷、疲倦或體重增加。') on conflict (slug) do update set body_part_id = excluded.body_part_id, name = excluded.name, description = excluded.description;
insert into symptoms (body_part_id, slug, name, description) values ((select id from body_parts where slug = 'endocrine'), 'weight-gain', '體重增加', '非刻意體重增加，可能合併水腫或疲倦。') on conflict (slug) do update set body_part_id = excluded.body_part_id, name = excluded.name, description = excluded.description;
insert into symptoms (body_part_id, slug, name, description) values ((select id from body_parts where slug = 'endocrine'), 'neck-thyroid-lump', '甲狀腺腫大', '脖子前方腫大、壓迫感或吞嚥不適。') on conflict (slug) do update set body_part_id = excluded.body_part_id, name = excluded.name, description = excluded.description;
insert into symptoms (body_part_id, slug, name, description) values ((select id from body_parts where slug = 'endocrine'), 'hand-tremor-thyroid', '手抖合併心悸', '手抖、心跳快、怕熱或體重下降。') on conflict (slug) do update set body_part_id = excluded.body_part_id, name = excluded.name, description = excluded.description;
insert into symptoms (body_part_id, slug, name, description) values ((select id from body_parts where slug = 'endocrine'), 'low-blood-sugar-symptoms', '低血糖症狀', '冒冷汗、手抖、心悸、飢餓或頭暈。') on conflict (slug) do update set body_part_id = excluded.body_part_id, name = excluded.name, description = excluded.description;
insert into symptoms (body_part_id, slug, name, description) values ((select id from body_parts where slug = 'endocrine'), 'menstrual-irregular-endocrine', '月經不規則合併內分泌症狀', '月經亂合併痘痘、多毛、體重變化或怕冷怕熱。') on conflict (slug) do update set body_part_id = excluded.body_part_id, name = excluded.name, description = excluded.description;
insert into symptoms (body_part_id, slug, name, description) values ((select id from body_parts where slug = 'endocrine'), 'excessive-hair-growth', '多毛', '臉部、胸腹或四肢毛髮明顯增加。') on conflict (slug) do update set body_part_id = excluded.body_part_id, name = excluded.name, description = excluded.description;
insert into symptoms (body_part_id, slug, name, description) values ((select id from body_parts where slug = 'women'), 'menstrual-pain', '經痛', '月經來時下腹痛、腰痠或噁心。') on conflict (slug) do update set body_part_id = excluded.body_part_id, name = excluded.name, description = excluded.description;
insert into symptoms (body_part_id, slug, name, description) values ((select id from body_parts where slug = 'women'), 'heavy-menstrual-bleeding', '月經量過多', '月經量明顯變多、血塊多或需要頻繁更換衛生用品。') on conflict (slug) do update set body_part_id = excluded.body_part_id, name = excluded.name, description = excluded.description;
insert into symptoms (body_part_id, slug, name, description) values ((select id from body_parts where slug = 'women'), 'irregular-period', '月經不規則', '月經週期忽長忽短、停經或非預期出血。') on conflict (slug) do update set body_part_id = excluded.body_part_id, name = excluded.name, description = excluded.description;
insert into symptoms (body_part_id, slug, name, description) values ((select id from body_parts where slug = 'women'), 'vaginal-discharge', '陰道分泌物異常', '分泌物變多、異味、顏色改變或搔癢。') on conflict (slug) do update set body_part_id = excluded.body_part_id, name = excluded.name, description = excluded.description;
insert into symptoms (body_part_id, slug, name, description) values ((select id from body_parts where slug = 'women'), 'pelvic-pain', '骨盆腔疼痛', '下腹或骨盆深處疼痛，可能和月經或感染相關。') on conflict (slug) do update set body_part_id = excluded.body_part_id, name = excluded.name, description = excluded.description;
insert into symptoms (body_part_id, slug, name, description) values ((select id from body_parts where slug = 'women'), 'breast-lump', '乳房腫塊', '乳房摸到硬塊、局部變厚或形狀改變。') on conflict (slug) do update set body_part_id = excluded.body_part_id, name = excluded.name, description = excluded.description;
insert into symptoms (body_part_id, slug, name, description) values ((select id from body_parts where slug = 'women'), 'breast-pain', '乳房疼痛', '乳房脹痛、刺痛或壓痛，可能與週期相關。') on conflict (slug) do update set body_part_id = excluded.body_part_id, name = excluded.name, description = excluded.description;
insert into symptoms (body_part_id, slug, name, description) values ((select id from body_parts where slug = 'women'), 'pregnancy-nausea', '孕吐', '懷孕期間噁心、嘔吐或食慾下降。') on conflict (slug) do update set body_part_id = excluded.body_part_id, name = excluded.name, description = excluded.description;
insert into symptoms (body_part_id, slug, name, description) values ((select id from body_parts where slug = 'women'), 'menopause-hot-flashes', '更年期熱潮紅', '突然臉熱、流汗、心悸或睡眠受影響。') on conflict (slug) do update set body_part_id = excluded.body_part_id, name = excluded.name, description = excluded.description;
insert into symptoms (body_part_id, slug, name, description) values ((select id from body_parts where slug = 'women'), 'painful-intercourse', '性交疼痛', '性行為時或之後疼痛、乾澀或下腹痛。') on conflict (slug) do update set body_part_id = excluded.body_part_id, name = excluded.name, description = excluded.description;
insert into symptoms (body_part_id, slug, name, description) values ((select id from body_parts where slug = 'child'), 'child-fever', '兒童發燒', '兒童體溫升高，可能伴隨咳嗽、流鼻水或活動力下降。') on conflict (slug) do update set body_part_id = excluded.body_part_id, name = excluded.name, description = excluded.description;
insert into symptoms (body_part_id, slug, name, description) values ((select id from body_parts where slug = 'child'), 'child-cough', '兒童咳嗽', '孩子咳嗽、夜咳或有痰。') on conflict (slug) do update set body_part_id = excluded.body_part_id, name = excluded.name, description = excluded.description;
insert into symptoms (body_part_id, slug, name, description) values ((select id from body_parts where slug = 'child'), 'child-rash', '兒童紅疹', '孩子皮膚紅疹、丘疹或發癢。') on conflict (slug) do update set body_part_id = excluded.body_part_id, name = excluded.name, description = excluded.description;
insert into symptoms (body_part_id, slug, name, description) values ((select id from body_parts where slug = 'child'), 'child-vomiting', '兒童嘔吐', '孩子反覆嘔吐、食慾下降或腹痛。') on conflict (slug) do update set body_part_id = excluded.body_part_id, name = excluded.name, description = excluded.description;
insert into symptoms (body_part_id, slug, name, description) values ((select id from body_parts where slug = 'child'), 'child-diarrhea', '兒童腹瀉', '孩子水便、排便次數增加或肚子痛。') on conflict (slug) do update set body_part_id = excluded.body_part_id, name = excluded.name, description = excluded.description;
insert into symptoms (body_part_id, slug, name, description) values ((select id from body_parts where slug = 'child'), 'child-ear-pain', '兒童耳痛', '孩子拉耳朵、哭鬧或說耳朵痛。') on conflict (slug) do update set body_part_id = excluded.body_part_id, name = excluded.name, description = excluded.description;
insert into symptoms (body_part_id, slug, name, description) values ((select id from body_parts where slug = 'child'), 'child-wheezing', '兒童喘鳴', '孩子呼吸有咻咻聲、咳嗽或活動喘。') on conflict (slug) do update set body_part_id = excluded.body_part_id, name = excluded.name, description = excluded.description;
insert into symptoms (body_part_id, slug, name, description) values ((select id from body_parts where slug = 'child'), 'child-poor-appetite', '兒童食慾差', '孩子食量下降、拒食或活動力變差。') on conflict (slug) do update set body_part_id = excluded.body_part_id, name = excluded.name, description = excluded.description;
insert into symptoms (body_part_id, slug, name, description) values ((select id from body_parts where slug = 'child'), 'child-growth-concern', '兒童生長遲緩', '身高體重成長落後或曲線下降。') on conflict (slug) do update set body_part_id = excluded.body_part_id, name = excluded.name, description = excluded.description;
insert into symptoms (body_part_id, slug, name, description) values ((select id from body_parts where slug = 'child'), 'child-development-delay', '兒童發展遲緩', '語言、動作、社交或學習發展比同齡慢。') on conflict (slug) do update set body_part_id = excluded.body_part_id, name = excluded.name, description = excluded.description;
insert into symptoms (body_part_id, slug, name, description) values ((select id from body_parts where slug = 'dental'), 'toothache', '牙痛', '牙齒疼痛，咬合、冷熱或甜食時加重。') on conflict (slug) do update set body_part_id = excluded.body_part_id, name = excluded.name, description = excluded.description;
insert into symptoms (body_part_id, slug, name, description) values ((select id from body_parts where slug = 'dental'), 'gum-swelling', '牙齦腫痛', '牙齦紅腫、疼痛或流膿。') on conflict (slug) do update set body_part_id = excluded.body_part_id, name = excluded.name, description = excluded.description;
insert into symptoms (body_part_id, slug, name, description) values ((select id from body_parts where slug = 'dental'), 'mouth-ulcer', '嘴破', '口腔潰瘍、疼痛或反覆破洞。') on conflict (slug) do update set body_part_id = excluded.body_part_id, name = excluded.name, description = excluded.description;
insert into symptoms (body_part_id, slug, name, description) values ((select id from body_parts where slug = 'dental'), 'jaw-clicking', '顳顎關節喀喀聲', '張口或咀嚼時下巴關節有聲音、卡住或疼痛。') on conflict (slug) do update set body_part_id = excluded.body_part_id, name = excluded.name, description = excluded.description;
insert into symptoms (body_part_id, slug, name, description) values ((select id from body_parts where slug = 'dental'), 'sensitive-teeth', '牙齒敏感', '喝冷熱或刷牙時牙齒酸痛。') on conflict (slug) do update set body_part_id = excluded.body_part_id, name = excluded.name, description = excluded.description;
insert into symptoms (body_part_id, slug, name, description) values ((select id from body_parts where slug = 'dental'), 'loose-tooth', '牙齒鬆動', '牙齒晃動、咬合不穩或牙周不適。') on conflict (slug) do update set body_part_id = excluded.body_part_id, name = excluded.name, description = excluded.description;
insert into symptoms (body_part_id, slug, name, description) values ((select id from body_parts where slug = 'dental'), 'dry-mouth', '口乾', '口腔乾燥、唾液少或吞嚥說話不適。') on conflict (slug) do update set body_part_id = excluded.body_part_id, name = excluded.name, description = excluded.description;
insert into symptoms (body_part_id, slug, name, description) values ((select id from body_parts where slug = 'dental'), 'tongue-pain', '舌頭痛', '舌頭疼痛、灼熱、潰瘍或顏色改變。') on conflict (slug) do update set body_part_id = excluded.body_part_id, name = excluded.name, description = excluded.description;
insert into symptoms (body_part_id, slug, name, description) values ((select id from body_parts where slug = 'dental'), 'bleeding-after-dental', '拔牙後流血不止', '拔牙或口腔處置後持續出血。') on conflict (slug) do update set body_part_id = excluded.body_part_id, name = excluded.name, description = excluded.description;
insert into symptoms (body_part_id, slug, name, description) values ((select id from body_parts where slug = 'dental'), 'bad-taste-mouth', '口中異味', '口中苦味、金屬味或異味持續。') on conflict (slug) do update set body_part_id = excluded.body_part_id, name = excluded.name, description = excluded.description;
insert into symptoms (body_part_id, slug, name, description) values ((select id from body_parts where slug = 'infection'), 'fever', '發燒', '體溫升高，可能伴隨畏寒、痠痛或疲倦。') on conflict (slug) do update set body_part_id = excluded.body_part_id, name = excluded.name, description = excluded.description;
insert into symptoms (body_part_id, slug, name, description) values ((select id from body_parts where slug = 'infection'), 'chills', '畏寒發冷', '突然發冷、顫抖或覺得很冷。') on conflict (slug) do update set body_part_id = excluded.body_part_id, name = excluded.name, description = excluded.description;
insert into symptoms (body_part_id, slug, name, description) values ((select id from body_parts where slug = 'infection'), 'body-aches', '全身痠痛', '肌肉關節痠痛，常伴隨感染或疲勞。') on conflict (slug) do update set body_part_id = excluded.body_part_id, name = excluded.name, description = excluded.description;
insert into symptoms (body_part_id, slug, name, description) values ((select id from body_parts where slug = 'infection'), 'swollen-tonsils-fever', '發燒合併喉嚨痛', '喉嚨痛伴隨發燒、吞嚥痛或扁桃腺腫。') on conflict (slug) do update set body_part_id = excluded.body_part_id, name = excluded.name, description = excluded.description;
insert into symptoms (body_part_id, slug, name, description) values ((select id from body_parts where slug = 'infection'), 'persistent-fever', '持續發燒', '發燒持續多日或反覆發作。') on conflict (slug) do update set body_part_id = excluded.body_part_id, name = excluded.name, description = excluded.description;
insert into symptoms (body_part_id, slug, name, description) values ((select id from body_parts where slug = 'infection'), 'recurrent-infection', '反覆感染', '短時間內多次感冒、泌尿道或皮膚感染。') on conflict (slug) do update set body_part_id = excluded.body_part_id, name = excluded.name, description = excluded.description;
insert into symptoms (body_part_id, slug, name, description) values ((select id from body_parts where slug = 'infection'), 'travel-fever', '旅遊後發燒', '出國或旅遊後出現發燒、腹瀉或皮疹。') on conflict (slug) do update set body_part_id = excluded.body_part_id, name = excluded.name, description = excluded.description;
insert into symptoms (body_part_id, slug, name, description) values ((select id from body_parts where slug = 'infection'), 'insect-bite-fever', '蚊蟲叮咬後發燒', '蚊蟲叮咬後出現發燒、紅腫或皮疹。') on conflict (slug) do update set body_part_id = excluded.body_part_id, name = excluded.name, description = excluded.description;
insert into symptoms (body_part_id, slug, name, description) values ((select id from body_parts where slug = 'infection'), 'wound-fever', '傷口合併發燒', '傷口紅腫熱痛並出現發燒。') on conflict (slug) do update set body_part_id = excluded.body_part_id, name = excluded.name, description = excluded.description;
insert into symptoms (body_part_id, slug, name, description) values ((select id from body_parts where slug = 'infection'), 'covid-like-symptoms', '類感冒症狀', '喉嚨痛、咳嗽、發燒、流鼻水或全身痠痛。') on conflict (slug) do update set body_part_id = excluded.body_part_id, name = excluded.name, description = excluded.description;
insert into symptoms (body_part_id, slug, name, description) values ((select id from body_parts where slug = 'respiratory'), 'wheezing-breath', '呼吸有咻咻聲', '呼吸時出現咻咻聲，可能伴隨咳嗽或胸悶。') on conflict (slug) do update set body_part_id = excluded.body_part_id, name = excluded.name, description = excluded.description;
insert into symptoms (body_part_id, slug, name, description) values ((select id from body_parts where slug = 'respiratory'), 'rapid-breathing', '呼吸急促', '呼吸頻率變快，可能休息時也覺得喘。') on conflict (slug) do update set body_part_id = excluded.body_part_id, name = excluded.name, description = excluded.description;
insert into symptoms (body_part_id, slug, name, description) values ((select id from body_parts where slug = 'respiratory'), 'chest-congestion', '胸口有痰塞感', '胸口像有痰卡住、悶住或咳不乾淨。') on conflict (slug) do update set body_part_id = excluded.body_part_id, name = excluded.name, description = excluded.description;
insert into symptoms (body_part_id, slug, name, description) values ((select id from body_parts where slug = 'respiratory'), 'cannot-take-deep-breath', '吸不到氣', '感覺吸氣不夠深、胸口緊或空氣不夠。') on conflict (slug) do update set body_part_id = excluded.body_part_id, name = excluded.name, description = excluded.description;
insert into symptoms (body_part_id, slug, name, description) values ((select id from body_parts where slug = 'respiratory'), 'long-covid-breath', '感染後喘不過氣', '感冒或病毒感染後持續喘、咳或胸悶。') on conflict (slug) do update set body_part_id = excluded.body_part_id, name = excluded.name, description = excluded.description;
insert into symptoms (body_part_id, slug, name, description) values ((select id from body_parts where slug = 'respiratory'), 'pleuritic-pain', '深呼吸刺痛', '深呼吸或咳嗽時胸側刺痛。') on conflict (slug) do update set body_part_id = excluded.body_part_id, name = excluded.name, description = excluded.description;
insert into symptoms (body_part_id, slug, name, description) values ((select id from body_parts where slug = 'respiratory'), 'low-oxygen-suspected', '疑似血氧低', '嘴唇發紫、喘、頭暈或血氧機數值偏低。') on conflict (slug) do update set body_part_id = excluded.body_part_id, name = excluded.name, description = excluded.description;
insert into symptoms (body_part_id, slug, name, description) values ((select id from body_parts where slug = 'respiratory'), 'shortness-lying', '躺下喘', '躺平時喘或夜間因喘醒。') on conflict (slug) do update set body_part_id = excluded.body_part_id, name = excluded.name, description = excluded.description;
insert into symptoms (body_part_id, slug, name, description) values ((select id from body_parts where slug = 'kidney'), 'proteinuria', '尿蛋白', '尿液檢查有蛋白，可能伴隨泡泡尿或水腫。') on conflict (slug) do update set body_part_id = excluded.body_part_id, name = excluded.name, description = excluded.description;
insert into symptoms (body_part_id, slug, name, description) values ((select id from body_parts where slug = 'kidney'), 'reduced-urine', '尿量變少', '排尿量明顯減少，可能伴隨水腫或疲倦。') on conflict (slug) do update set body_part_id = excluded.body_part_id, name = excluded.name, description = excluded.description;
insert into symptoms (body_part_id, slug, name, description) values ((select id from body_parts where slug = 'kidney'), 'swollen-face-morning', '早上臉腫', '早晨眼皮或臉部浮腫，可能伴隨泡泡尿。') on conflict (slug) do update set body_part_id = excluded.body_part_id, name = excluded.name, description = excluded.description;
insert into symptoms (body_part_id, slug, name, description) values ((select id from body_parts where slug = 'kidney'), 'high-blood-pressure', '血壓偏高', '血壓持續偏高或量到異常數值。') on conflict (slug) do update set body_part_id = excluded.body_part_id, name = excluded.name, description = excluded.description;
insert into symptoms (body_part_id, slug, name, description) values ((select id from body_parts where slug = 'kidney'), 'kidney-stone-suspected', '疑似腎結石', '腰側劇痛、血尿或疼痛延伸到下腹鼠蹊。') on conflict (slug) do update set body_part_id = excluded.body_part_id, name = excluded.name, description = excluded.description;
insert into symptoms (body_part_id, slug, name, description) values ((select id from body_parts where slug = 'kidney'), 'uremia-symptoms', '疑似尿毒症症狀', '噁心、食慾差、疲倦、皮膚癢或意識變差。') on conflict (slug) do update set body_part_id = excluded.body_part_id, name = excluded.name, description = excluded.description;
insert into symptoms (body_part_id, slug, name, description) values ((select id from body_parts where slug = 'kidney'), 'leg-cramps-kidney', '夜間腳抽筋', '夜間小腿抽筋，可能與電解質、循環或腎功能相關。') on conflict (slug) do update set body_part_id = excluded.body_part_id, name = excluded.name, description = excluded.description;
insert into symptoms (body_part_id, slug, name, description) values ((select id from body_parts where slug = 'kidney'), 'electrolyte-symptoms', '疑似電解質異常', '無力、心悸、抽筋、麻木或意識變化。') on conflict (slug) do update set body_part_id = excluded.body_part_id, name = excluded.name, description = excluded.description;
insert into symptoms (body_part_id, slug, name, description) values ((select id from body_parts where slug = 'rectal'), 'hemorrhoids', '痔瘡', '肛門腫痛、便後出血或有腫塊突出。') on conflict (slug) do update set body_part_id = excluded.body_part_id, name = excluded.name, description = excluded.description;
insert into symptoms (body_part_id, slug, name, description) values ((select id from body_parts where slug = 'rectal'), 'anal-pain', '肛門疼痛', '肛門灼熱、刺痛或排便時疼痛。') on conflict (slug) do update set body_part_id = excluded.body_part_id, name = excluded.name, description = excluded.description;
insert into symptoms (body_part_id, slug, name, description) values ((select id from body_parts where slug = 'rectal'), 'anal-itching', '肛門搔癢', '肛門周圍搔癢、潮濕或皮膚刺激。') on conflict (slug) do update set body_part_id = excluded.body_part_id, name = excluded.name, description = excluded.description;
insert into symptoms (body_part_id, slug, name, description) values ((select id from body_parts where slug = 'rectal'), 'rectal-bleeding', '肛門出血', '便後衛生紙有血或馬桶中有鮮血。') on conflict (slug) do update set body_part_id = excluded.body_part_id, name = excluded.name, description = excluded.description;
insert into symptoms (body_part_id, slug, name, description) values ((select id from body_parts where slug = 'rectal'), 'painful-defecation', '排便疼痛', '排便時肛門疼痛、撕裂感或灼熱。') on conflict (slug) do update set body_part_id = excluded.body_part_id, name = excluded.name, description = excluded.description;
insert into symptoms (body_part_id, slug, name, description) values ((select id from body_parts where slug = 'rectal'), 'anal-lump', '肛門腫塊', '肛門旁摸到腫塊、突出或疼痛。') on conflict (slug) do update set body_part_id = excluded.body_part_id, name = excluded.name, description = excluded.description;
insert into symptoms (body_part_id, slug, name, description) values ((select id from body_parts where slug = 'rectal'), 'fecal-incontinence', '大便失禁', '無法控制排便或常有滲便。') on conflict (slug) do update set body_part_id = excluded.body_part_id, name = excluded.name, description = excluded.description;
insert into symptoms (body_part_id, slug, name, description) values ((select id from body_parts where slug = 'rectal'), 'narrow-stool', '糞便變細', '大便形狀變細或排便習慣改變。') on conflict (slug) do update set body_part_id = excluded.body_part_id, name = excluded.name, description = excluded.description;
insert into symptoms (body_part_id, slug, name, description) values ((select id from body_parts where slug = 'allergy'), 'allergic-rhinitis', '過敏性鼻炎', '鼻癢、打噴嚏、流鼻水或鼻塞反覆。') on conflict (slug) do update set body_part_id = excluded.body_part_id, name = excluded.name, description = excluded.description;
insert into symptoms (body_part_id, slug, name, description) values ((select id from body_parts where slug = 'allergy'), 'food-allergy', '食物過敏', '吃特定食物後出現皮疹、嘴唇腫、腹痛或喘。') on conflict (slug) do update set body_part_id = excluded.body_part_id, name = excluded.name, description = excluded.description;
insert into symptoms (body_part_id, slug, name, description) values ((select id from body_parts where slug = 'allergy'), 'drug-allergy', '藥物過敏', '服藥後出現皮疹、癢、腫或呼吸不適。') on conflict (slug) do update set body_part_id = excluded.body_part_id, name = excluded.name, description = excluded.description;
insert into symptoms (body_part_id, slug, name, description) values ((select id from body_parts where slug = 'allergy'), 'angioedema', '血管性水腫', '嘴唇、眼皮、舌頭或喉嚨突然腫脹。') on conflict (slug) do update set body_part_id = excluded.body_part_id, name = excluded.name, description = excluded.description;
insert into symptoms (body_part_id, slug, name, description) values ((select id from body_parts where slug = 'allergy'), 'chronic-hives', '慢性蕁麻疹', '風團反覆超過六週，常伴隨搔癢。') on conflict (slug) do update set body_part_id = excluded.body_part_id, name = excluded.name, description = excluded.description;
insert into symptoms (body_part_id, slug, name, description) values ((select id from body_parts where slug = 'allergy'), 'asthma-attack', '氣喘發作', '喘、胸悶、咳嗽或呼吸咻咻聲突然加重。') on conflict (slug) do update set body_part_id = excluded.body_part_id, name = excluded.name, description = excluded.description;
insert into symptoms (body_part_id, slug, name, description) values ((select id from body_parts where slug = 'allergy'), 'eye-allergy', '眼睛過敏', '眼睛癢、紅、流淚，常合併鼻過敏。') on conflict (slug) do update set body_part_id = excluded.body_part_id, name = excluded.name, description = excluded.description;
insert into symptoms (body_part_id, slug, name, description) values ((select id from body_parts where slug = 'allergy'), 'contact-dermatitis', '接觸性皮膚炎', '接觸特定物品後皮膚紅、癢、起疹或水泡。') on conflict (slug) do update set body_part_id = excluded.body_part_id, name = excluded.name, description = excluded.description;
insert into symptoms (body_part_id, slug, name, description) values ((select id from body_parts where slug = 'sleep'), 'difficulty-falling-asleep', '入睡困難', '躺下很久睡不著，腦中停不下來。') on conflict (slug) do update set body_part_id = excluded.body_part_id, name = excluded.name, description = excluded.description;
insert into symptoms (body_part_id, slug, name, description) values ((select id from body_parts where slug = 'sleep'), 'early-morning-awakening', '清晨早醒', '比預期早醒且難以再入睡。') on conflict (slug) do update set body_part_id = excluded.body_part_id, name = excluded.name, description = excluded.description;
insert into symptoms (body_part_id, slug, name, description) values ((select id from body_parts where slug = 'sleep'), 'frequent-night-waking', '半夜常醒', '夜間反覆醒來，睡眠破碎。') on conflict (slug) do update set body_part_id = excluded.body_part_id, name = excluded.name, description = excluded.description;
insert into symptoms (body_part_id, slug, name, description) values ((select id from body_parts where slug = 'sleep'), 'restless-legs', '不寧腿', '睡前腿部不舒服、想動腿，影響睡眠。') on conflict (slug) do update set body_part_id = excluded.body_part_id, name = excluded.name, description = excluded.description;
insert into symptoms (body_part_id, slug, name, description) values ((select id from body_parts where slug = 'sleep'), 'nightmares', '惡夢頻繁', '反覆惡夢、驚醒或影響睡眠品質。') on conflict (slug) do update set body_part_id = excluded.body_part_id, name = excluded.name, description = excluded.description;
insert into symptoms (body_part_id, slug, name, description) values ((select id from body_parts where slug = 'sleep'), 'sleepwalking', '夢遊', '睡眠中起身走動，醒後可能不記得。') on conflict (slug) do update set body_part_id = excluded.body_part_id, name = excluded.name, description = excluded.description;
insert into symptoms (body_part_id, slug, name, description) values ((select id from body_parts where slug = 'sleep'), 'shift-work-sleep', '輪班睡眠困擾', '輪班後失眠、嗜睡或作息混亂。') on conflict (slug) do update set body_part_id = excluded.body_part_id, name = excluded.name, description = excluded.description;
insert into symptoms (body_part_id, slug, name, description) values ((select id from body_parts where slug = 'sleep'), 'teeth-grinding-sleep', '睡覺磨牙', '睡眠中磨牙、醒來下巴酸或牙齒敏感。') on conflict (slug) do update set body_part_id = excluded.body_part_id, name = excluded.name, description = excluded.description;
insert into symptoms (body_part_id, slug, name, description) values ((select id from body_parts where slug = 'male'), 'testicular-pain', '睪丸疼痛', '陰囊或睪丸疼痛、腫脹或壓痛。') on conflict (slug) do update set body_part_id = excluded.body_part_id, name = excluded.name, description = excluded.description;
insert into symptoms (body_part_id, slug, name, description) values ((select id from body_parts where slug = 'male'), 'erectile-dysfunction', '勃起功能障礙', '勃起困難、維持困難或性功能下降。') on conflict (slug) do update set body_part_id = excluded.body_part_id, name = excluded.name, description = excluded.description;
insert into symptoms (body_part_id, slug, name, description) values ((select id from body_parts where slug = 'male'), 'penile-discharge', '尿道分泌物', '尿道口有分泌物、異味或排尿疼痛。') on conflict (slug) do update set body_part_id = excluded.body_part_id, name = excluded.name, description = excluded.description;
insert into symptoms (body_part_id, slug, name, description) values ((select id from body_parts where slug = 'male'), 'prostate-symptoms', '攝護腺症狀', '尿流變弱、頻尿、夜尿或尿不乾淨。') on conflict (slug) do update set body_part_id = excluded.body_part_id, name = excluded.name, description = excluded.description;
insert into symptoms (body_part_id, slug, name, description) values ((select id from body_parts where slug = 'male'), 'scrotal-swelling', '陰囊腫脹', '陰囊變大、腫脹或沉重感。') on conflict (slug) do update set body_part_id = excluded.body_part_id, name = excluded.name, description = excluded.description;
insert into symptoms (body_part_id, slug, name, description) values ((select id from body_parts where slug = 'male'), 'male-infertility-concern', '男性不孕疑慮', '備孕一段時間未成功，擔心精液或生育能力。') on conflict (slug) do update set body_part_id = excluded.body_part_id, name = excluded.name, description = excluded.description;
insert into symptoms (body_part_id, slug, name, description) values ((select id from body_parts where slug = 'male'), 'premature-ejaculation', '早洩', '射精控制困難，影響性生活滿意度。') on conflict (slug) do update set body_part_id = excluded.body_part_id, name = excluded.name, description = excluded.description;
insert into symptoms (body_part_id, slug, name, description) values ((select id from body_parts where slug = 'male'), 'blood-in-semen', '精液帶血', '精液呈粉紅、紅色或褐色。') on conflict (slug) do update set body_part_id = excluded.body_part_id, name = excluded.name, description = excluded.description;
insert into symptoms (body_part_id, slug, name, description) values ((select id from body_parts where slug = 'nutrition'), 'loss-of-appetite-nutrition', '胃口變差', '食慾下降、吃不下或看到食物沒興趣。') on conflict (slug) do update set body_part_id = excluded.body_part_id, name = excluded.name, description = excluded.description;
insert into symptoms (body_part_id, slug, name, description) values ((select id from body_parts where slug = 'nutrition'), 'unintentional-weight-gain', '不明原因變胖', '沒有明顯改變飲食卻體重上升。') on conflict (slug) do update set body_part_id = excluded.body_part_id, name = excluded.name, description = excluded.description;
insert into symptoms (body_part_id, slug, name, description) values ((select id from body_parts where slug = 'nutrition'), 'unintentional-weight-loss-nutrition', '不明原因變瘦', '沒有刻意減重卻體重下降。') on conflict (slug) do update set body_part_id = excluded.body_part_id, name = excluded.name, description = excluded.description;
insert into symptoms (body_part_id, slug, name, description) values ((select id from body_parts where slug = 'nutrition'), 'dehydration-suspected', '疑似脫水', '口乾、尿少、頭暈、皮膚乾或虛弱。') on conflict (slug) do update set body_part_id = excluded.body_part_id, name = excluded.name, description = excluded.description;
insert into symptoms (body_part_id, slug, name, description) values ((select id from body_parts where slug = 'nutrition'), 'vitamin-deficiency-suspected', '疑似營養缺乏', '疲倦、口角炎、掉髮、麻木或皮膚變化。') on conflict (slug) do update set body_part_id = excluded.body_part_id, name = excluded.name, description = excluded.description;
insert into symptoms (body_part_id, slug, name, description) values ((select id from body_parts where slug = 'nutrition'), 'binge-eating', '暴食', '短時間大量進食且難以控制，之後感到懊悔。') on conflict (slug) do update set body_part_id = excluded.body_part_id, name = excluded.name, description = excluded.description;
insert into symptoms (body_part_id, slug, name, description) values ((select id from body_parts where slug = 'nutrition'), 'eating-too-little', '吃太少', '長期吃很少、害怕變胖或體重過低。') on conflict (slug) do update set body_part_id = excluded.body_part_id, name = excluded.name, description = excluded.description;
insert into symptoms (body_part_id, slug, name, description) values ((select id from body_parts where slug = 'nutrition'), 'salt-craving', '特別想吃鹹', '突然或長期很想吃鹹食，可能合併疲倦或頭暈。') on conflict (slug) do update set body_part_id = excluded.body_part_id, name = excluded.name, description = excluded.description;

insert into symptom_guidance (symptom_id, see_doctor_soon, emergency) values ((select id from symptoms where slug = 'headache'), '若反覆發作、持續超過三天或影響生活，建議安排門診。', '突然劇烈頭痛、意識改變、單側無力、發燒合併頸部僵硬，請立即急診。') on conflict (symptom_id) do update set see_doctor_soon = excluded.see_doctor_soon, emergency = excluded.emergency;
insert into symptom_departments (symptom_id, department_id) values ((select id from symptoms where slug = 'headache'), (select id from medical_departments where slug = 'neurology')) on conflict (symptom_id, department_id) do nothing;
insert into symptom_departments (symptom_id, department_id) values ((select id from symptoms where slug = 'headache'), (select id from medical_departments where slug = 'family-medicine')) on conflict (symptom_id, department_id) do nothing;
insert into symptom_guidance (symptom_id, see_doctor_soon, emergency) values ((select id from symptoms where slug = 'dizziness'), '若頭暈反覆、伴隨噁心嘔吐或走路不穩，建議就醫。', '合併胸痛、昏厥、說話不清、單側無力，請立即急診。') on conflict (symptom_id) do update set see_doctor_soon = excluded.see_doctor_soon, emergency = excluded.emergency;
insert into symptom_departments (symptom_id, department_id) values ((select id from symptoms where slug = 'dizziness'), (select id from medical_departments where slug = 'ent')) on conflict (symptom_id, department_id) do nothing;
insert into symptom_departments (symptom_id, department_id) values ((select id from symptoms where slug = 'dizziness'), (select id from medical_departments where slug = 'neurology')) on conflict (symptom_id, department_id) do nothing;
insert into symptom_departments (symptom_id, department_id) values ((select id from symptoms where slug = 'dizziness'), (select id from medical_departments where slug = 'family-medicine')) on conflict (symptom_id, department_id) do nothing;
insert into symptom_guidance (symptom_id, see_doctor_soon, emergency) values ((select id from symptoms where slug = 'migraine'), '若每月多次發作或止痛藥效果不佳，建議評估預防治療。', '此生最劇烈頭痛、神經學症狀或頭部外傷後頭痛，請立即急診。') on conflict (symptom_id) do update set see_doctor_soon = excluded.see_doctor_soon, emergency = excluded.emergency;
insert into symptom_departments (symptom_id, department_id) values ((select id from symptoms where slug = 'migraine'), (select id from medical_departments where slug = 'neurology')) on conflict (symptom_id, department_id) do nothing;
insert into symptom_departments (symptom_id, department_id) values ((select id from symptoms where slug = 'migraine'), (select id from medical_departments where slug = 'family-medicine')) on conflict (symptom_id, department_id) do nothing;
insert into symptom_guidance (symptom_id, see_doctor_soon, emergency) values ((select id from symptoms where slug = 'brain-fog'), '若昏沉持續、影響工作生活或合併睡眠問題，建議就醫評估。', '突然意識混亂、反應變慢明顯惡化或疑似中風症狀，請立即急診。') on conflict (symptom_id) do update set see_doctor_soon = excluded.see_doctor_soon, emergency = excluded.emergency;
insert into symptom_departments (symptom_id, department_id) values ((select id from symptoms where slug = 'brain-fog'), (select id from medical_departments where slug = 'family-medicine')) on conflict (symptom_id, department_id) do nothing;
insert into symptom_departments (symptom_id, department_id) values ((select id from symptoms where slug = 'brain-fog'), (select id from medical_departments where slug = 'neurology')) on conflict (symptom_id, department_id) do nothing;
insert into symptom_departments (symptom_id, department_id) values ((select id from symptoms where slug = 'brain-fog'), (select id from medical_departments where slug = 'psychiatry')) on conflict (symptom_id, department_id) do nothing;
insert into symptom_guidance (symptom_id, see_doctor_soon, emergency) values ((select id from symptoms where slug = 'scalp-pain'), '若頭皮疼痛持續、合併皮疹或觸碰明顯疼痛，建議就醫。', '合併高燒、頭部外傷或劇烈頭痛，請立即就醫。') on conflict (symptom_id) do update set see_doctor_soon = excluded.see_doctor_soon, emergency = excluded.emergency;
insert into symptom_departments (symptom_id, department_id) values ((select id from symptoms where slug = 'scalp-pain'), (select id from medical_departments where slug = 'dermatology')) on conflict (symptom_id, department_id) do nothing;
insert into symptom_departments (symptom_id, department_id) values ((select id from symptoms where slug = 'scalp-pain'), (select id from medical_departments where slug = 'neurology')) on conflict (symptom_id, department_id) do nothing;
insert into symptom_departments (symptom_id, department_id) values ((select id from symptoms where slug = 'scalp-pain'), (select id from medical_departments where slug = 'family-medicine')) on conflict (symptom_id, department_id) do nothing;
insert into symptom_guidance (symptom_id, see_doctor_soon, emergency) values ((select id from symptoms where slug = 'red-eye'), '紅眼合併分泌物、疼痛或戴隱形眼鏡者，建議就醫。', '紅眼合併劇痛、視力下降或外傷，請立即急診。') on conflict (symptom_id) do update set see_doctor_soon = excluded.see_doctor_soon, emergency = excluded.emergency;
insert into symptom_departments (symptom_id, department_id) values ((select id from symptoms where slug = 'red-eye'), (select id from medical_departments where slug = 'ophthalmology')) on conflict (symptom_id, department_id) do nothing;
insert into symptom_guidance (symptom_id, see_doctor_soon, emergency) values ((select id from symptoms where slug = 'eye-pain'), '若疼痛持續、畏光或視力下降，建議當日或近期就醫。', '劇烈眼痛合併頭痛嘔吐或視力急降，請立即急診。') on conflict (symptom_id) do update set see_doctor_soon = excluded.see_doctor_soon, emergency = excluded.emergency;
insert into symptom_departments (symptom_id, department_id) values ((select id from symptoms where slug = 'eye-pain'), (select id from medical_departments where slug = 'ophthalmology')) on conflict (symptom_id, department_id) do nothing;
insert into symptom_guidance (symptom_id, see_doctor_soon, emergency) values ((select id from symptoms where slug = 'blurred-vision'), '視力變化若持續或單眼明顯變差，建議盡快看眼科。', '突然視力喪失、劇烈眼痛、閃光合併大量黑影，請立即急診。') on conflict (symptom_id) do update set see_doctor_soon = excluded.see_doctor_soon, emergency = excluded.emergency;
insert into symptom_departments (symptom_id, department_id) values ((select id from symptoms where slug = 'blurred-vision'), (select id from medical_departments where slug = 'ophthalmology')) on conflict (symptom_id, department_id) do nothing;
insert into symptom_guidance (symptom_id, see_doctor_soon, emergency) values ((select id from symptoms where slug = 'dry-eyes'), '乾澀反覆、影響工作或需要長期點眼藥水，建議評估。', '若合併明顯疼痛或視力快速變差，請立即就醫。') on conflict (symptom_id) do update set see_doctor_soon = excluded.see_doctor_soon, emergency = excluded.emergency;
insert into symptom_departments (symptom_id, department_id) values ((select id from symptoms where slug = 'dry-eyes'), (select id from medical_departments where slug = 'ophthalmology')) on conflict (symptom_id, department_id) do nothing;
insert into symptom_guidance (symptom_id, see_doctor_soon, emergency) values ((select id from symptoms where slug = 'floaters'), '新出現飛蚊或數量增加，建議安排散瞳檢查。', '合併閃光、視野缺損或像布幕遮住，請立即急診或眼科急診。') on conflict (symptom_id) do update set see_doctor_soon = excluded.see_doctor_soon, emergency = excluded.emergency;
insert into symptom_departments (symptom_id, department_id) values ((select id from symptoms where slug = 'floaters'), (select id from medical_departments where slug = 'ophthalmology')) on conflict (symptom_id, department_id) do nothing;
insert into symptom_guidance (symptom_id, see_doctor_soon, emergency) values ((select id from symptoms where slug = 'ear-pain'), '耳痛持續、發燒或聽力下降，建議就醫。', '合併臉歪、嚴重頭痛、耳後紅腫或高燒，請立即急診。') on conflict (symptom_id) do update set see_doctor_soon = excluded.see_doctor_soon, emergency = excluded.emergency;
insert into symptom_departments (symptom_id, department_id) values ((select id from symptoms where slug = 'ear-pain'), (select id from medical_departments where slug = 'ent')) on conflict (symptom_id, department_id) do nothing;
insert into symptom_departments (symptom_id, department_id) values ((select id from symptoms where slug = 'ear-pain'), (select id from medical_departments where slug = 'family-medicine')) on conflict (symptom_id, department_id) do nothing;
insert into symptom_guidance (symptom_id, see_doctor_soon, emergency) values ((select id from symptoms where slug = 'tinnitus'), '耳鳴持續、單側耳鳴或影響睡眠，建議檢查。', '突然聽力下降合併耳鳴，建議立即就醫。') on conflict (symptom_id) do update set see_doctor_soon = excluded.see_doctor_soon, emergency = excluded.emergency;
insert into symptom_departments (symptom_id, department_id) values ((select id from symptoms where slug = 'tinnitus'), (select id from medical_departments where slug = 'ent')) on conflict (symptom_id, department_id) do nothing;
insert into symptom_guidance (symptom_id, see_doctor_soon, emergency) values ((select id from symptoms where slug = 'hearing-loss'), '聽力逐漸下降或耳悶超過數日，建議門診。', '突發單側聽力明顯下降，請盡快就醫。') on conflict (symptom_id) do update set see_doctor_soon = excluded.see_doctor_soon, emergency = excluded.emergency;
insert into symptom_departments (symptom_id, department_id) values ((select id from symptoms where slug = 'hearing-loss'), (select id from medical_departments where slug = 'ent')) on conflict (symptom_id, department_id) do nothing;
insert into symptom_guidance (symptom_id, see_doctor_soon, emergency) values ((select id from symptoms where slug = 'ear-fullness'), '耳朵悶塞持續、合併耳鳴或頭暈，建議就醫。', '合併突發聽力下降或劇烈眩暈，請立即就醫。') on conflict (symptom_id) do update set see_doctor_soon = excluded.see_doctor_soon, emergency = excluded.emergency;
insert into symptom_departments (symptom_id, department_id) values ((select id from symptoms where slug = 'ear-fullness'), (select id from medical_departments where slug = 'ent')) on conflict (symptom_id, department_id) do nothing;
insert into symptom_departments (symptom_id, department_id) values ((select id from symptoms where slug = 'ear-fullness'), (select id from medical_departments where slug = 'family-medicine')) on conflict (symptom_id, department_id) do nothing;
insert into symptom_guidance (symptom_id, see_doctor_soon, emergency) values ((select id from symptoms where slug = 'vertigo'), '眩暈反覆、持續或伴隨嘔吐，建議就醫。', '合併說話不清、單側無力、走路嚴重不穩或胸痛，請急診。') on conflict (symptom_id) do update set see_doctor_soon = excluded.see_doctor_soon, emergency = excluded.emergency;
insert into symptom_departments (symptom_id, department_id) values ((select id from symptoms where slug = 'vertigo'), (select id from medical_departments where slug = 'ent')) on conflict (symptom_id, department_id) do nothing;
insert into symptom_departments (symptom_id, department_id) values ((select id from symptoms where slug = 'vertigo'), (select id from medical_departments where slug = 'neurology')) on conflict (symptom_id, department_id) do nothing;
insert into symptom_guidance (symptom_id, see_doctor_soon, emergency) values ((select id from symptoms where slug = 'nasal-congestion'), '鼻塞超過兩週、單側鼻塞或反覆鼻竇不適，建議就醫。', '合併高燒、眼周腫痛或意識改變，請立即急診。') on conflict (symptom_id) do update set see_doctor_soon = excluded.see_doctor_soon, emergency = excluded.emergency;
insert into symptom_departments (symptom_id, department_id) values ((select id from symptoms where slug = 'nasal-congestion'), (select id from medical_departments where slug = 'ent')) on conflict (symptom_id, department_id) do nothing;
insert into symptom_departments (symptom_id, department_id) values ((select id from symptoms where slug = 'nasal-congestion'), (select id from medical_departments where slug = 'family-medicine')) on conflict (symptom_id, department_id) do nothing;
insert into symptom_guidance (symptom_id, see_doctor_soon, emergency) values ((select id from symptoms where slug = 'runny-nose'), '流鼻水持續、過敏反覆或影響睡眠，建議評估。', '頭部外傷後清水樣鼻漏，請立即急診。') on conflict (symptom_id) do update set see_doctor_soon = excluded.see_doctor_soon, emergency = excluded.emergency;
insert into symptom_departments (symptom_id, department_id) values ((select id from symptoms where slug = 'runny-nose'), (select id from medical_departments where slug = 'ent')) on conflict (symptom_id, department_id) do nothing;
insert into symptom_departments (symptom_id, department_id) values ((select id from symptoms where slug = 'runny-nose'), (select id from medical_departments where slug = 'family-medicine')) on conflict (symptom_id, department_id) do nothing;
insert into symptom_guidance (symptom_id, see_doctor_soon, emergency) values ((select id from symptoms where slug = 'nosebleed'), '反覆鼻血或單側出血，建議檢查。', '壓迫十分鐘仍大量出血、頭暈虛弱或服用抗凝血藥，請急診。') on conflict (symptom_id) do update set see_doctor_soon = excluded.see_doctor_soon, emergency = excluded.emergency;
insert into symptom_departments (symptom_id, department_id) values ((select id from symptoms where slug = 'nosebleed'), (select id from medical_departments where slug = 'ent')) on conflict (symptom_id, department_id) do nothing;
insert into symptom_departments (symptom_id, department_id) values ((select id from symptoms where slug = 'nosebleed'), (select id from medical_departments where slug = 'family-medicine')) on conflict (symptom_id, department_id) do nothing;
insert into symptom_guidance (symptom_id, see_doctor_soon, emergency) values ((select id from symptoms where slug = 'sinus-pain'), '臉部壓痛、黃綠鼻涕或症狀超過十天，建議就醫。', '眼周腫痛、視力改變、高燒或劇烈頭痛，請急診。') on conflict (symptom_id) do update set see_doctor_soon = excluded.see_doctor_soon, emergency = excluded.emergency;
insert into symptom_departments (symptom_id, department_id) values ((select id from symptoms where slug = 'sinus-pain'), (select id from medical_departments where slug = 'ent')) on conflict (symptom_id, department_id) do nothing;
insert into symptom_departments (symptom_id, department_id) values ((select id from symptoms where slug = 'sinus-pain'), (select id from medical_departments where slug = 'family-medicine')) on conflict (symptom_id, department_id) do nothing;
insert into symptom_guidance (symptom_id, see_doctor_soon, emergency) values ((select id from symptoms where slug = 'smell-loss'), '嗅覺異常持續超過兩週，建議檢查鼻腔與鼻竇。', '合併神經症狀或頭部外傷後出現，請立即就醫。') on conflict (symptom_id) do update set see_doctor_soon = excluded.see_doctor_soon, emergency = excluded.emergency;
insert into symptom_departments (symptom_id, department_id) values ((select id from symptoms where slug = 'smell-loss'), (select id from medical_departments where slug = 'ent')) on conflict (symptom_id, department_id) do nothing;
insert into symptom_guidance (symptom_id, see_doctor_soon, emergency) values ((select id from symptoms where slug = 'sore-throat'), '喉嚨痛超過三天、發燒或扁桃腺化膿，建議就醫。', '呼吸困難、流口水、吞嚥困難快速惡化，請急診。') on conflict (symptom_id) do update set see_doctor_soon = excluded.see_doctor_soon, emergency = excluded.emergency;
insert into symptom_departments (symptom_id, department_id) values ((select id from symptoms where slug = 'sore-throat'), (select id from medical_departments where slug = 'ent')) on conflict (symptom_id, department_id) do nothing;
insert into symptom_departments (symptom_id, department_id) values ((select id from symptoms where slug = 'sore-throat'), (select id from medical_departments where slug = 'family-medicine')) on conflict (symptom_id, department_id) do nothing;
insert into symptom_guidance (symptom_id, see_doctor_soon, emergency) values ((select id from symptoms where slug = 'difficulty-swallowing'), '吞嚥困難持續、體重下降或容易嗆到，建議就醫。', '無法吞口水、呼吸困難或異物卡住，請立即急診。') on conflict (symptom_id) do update set see_doctor_soon = excluded.see_doctor_soon, emergency = excluded.emergency;
insert into symptom_departments (symptom_id, department_id) values ((select id from symptoms where slug = 'difficulty-swallowing'), (select id from medical_departments where slug = 'ent')) on conflict (symptom_id, department_id) do nothing;
insert into symptom_departments (symptom_id, department_id) values ((select id from symptoms where slug = 'difficulty-swallowing'), (select id from medical_departments where slug = 'gastroenterology')) on conflict (symptom_id, department_id) do nothing;
insert into symptom_guidance (symptom_id, see_doctor_soon, emergency) values ((select id from symptoms where slug = 'hoarseness'), '聲音沙啞超過兩週，建議檢查聲帶。', '合併呼吸困難或頸部快速腫大，請立即就醫。') on conflict (symptom_id) do update set see_doctor_soon = excluded.see_doctor_soon, emergency = excluded.emergency;
insert into symptom_departments (symptom_id, department_id) values ((select id from symptoms where slug = 'hoarseness'), (select id from medical_departments where slug = 'ent')) on conflict (symptom_id, department_id) do nothing;
insert into symptom_guidance (symptom_id, see_doctor_soon, emergency) values ((select id from symptoms where slug = 'throat-lump'), '喉嚨異物感持續、吞嚥不適或聲音改變，建議就醫。', '合併呼吸困難、吞嚥快速惡化或頸部快速腫大，請急診。') on conflict (symptom_id) do update set see_doctor_soon = excluded.see_doctor_soon, emergency = excluded.emergency;
insert into symptom_departments (symptom_id, department_id) values ((select id from symptoms where slug = 'throat-lump'), (select id from medical_departments where slug = 'ent')) on conflict (symptom_id, department_id) do nothing;
insert into symptom_departments (symptom_id, department_id) values ((select id from symptoms where slug = 'throat-lump'), (select id from medical_departments where slug = 'gastroenterology')) on conflict (symptom_id, department_id) do nothing;
insert into symptom_departments (symptom_id, department_id) values ((select id from symptoms where slug = 'throat-lump'), (select id from medical_departments where slug = 'family-medicine')) on conflict (symptom_id, department_id) do nothing;
insert into symptom_guidance (symptom_id, see_doctor_soon, emergency) values ((select id from symptoms where slug = 'chronic-cough'), '咳嗽超過三週、夜咳或有喘鳴，建議評估。', '咳血、呼吸困難、胸痛或高燒不退，請急診。') on conflict (symptom_id) do update set see_doctor_soon = excluded.see_doctor_soon, emergency = excluded.emergency;
insert into symptom_departments (symptom_id, department_id) values ((select id from symptoms where slug = 'chronic-cough'), (select id from medical_departments where slug = 'pulmonology')) on conflict (symptom_id, department_id) do nothing;
insert into symptom_departments (symptom_id, department_id) values ((select id from symptoms where slug = 'chronic-cough'), (select id from medical_departments where slug = 'ent')) on conflict (symptom_id, department_id) do nothing;
insert into symptom_departments (symptom_id, department_id) values ((select id from symptoms where slug = 'chronic-cough'), (select id from medical_departments where slug = 'family-medicine')) on conflict (symptom_id, department_id) do nothing;
insert into symptom_guidance (symptom_id, see_doctor_soon, emergency) values ((select id from symptoms where slug = 'chest-pain'), '胸痛反覆或與活動相關，建議盡快評估。', '壓迫性胸痛、冒冷汗、痛到左臂下巴、呼吸困難，請立即急診。') on conflict (symptom_id) do update set see_doctor_soon = excluded.see_doctor_soon, emergency = excluded.emergency;
insert into symptom_departments (symptom_id, department_id) values ((select id from symptoms where slug = 'chest-pain'), (select id from medical_departments where slug = 'cardiology')) on conflict (symptom_id, department_id) do nothing;
insert into symptom_departments (symptom_id, department_id) values ((select id from symptoms where slug = 'chest-pain'), (select id from medical_departments where slug = 'pulmonology')) on conflict (symptom_id, department_id) do nothing;
insert into symptom_departments (symptom_id, department_id) values ((select id from symptoms where slug = 'chest-pain'), (select id from medical_departments where slug = 'emergency-medicine')) on conflict (symptom_id, department_id) do nothing;
insert into symptom_guidance (symptom_id, see_doctor_soon, emergency) values ((select id from symptoms where slug = 'chest-tightness'), '胸悶反覆、和壓力或活動有關，建議檢查。', '胸悶合併冒冷汗、噁心、呼吸困難或昏厥，請急診。') on conflict (symptom_id) do update set see_doctor_soon = excluded.see_doctor_soon, emergency = excluded.emergency;
insert into symptom_departments (symptom_id, department_id) values ((select id from symptoms where slug = 'chest-tightness'), (select id from medical_departments where slug = 'cardiology')) on conflict (symptom_id, department_id) do nothing;
insert into symptom_departments (symptom_id, department_id) values ((select id from symptoms where slug = 'chest-tightness'), (select id from medical_departments where slug = 'pulmonology')) on conflict (symptom_id, department_id) do nothing;
insert into symptom_departments (symptom_id, department_id) values ((select id from symptoms where slug = 'chest-tightness'), (select id from medical_departments where slug = 'family-medicine')) on conflict (symptom_id, department_id) do nothing;
insert into symptom_guidance (symptom_id, see_doctor_soon, emergency) values ((select id from symptoms where slug = 'palpitations'), '心悸反覆、伴隨頭暈或心跳不規則，建議檢查心電圖。', '合併胸痛、昏厥或呼吸困難，請急診。') on conflict (symptom_id) do update set see_doctor_soon = excluded.see_doctor_soon, emergency = excluded.emergency;
insert into symptom_departments (symptom_id, department_id) values ((select id from symptoms where slug = 'palpitations'), (select id from medical_departments where slug = 'cardiology')) on conflict (symptom_id, department_id) do nothing;
insert into symptom_departments (symptom_id, department_id) values ((select id from symptoms where slug = 'palpitations'), (select id from medical_departments where slug = 'family-medicine')) on conflict (symptom_id, department_id) do nothing;
insert into symptom_guidance (symptom_id, see_doctor_soon, emergency) values ((select id from symptoms where slug = 'shortness-of-breath'), '呼吸不順反覆、活動後喘或夜間喘醒，建議就醫。', '休息仍喘、嘴唇發紫、胸痛或意識不清，請立即急診。') on conflict (symptom_id) do update set see_doctor_soon = excluded.see_doctor_soon, emergency = excluded.emergency;
insert into symptom_departments (symptom_id, department_id) values ((select id from symptoms where slug = 'shortness-of-breath'), (select id from medical_departments where slug = 'pulmonology')) on conflict (symptom_id, department_id) do nothing;
insert into symptom_departments (symptom_id, department_id) values ((select id from symptoms where slug = 'shortness-of-breath'), (select id from medical_departments where slug = 'cardiology')) on conflict (symptom_id, department_id) do nothing;
insert into symptom_departments (symptom_id, department_id) values ((select id from symptoms where slug = 'shortness-of-breath'), (select id from medical_departments where slug = 'emergency-medicine')) on conflict (symptom_id, department_id) do nothing;
insert into symptom_guidance (symptom_id, see_doctor_soon, emergency) values ((select id from symptoms where slug = 'cough'), '咳嗽超過三週、夜咳、有痰或胸口不適，建議評估。', '咳血、呼吸困難、胸痛或高燒不退，請急診。') on conflict (symptom_id) do update set see_doctor_soon = excluded.see_doctor_soon, emergency = excluded.emergency;
insert into symptom_departments (symptom_id, department_id) values ((select id from symptoms where slug = 'cough'), (select id from medical_departments where slug = 'pulmonology')) on conflict (symptom_id, department_id) do nothing;
insert into symptom_departments (symptom_id, department_id) values ((select id from symptoms where slug = 'cough'), (select id from medical_departments where slug = 'family-medicine')) on conflict (symptom_id, department_id) do nothing;
insert into symptom_guidance (symptom_id, see_doctor_soon, emergency) values ((select id from symptoms where slug = 'stomach-pain'), '胃痛反覆、飯後明顯或影響食慾，建議就醫。', '劇烈腹痛、吐血、黑便、冒冷汗或腹部變硬，請急診。') on conflict (symptom_id) do update set see_doctor_soon = excluded.see_doctor_soon, emergency = excluded.emergency;
insert into symptom_departments (symptom_id, department_id) values ((select id from symptoms where slug = 'stomach-pain'), (select id from medical_departments where slug = 'gastroenterology')) on conflict (symptom_id, department_id) do nothing;
insert into symptom_departments (symptom_id, department_id) values ((select id from symptoms where slug = 'stomach-pain'), (select id from medical_departments where slug = 'family-medicine')) on conflict (symptom_id, department_id) do nothing;
insert into symptom_guidance (symptom_id, see_doctor_soon, emergency) values ((select id from symptoms where slug = 'bloating'), '腹脹反覆、體重下降或排便習慣改變，建議檢查。', '腹脹合併劇痛、無法排氣排便或持續嘔吐，請急診。') on conflict (symptom_id) do update set see_doctor_soon = excluded.see_doctor_soon, emergency = excluded.emergency;
insert into symptom_departments (symptom_id, department_id) values ((select id from symptoms where slug = 'bloating'), (select id from medical_departments where slug = 'gastroenterology')) on conflict (symptom_id, department_id) do nothing;
insert into symptom_departments (symptom_id, department_id) values ((select id from symptoms where slug = 'bloating'), (select id from medical_departments where slug = 'family-medicine')) on conflict (symptom_id, department_id) do nothing;
insert into symptom_guidance (symptom_id, see_doctor_soon, emergency) values ((select id from symptoms where slug = 'diarrhea'), '腹瀉超過三天、血便或脫水跡象，建議就醫。', '嚴重脫水、持續高燒、血便量多或意識不清，請急診。') on conflict (symptom_id) do update set see_doctor_soon = excluded.see_doctor_soon, emergency = excluded.emergency;
insert into symptom_departments (symptom_id, department_id) values ((select id from symptoms where slug = 'diarrhea'), (select id from medical_departments where slug = 'gastroenterology')) on conflict (symptom_id, department_id) do nothing;
insert into symptom_departments (symptom_id, department_id) values ((select id from symptoms where slug = 'diarrhea'), (select id from medical_departments where slug = 'family-medicine')) on conflict (symptom_id, department_id) do nothing;
insert into symptom_guidance (symptom_id, see_doctor_soon, emergency) values ((select id from symptoms where slug = 'constipation'), '便秘持續、血便或近期排便習慣明顯改變，建議就醫。', '劇烈腹痛、嘔吐、完全無法排氣排便，請急診。') on conflict (symptom_id) do update set see_doctor_soon = excluded.see_doctor_soon, emergency = excluded.emergency;
insert into symptom_departments (symptom_id, department_id) values ((select id from symptoms where slug = 'constipation'), (select id from medical_departments where slug = 'gastroenterology')) on conflict (symptom_id, department_id) do nothing;
insert into symptom_departments (symptom_id, department_id) values ((select id from symptoms where slug = 'constipation'), (select id from medical_departments where slug = 'family-medicine')) on conflict (symptom_id, department_id) do nothing;
insert into symptom_guidance (symptom_id, see_doctor_soon, emergency) values ((select id from symptoms where slug = 'nausea-vomiting'), '嘔吐持續、無法進食或疑似藥物副作用，建議就醫。', '吐血、劇烈腹痛、脫水或頭部外傷後嘔吐，請急診。') on conflict (symptom_id) do update set see_doctor_soon = excluded.see_doctor_soon, emergency = excluded.emergency;
insert into symptom_departments (symptom_id, department_id) values ((select id from symptoms where slug = 'nausea-vomiting'), (select id from medical_departments where slug = 'gastroenterology')) on conflict (symptom_id, department_id) do nothing;
insert into symptom_departments (symptom_id, department_id) values ((select id from symptoms where slug = 'nausea-vomiting'), (select id from medical_departments where slug = 'family-medicine')) on conflict (symptom_id, department_id) do nothing;
insert into symptom_guidance (symptom_id, see_doctor_soon, emergency) values ((select id from symptoms where slug = 'lower-back-pain'), '下背痛超過一週、反覆發作或影響工作，建議評估。', '大小便失禁、會陰麻木、下肢無力或重大外傷，請急診。') on conflict (symptom_id) do update set see_doctor_soon = excluded.see_doctor_soon, emergency = excluded.emergency;
insert into symptom_departments (symptom_id, department_id) values ((select id from symptoms where slug = 'lower-back-pain'), (select id from medical_departments where slug = 'rehabilitation')) on conflict (symptom_id, department_id) do nothing;
insert into symptom_departments (symptom_id, department_id) values ((select id from symptoms where slug = 'lower-back-pain'), (select id from medical_departments where slug = 'orthopedics')) on conflict (symptom_id, department_id) do nothing;
insert into symptom_departments (symptom_id, department_id) values ((select id from symptoms where slug = 'lower-back-pain'), (select id from medical_departments where slug = 'family-medicine')) on conflict (symptom_id, department_id) do nothing;
insert into symptom_guidance (symptom_id, see_doctor_soon, emergency) values ((select id from symptoms where slug = 'upper-back-pain'), '上背痛持續超過一週或影響活動，建議就醫。', '合併胸痛、呼吸困難、外傷後劇痛或發燒，請急診。') on conflict (symptom_id) do update set see_doctor_soon = excluded.see_doctor_soon, emergency = excluded.emergency;
insert into symptom_departments (symptom_id, department_id) values ((select id from symptoms where slug = 'upper-back-pain'), (select id from medical_departments where slug = 'rehabilitation')) on conflict (symptom_id, department_id) do nothing;
insert into symptom_departments (symptom_id, department_id) values ((select id from symptoms where slug = 'upper-back-pain'), (select id from medical_departments where slug = 'orthopedics')) on conflict (symptom_id, department_id) do nothing;
insert into symptom_departments (symptom_id, department_id) values ((select id from symptoms where slug = 'upper-back-pain'), (select id from medical_departments where slug = 'family-medicine')) on conflict (symptom_id, department_id) do nothing;
insert into symptom_guidance (symptom_id, see_doctor_soon, emergency) values ((select id from symptoms where slug = 'shoulder-blade-pain'), '肩胛痠痛持續、活動受限或反覆發作，建議評估。', '合併胸痛、呼吸困難、冒冷汗或外傷後劇痛，請急診。') on conflict (symptom_id) do update set see_doctor_soon = excluded.see_doctor_soon, emergency = excluded.emergency;
insert into symptom_departments (symptom_id, department_id) values ((select id from symptoms where slug = 'shoulder-blade-pain'), (select id from medical_departments where slug = 'rehabilitation')) on conflict (symptom_id, department_id) do nothing;
insert into symptom_departments (symptom_id, department_id) values ((select id from symptoms where slug = 'shoulder-blade-pain'), (select id from medical_departments where slug = 'orthopedics')) on conflict (symptom_id, department_id) do nothing;
insert into symptom_guidance (symptom_id, see_doctor_soon, emergency) values ((select id from symptoms where slug = 'back-stiffness'), '晨間僵硬超過三十分鐘或反覆發作，建議評估。', '合併發燒、感染跡象或外傷後疼痛，請急診。') on conflict (symptom_id) do update set see_doctor_soon = excluded.see_doctor_soon, emergency = excluded.emergency;
insert into symptom_departments (symptom_id, department_id) values ((select id from symptoms where slug = 'back-stiffness'), (select id from medical_departments where slug = 'rehabilitation')) on conflict (symptom_id, department_id) do nothing;
insert into symptom_departments (symptom_id, department_id) values ((select id from symptoms where slug = 'back-stiffness'), (select id from medical_departments where slug = 'rheumatology-immunology')) on conflict (symptom_id, department_id) do nothing;
insert into symptom_departments (symptom_id, department_id) values ((select id from symptoms where slug = 'back-stiffness'), (select id from medical_departments where slug = 'family-medicine')) on conflict (symptom_id, department_id) do nothing;
insert into symptom_guidance (symptom_id, see_doctor_soon, emergency) values ((select id from symptoms where slug = 'back-pain-numbness'), '背痛合併麻木、刺痛或無力，建議就醫。', '單側突然麻木無力、大小便異常或症狀快速惡化，請急診。') on conflict (symptom_id) do update set see_doctor_soon = excluded.see_doctor_soon, emergency = excluded.emergency;
insert into symptom_departments (symptom_id, department_id) values ((select id from symptoms where slug = 'back-pain-numbness'), (select id from medical_departments where slug = 'neurology')) on conflict (symptom_id, department_id) do nothing;
insert into symptom_departments (symptom_id, department_id) values ((select id from symptoms where slug = 'back-pain-numbness'), (select id from medical_departments where slug = 'rehabilitation')) on conflict (symptom_id, department_id) do nothing;
insert into symptom_departments (symptom_id, department_id) values ((select id from symptoms where slug = 'back-pain-numbness'), (select id from medical_departments where slug = 'orthopedics')) on conflict (symptom_id, department_id) do nothing;
insert into symptom_guidance (symptom_id, see_doctor_soon, emergency) values ((select id from symptoms where slug = 'knee-pain'), '膝痛影響走路、上下樓或持續超過一週，建議就醫。', '外傷後變形、無法承重或明顯腫脹，請急診。') on conflict (symptom_id) do update set see_doctor_soon = excluded.see_doctor_soon, emergency = excluded.emergency;
insert into symptom_departments (symptom_id, department_id) values ((select id from symptoms where slug = 'knee-pain'), (select id from medical_departments where slug = 'orthopedics')) on conflict (symptom_id, department_id) do nothing;
insert into symptom_departments (symptom_id, department_id) values ((select id from symptoms where slug = 'knee-pain'), (select id from medical_departments where slug = 'rehabilitation')) on conflict (symptom_id, department_id) do nothing;
insert into symptom_guidance (symptom_id, see_doctor_soon, emergency) values ((select id from symptoms where slug = 'wrist-pain'), '手腕痛持續、麻木或用力時加重，建議評估。', '外傷後變形、劇烈腫痛或手指發白發麻，請急診。') on conflict (symptom_id) do update set see_doctor_soon = excluded.see_doctor_soon, emergency = excluded.emergency;
insert into symptom_departments (symptom_id, department_id) values ((select id from symptoms where slug = 'wrist-pain'), (select id from medical_departments where slug = 'orthopedics')) on conflict (symptom_id, department_id) do nothing;
insert into symptom_departments (symptom_id, department_id) values ((select id from symptoms where slug = 'wrist-pain'), (select id from medical_departments where slug = 'rehabilitation')) on conflict (symptom_id, department_id) do nothing;
insert into symptom_guidance (symptom_id, see_doctor_soon, emergency) values ((select id from symptoms where slug = 'ankle-pain'), '腳踝痛持續、反覆扭傷或走路不穩，建議就醫。', '外傷後無法承重、明顯變形或快速腫脹，請急診。') on conflict (symptom_id) do update set see_doctor_soon = excluded.see_doctor_soon, emergency = excluded.emergency;
insert into symptom_departments (symptom_id, department_id) values ((select id from symptoms where slug = 'ankle-pain'), (select id from medical_departments where slug = 'orthopedics')) on conflict (symptom_id, department_id) do nothing;
insert into symptom_departments (symptom_id, department_id) values ((select id from symptoms where slug = 'ankle-pain'), (select id from medical_departments where slug = 'rehabilitation')) on conflict (symptom_id, department_id) do nothing;
insert into symptom_guidance (symptom_id, see_doctor_soon, emergency) values ((select id from symptoms where slug = 'joint-swelling'), '關節腫脹超過數日或反覆發作，建議就醫。', '突然劇烈腫痛、發燒或無法承重，請急診。') on conflict (symptom_id) do update set see_doctor_soon = excluded.see_doctor_soon, emergency = excluded.emergency;
insert into symptom_departments (symptom_id, department_id) values ((select id from symptoms where slug = 'joint-swelling'), (select id from medical_departments where slug = 'orthopedics')) on conflict (symptom_id, department_id) do nothing;
insert into symptom_departments (symptom_id, department_id) values ((select id from symptoms where slug = 'joint-swelling'), (select id from medical_departments where slug = 'rheumatology-immunology')) on conflict (symptom_id, department_id) do nothing;
insert into symptom_guidance (symptom_id, see_doctor_soon, emergency) values ((select id from symptoms where slug = 'joint-clicking'), '關節卡卡合併疼痛、腫脹或活動受限，建議評估。', '外傷後卡住無法活動、變形或劇烈疼痛，請急診。') on conflict (symptom_id) do update set see_doctor_soon = excluded.see_doctor_soon, emergency = excluded.emergency;
insert into symptom_departments (symptom_id, department_id) values ((select id from symptoms where slug = 'joint-clicking'), (select id from medical_departments where slug = 'orthopedics')) on conflict (symptom_id, department_id) do nothing;
insert into symptom_departments (symptom_id, department_id) values ((select id from symptoms where slug = 'joint-clicking'), (select id from medical_departments where slug = 'rehabilitation')) on conflict (symptom_id, department_id) do nothing;
insert into symptom_guidance (symptom_id, see_doctor_soon, emergency) values ((select id from symptoms where slug = 'rash'), '紅疹擴大、反覆或不明原因持續，建議就醫。', '合併呼吸困難、嘴唇眼皮腫、發燒或紫斑，請急診。') on conflict (symptom_id) do update set see_doctor_soon = excluded.see_doctor_soon, emergency = excluded.emergency;
insert into symptom_departments (symptom_id, department_id) values ((select id from symptoms where slug = 'rash'), (select id from medical_departments where slug = 'dermatology')) on conflict (symptom_id, department_id) do nothing;
insert into symptom_departments (symptom_id, department_id) values ((select id from symptoms where slug = 'rash'), (select id from medical_departments where slug = 'family-medicine')) on conflict (symptom_id, department_id) do nothing;
insert into symptom_guidance (symptom_id, see_doctor_soon, emergency) values ((select id from symptoms where slug = 'itching'), '搔癢超過兩週、影響睡眠或全身性搔癢，建議就醫。', '合併呼吸困難、全身腫脹或嚴重過敏反應，請急診。') on conflict (symptom_id) do update set see_doctor_soon = excluded.see_doctor_soon, emergency = excluded.emergency;
insert into symptom_departments (symptom_id, department_id) values ((select id from symptoms where slug = 'itching'), (select id from medical_departments where slug = 'dermatology')) on conflict (symptom_id, department_id) do nothing;
insert into symptom_departments (symptom_id, department_id) values ((select id from symptoms where slug = 'itching'), (select id from medical_departments where slug = 'family-medicine')) on conflict (symptom_id, department_id) do nothing;
insert into symptom_guidance (symptom_id, see_doctor_soon, emergency) values ((select id from symptoms where slug = 'blisters'), '水泡擴大、疼痛、反覆或疑似感染，建議就醫。', '大面積水泡、口眼黏膜受影響、發燒或劇痛，請急診。') on conflict (symptom_id) do update set see_doctor_soon = excluded.see_doctor_soon, emergency = excluded.emergency;
insert into symptom_departments (symptom_id, department_id) values ((select id from symptoms where slug = 'blisters'), (select id from medical_departments where slug = 'dermatology')) on conflict (symptom_id, department_id) do nothing;
insert into symptom_departments (symptom_id, department_id) values ((select id from symptoms where slug = 'blisters'), (select id from medical_departments where slug = 'family-medicine')) on conflict (symptom_id, department_id) do nothing;
insert into symptom_guidance (symptom_id, see_doctor_soon, emergency) values ((select id from symptoms where slug = 'acne'), '痘痘反覆發炎、留下疤痕或影響生活，建議皮膚科治療。', '若合併臉部快速紅腫、發燒或劇痛，請立即就醫。') on conflict (symptom_id) do update set see_doctor_soon = excluded.see_doctor_soon, emergency = excluded.emergency;
insert into symptom_departments (symptom_id, department_id) values ((select id from symptoms where slug = 'acne'), (select id from medical_departments where slug = 'dermatology')) on conflict (symptom_id, department_id) do nothing;
insert into symptom_guidance (symptom_id, see_doctor_soon, emergency) values ((select id from symptoms where slug = 'unknown-lump'), '腫塊變大、變硬、疼痛或顏色改變，建議檢查。', '快速紅腫熱痛、發燒或疑似膿瘍擴散，請急診。') on conflict (symptom_id) do update set see_doctor_soon = excluded.see_doctor_soon, emergency = excluded.emergency;
insert into symptom_departments (symptom_id, department_id) values ((select id from symptoms where slug = 'unknown-lump'), (select id from medical_departments where slug = 'dermatology')) on conflict (symptom_id, department_id) do nothing;
insert into symptom_departments (symptom_id, department_id) values ((select id from symptoms where slug = 'unknown-lump'), (select id from medical_departments where slug = 'general-surgery')) on conflict (symptom_id, department_id) do nothing;
insert into symptom_departments (symptom_id, department_id) values ((select id from symptoms where slug = 'unknown-lump'), (select id from medical_departments where slug = 'family-medicine')) on conflict (symptom_id, department_id) do nothing;
insert into symptom_guidance (symptom_id, see_doctor_soon, emergency) values ((select id from symptoms where slug = 'frequent-urination'), '頻尿持續、合併口渴、夜尿或影響生活，建議就醫評估。', '合併發燒、腰痛、血尿或意識改變，請盡快急診。') on conflict (symptom_id) do update set see_doctor_soon = excluded.see_doctor_soon, emergency = excluded.emergency;
insert into symptom_departments (symptom_id, department_id) values ((select id from symptoms where slug = 'frequent-urination'), (select id from medical_departments where slug = 'urology')) on conflict (symptom_id, department_id) do nothing;
insert into symptom_departments (symptom_id, department_id) values ((select id from symptoms where slug = 'frequent-urination'), (select id from medical_departments where slug = 'family-medicine')) on conflict (symptom_id, department_id) do nothing;
insert into symptom_guidance (symptom_id, see_doctor_soon, emergency) values ((select id from symptoms where slug = 'painful-urination'), '排尿疼痛持續、反覆或合併尿急尿頻，建議就醫。', '合併高燒、腰痛、血尿、懷孕或無法排尿，請急診。') on conflict (symptom_id) do update set see_doctor_soon = excluded.see_doctor_soon, emergency = excluded.emergency;
insert into symptom_departments (symptom_id, department_id) values ((select id from symptoms where slug = 'painful-urination'), (select id from medical_departments where slug = 'urology')) on conflict (symptom_id, department_id) do nothing;
insert into symptom_departments (symptom_id, department_id) values ((select id from symptoms where slug = 'painful-urination'), (select id from medical_departments where slug = 'family-medicine')) on conflict (symptom_id, department_id) do nothing;
insert into symptom_guidance (symptom_id, see_doctor_soon, emergency) values ((select id from symptoms where slug = 'blood-in-urine'), '任何明顯血尿都建議安排檢查。', '血尿合併劇烈腰腹痛、血塊尿不出、頭暈虛弱，請急診。') on conflict (symptom_id) do update set see_doctor_soon = excluded.see_doctor_soon, emergency = excluded.emergency;
insert into symptom_departments (symptom_id, department_id) values ((select id from symptoms where slug = 'blood-in-urine'), (select id from medical_departments where slug = 'urology')) on conflict (symptom_id, department_id) do nothing;
insert into symptom_departments (symptom_id, department_id) values ((select id from symptoms where slug = 'blood-in-urine'), (select id from medical_departments where slug = 'nephrology')) on conflict (symptom_id, department_id) do nothing;
insert into symptom_guidance (symptom_id, see_doctor_soon, emergency) values ((select id from symptoms where slug = 'urine-retention'), '排尿困難逐漸加重或尿流變弱，建議泌尿科評估。', '完全尿不出來、下腹劇痛或發燒，請立即急診。') on conflict (symptom_id) do update set see_doctor_soon = excluded.see_doctor_soon, emergency = excluded.emergency;
insert into symptom_departments (symptom_id, department_id) values ((select id from symptoms where slug = 'urine-retention'), (select id from medical_departments where slug = 'urology')) on conflict (symptom_id, department_id) do nothing;
insert into symptom_departments (symptom_id, department_id) values ((select id from symptoms where slug = 'urine-retention'), (select id from medical_departments where slug = 'emergency-medicine')) on conflict (symptom_id, department_id) do nothing;
insert into symptom_guidance (symptom_id, see_doctor_soon, emergency) values ((select id from symptoms where slug = 'nocturia'), '夜尿影響睡眠、合併水腫或口渴，建議評估。', '合併呼吸困難、嚴重水腫或意識改變，請急診。') on conflict (symptom_id) do update set see_doctor_soon = excluded.see_doctor_soon, emergency = excluded.emergency;
insert into symptom_departments (symptom_id, department_id) values ((select id from symptoms where slug = 'nocturia'), (select id from medical_departments where slug = 'urology')) on conflict (symptom_id, department_id) do nothing;
insert into symptom_departments (symptom_id, department_id) values ((select id from symptoms where slug = 'nocturia'), (select id from medical_departments where slug = 'nephrology')) on conflict (symptom_id, department_id) do nothing;
insert into symptom_departments (symptom_id, department_id) values ((select id from symptoms where slug = 'nocturia'), (select id from medical_departments where slug = 'family-medicine')) on conflict (symptom_id, department_id) do nothing;
insert into symptom_guidance (symptom_id, see_doctor_soon, emergency) values ((select id from symptoms where slug = 'jaundice'), '眼白或皮膚變黃，建議盡快就醫檢查肝膽功能。', '合併發燒、劇烈腹痛、意識混亂或出血傾向，請急診。') on conflict (symptom_id) do update set see_doctor_soon = excluded.see_doctor_soon, emergency = excluded.emergency;
insert into symptom_departments (symptom_id, department_id) values ((select id from symptoms where slug = 'jaundice'), (select id from medical_departments where slug = 'hepatobiliary-gastroenterology')) on conflict (symptom_id, department_id) do nothing;
insert into symptom_departments (symptom_id, department_id) values ((select id from symptoms where slug = 'jaundice'), (select id from medical_departments where slug = 'gastroenterology')) on conflict (symptom_id, department_id) do nothing;
insert into symptom_guidance (symptom_id, see_doctor_soon, emergency) values ((select id from symptoms where slug = 'right-upper-abdominal-pain'), '右上腹痛反覆、飯後加重或合併噁心，建議就醫。', '劇烈右上腹痛、發燒、黃疸或持續嘔吐，請急診。') on conflict (symptom_id) do update set see_doctor_soon = excluded.see_doctor_soon, emergency = excluded.emergency;
insert into symptom_departments (symptom_id, department_id) values ((select id from symptoms where slug = 'right-upper-abdominal-pain'), (select id from medical_departments where slug = 'hepatobiliary-gastroenterology')) on conflict (symptom_id, department_id) do nothing;
insert into symptom_departments (symptom_id, department_id) values ((select id from symptoms where slug = 'right-upper-abdominal-pain'), (select id from medical_departments where slug = 'general-surgery')) on conflict (symptom_id, department_id) do nothing;
insert into symptom_departments (symptom_id, department_id) values ((select id from symptoms where slug = 'right-upper-abdominal-pain'), (select id from medical_departments where slug = 'family-medicine')) on conflict (symptom_id, department_id) do nothing;
insert into symptom_guidance (symptom_id, see_doctor_soon, emergency) values ((select id from symptoms where slug = 'loss-of-appetite'), '食慾不振持續超過一到兩週或合併體重下降，建議就醫。', '合併黃疸、劇烈腹痛、脫水或意識改變，請急診。') on conflict (symptom_id) do update set see_doctor_soon = excluded.see_doctor_soon, emergency = excluded.emergency;
insert into symptom_departments (symptom_id, department_id) values ((select id from symptoms where slug = 'loss-of-appetite'), (select id from medical_departments where slug = 'hepatobiliary-gastroenterology')) on conflict (symptom_id, department_id) do nothing;
insert into symptom_departments (symptom_id, department_id) values ((select id from symptoms where slug = 'loss-of-appetite'), (select id from medical_departments where slug = 'family-medicine')) on conflict (symptom_id, department_id) do nothing;
insert into symptom_guidance (symptom_id, see_doctor_soon, emergency) values ((select id from symptoms where slug = 'fatigue-liver'), '疲倦持續、合併尿色深或右上腹不適，建議檢查。', '合併黃疸、意識混亂、吐血或黑便，請急診。') on conflict (symptom_id) do update set see_doctor_soon = excluded.see_doctor_soon, emergency = excluded.emergency;
insert into symptom_departments (symptom_id, department_id) values ((select id from symptoms where slug = 'fatigue-liver'), (select id from medical_departments where slug = 'hepatobiliary-gastroenterology')) on conflict (symptom_id, department_id) do nothing;
insert into symptom_departments (symptom_id, department_id) values ((select id from symptoms where slug = 'fatigue-liver'), (select id from medical_departments where slug = 'family-medicine')) on conflict (symptom_id, department_id) do nothing;
insert into symptom_guidance (symptom_id, see_doctor_soon, emergency) values ((select id from symptoms where slug = 'dark-urine'), '尿色深持續、補水後仍未改善，建議就醫。', '合併黃疸、發燒、劇痛或血尿，請急診。') on conflict (symptom_id) do update set see_doctor_soon = excluded.see_doctor_soon, emergency = excluded.emergency;
insert into symptom_departments (symptom_id, department_id) values ((select id from symptoms where slug = 'dark-urine'), (select id from medical_departments where slug = 'hepatobiliary-gastroenterology')) on conflict (symptom_id, department_id) do nothing;
insert into symptom_departments (symptom_id, department_id) values ((select id from symptoms where slug = 'dark-urine'), (select id from medical_departments where slug = 'urology')) on conflict (symptom_id, department_id) do nothing;
insert into symptom_departments (symptom_id, department_id) values ((select id from symptoms where slug = 'dark-urine'), (select id from medical_departments where slug = 'family-medicine')) on conflict (symptom_id, department_id) do nothing;
insert into symptom_guidance (symptom_id, see_doctor_soon, emergency) values ((select id from symptoms where slug = 'unexplained-fatigue'), '不明疲倦持續、合併蒼白或活動喘，建議抽血評估。', '合併胸痛、呼吸困難、昏厥或意識改變，請急診。') on conflict (symptom_id) do update set see_doctor_soon = excluded.see_doctor_soon, emergency = excluded.emergency;
insert into symptom_departments (symptom_id, department_id) values ((select id from symptoms where slug = 'unexplained-fatigue'), (select id from medical_departments where slug = 'hematology-oncology')) on conflict (symptom_id, department_id) do nothing;
insert into symptom_departments (symptom_id, department_id) values ((select id from symptoms where slug = 'unexplained-fatigue'), (select id from medical_departments where slug = 'family-medicine')) on conflict (symptom_id, department_id) do nothing;
insert into symptom_guidance (symptom_id, see_doctor_soon, emergency) values ((select id from symptoms where slug = 'easy-bruising'), '容易瘀青、流血不止或瘀斑增加，建議檢查血球與凝血功能。', '大量出血、黑便、血尿或頭部外傷後瘀青，請急診。') on conflict (symptom_id) do update set see_doctor_soon = excluded.see_doctor_soon, emergency = excluded.emergency;
insert into symptom_departments (symptom_id, department_id) values ((select id from symptoms where slug = 'easy-bruising'), (select id from medical_departments where slug = 'hematology-oncology')) on conflict (symptom_id, department_id) do nothing;
insert into symptom_departments (symptom_id, department_id) values ((select id from symptoms where slug = 'easy-bruising'), (select id from medical_departments where slug = 'family-medicine')) on conflict (symptom_id, department_id) do nothing;
insert into symptom_guidance (symptom_id, see_doctor_soon, emergency) values ((select id from symptoms where slug = 'unexplained-fever'), '不明發燒超過數日或反覆發作，建議就醫。', '高燒合併意識改變、呼吸困難、紫斑或免疫低下，請急診。') on conflict (symptom_id) do update set see_doctor_soon = excluded.see_doctor_soon, emergency = excluded.emergency;
insert into symptom_departments (symptom_id, department_id) values ((select id from symptoms where slug = 'unexplained-fever'), (select id from medical_departments where slug = 'infectious-disease')) on conflict (symptom_id, department_id) do nothing;
insert into symptom_departments (symptom_id, department_id) values ((select id from symptoms where slug = 'unexplained-fever'), (select id from medical_departments where slug = 'hematology-oncology')) on conflict (symptom_id, department_id) do nothing;
insert into symptom_departments (symptom_id, department_id) values ((select id from symptoms where slug = 'unexplained-fever'), (select id from medical_departments where slug = 'family-medicine')) on conflict (symptom_id, department_id) do nothing;
insert into symptom_guidance (symptom_id, see_doctor_soon, emergency) values ((select id from symptoms where slug = 'weight-loss'), '非刻意體重下降明顯，建議安排檢查。', '合併嚴重虛弱、脫水、吐血黑便或呼吸困難，請急診。') on conflict (symptom_id) do update set see_doctor_soon = excluded.see_doctor_soon, emergency = excluded.emergency;
insert into symptom_departments (symptom_id, department_id) values ((select id from symptoms where slug = 'weight-loss'), (select id from medical_departments where slug = 'family-medicine')) on conflict (symptom_id, department_id) do nothing;
insert into symptom_departments (symptom_id, department_id) values ((select id from symptoms where slug = 'weight-loss'), (select id from medical_departments where slug = 'gastroenterology')) on conflict (symptom_id, department_id) do nothing;
insert into symptom_departments (symptom_id, department_id) values ((select id from symptoms where slug = 'weight-loss'), (select id from medical_departments where slug = 'hematology-oncology')) on conflict (symptom_id, department_id) do nothing;
insert into symptom_guidance (symptom_id, see_doctor_soon, emergency) values ((select id from symptoms where slug = 'night-sweats'), '夜間盜汗反覆、合併發燒或體重下降，建議就醫。', '合併持續高燒、呼吸困難或意識改變，請急診。') on conflict (symptom_id) do update set see_doctor_soon = excluded.see_doctor_soon, emergency = excluded.emergency;
insert into symptom_departments (symptom_id, department_id) values ((select id from symptoms where slug = 'night-sweats'), (select id from medical_departments where slug = 'family-medicine')) on conflict (symptom_id, department_id) do nothing;
insert into symptom_departments (symptom_id, department_id) values ((select id from symptoms where slug = 'night-sweats'), (select id from medical_departments where slug = 'infectious-disease')) on conflict (symptom_id, department_id) do nothing;
insert into symptom_departments (symptom_id, department_id) values ((select id from symptoms where slug = 'night-sweats'), (select id from medical_departments where slug = 'hematology-oncology')) on conflict (symptom_id, department_id) do nothing;
insert into symptom_guidance (symptom_id, see_doctor_soon, emergency) values ((select id from symptoms where slug = 'irregular-heartbeat'), '心跳不規則反覆、合併頭暈或胸悶，建議心電圖檢查。', '合併胸痛、昏厥、呼吸困難或持續心跳過快，請急診。') on conflict (symptom_id) do update set see_doctor_soon = excluded.see_doctor_soon, emergency = excluded.emergency;
insert into symptom_departments (symptom_id, department_id) values ((select id from symptoms where slug = 'irregular-heartbeat'), (select id from medical_departments where slug = 'cardiology')) on conflict (symptom_id, department_id) do nothing;
insert into symptom_departments (symptom_id, department_id) values ((select id from symptoms where slug = 'irregular-heartbeat'), (select id from medical_departments where slug = 'family-medicine')) on conflict (symptom_id, department_id) do nothing;
insert into symptom_guidance (symptom_id, see_doctor_soon, emergency) values ((select id from symptoms where slug = 'exercise-intolerance'), '活動能力明顯下降或活動後喘累，建議就醫。', '休息仍喘、胸痛、冒冷汗或嘴唇發紫，請急診。') on conflict (symptom_id) do update set see_doctor_soon = excluded.see_doctor_soon, emergency = excluded.emergency;
insert into symptom_departments (symptom_id, department_id) values ((select id from symptoms where slug = 'exercise-intolerance'), (select id from medical_departments where slug = 'cardiology')) on conflict (symptom_id, department_id) do nothing;
insert into symptom_departments (symptom_id, department_id) values ((select id from symptoms where slug = 'exercise-intolerance'), (select id from medical_departments where slug = 'pulmonology')) on conflict (symptom_id, department_id) do nothing;
insert into symptom_departments (symptom_id, department_id) values ((select id from symptoms where slug = 'exercise-intolerance'), (select id from medical_departments where slug = 'family-medicine')) on conflict (symptom_id, department_id) do nothing;
insert into symptom_guidance (symptom_id, see_doctor_soon, emergency) values ((select id from symptoms where slug = 'fainting'), '任何原因不明的昏厥都建議就醫評估。', '運動中昏厥、胸痛、心悸、呼吸困難或受傷，請立即急診。') on conflict (symptom_id) do update set see_doctor_soon = excluded.see_doctor_soon, emergency = excluded.emergency;
insert into symptom_departments (symptom_id, department_id) values ((select id from symptoms where slug = 'fainting'), (select id from medical_departments where slug = 'cardiology')) on conflict (symptom_id, department_id) do nothing;
insert into symptom_departments (symptom_id, department_id) values ((select id from symptoms where slug = 'fainting'), (select id from medical_departments where slug = 'neurology')) on conflict (symptom_id, department_id) do nothing;
insert into symptom_departments (symptom_id, department_id) values ((select id from symptoms where slug = 'fainting'), (select id from medical_departments where slug = 'family-medicine')) on conflict (symptom_id, department_id) do nothing;
insert into symptom_guidance (symptom_id, see_doctor_soon, emergency) values ((select id from symptoms where slug = 'chest-pressure-exertion'), '活動時胸壓感反覆，建議盡快心臟科評估。', '胸壓持續不退、冒冷汗、痛到左臂下巴或呼吸困難，請立即急診。') on conflict (symptom_id) do update set see_doctor_soon = excluded.see_doctor_soon, emergency = excluded.emergency;
insert into symptom_departments (symptom_id, department_id) values ((select id from symptoms where slug = 'chest-pressure-exertion'), (select id from medical_departments where slug = 'cardiology')) on conflict (symptom_id, department_id) do nothing;
insert into symptom_departments (symptom_id, department_id) values ((select id from symptoms where slug = 'chest-pressure-exertion'), (select id from medical_departments where slug = 'emergency-medicine')) on conflict (symptom_id, department_id) do nothing;
insert into symptom_guidance (symptom_id, see_doctor_soon, emergency) values ((select id from symptoms where slug = 'edema'), '下肢水腫持續、雙側明顯或合併喘，建議就醫。', '合併呼吸困難、胸痛、單側腿腫痛或突然惡化，請急診。') on conflict (symptom_id) do update set see_doctor_soon = excluded.see_doctor_soon, emergency = excluded.emergency;
insert into symptom_departments (symptom_id, department_id) values ((select id from symptoms where slug = 'edema'), (select id from medical_departments where slug = 'cardiology')) on conflict (symptom_id, department_id) do nothing;
insert into symptom_departments (symptom_id, department_id) values ((select id from symptoms where slug = 'edema'), (select id from medical_departments where slug = 'nephrology')) on conflict (symptom_id, department_id) do nothing;
insert into symptom_departments (symptom_id, department_id) values ((select id from symptoms where slug = 'edema'), (select id from medical_departments where slug = 'family-medicine')) on conflict (symptom_id, department_id) do nothing;
insert into symptom_guidance (symptom_id, see_doctor_soon, emergency) values ((select id from symptoms where slug = 'speech-difficulty'), '說話困難若逐漸出現或反覆，建議神經科評估。', '突然說話不清、臉歪、單側無力，請立即急診。') on conflict (symptom_id) do update set see_doctor_soon = excluded.see_doctor_soon, emergency = excluded.emergency;
insert into symptom_departments (symptom_id, department_id) values ((select id from symptoms where slug = 'speech-difficulty'), (select id from medical_departments where slug = 'neurology')) on conflict (symptom_id, department_id) do nothing;
insert into symptom_departments (symptom_id, department_id) values ((select id from symptoms where slug = 'speech-difficulty'), (select id from medical_departments where slug = 'emergency-medicine')) on conflict (symptom_id, department_id) do nothing;
insert into symptom_guidance (symptom_id, see_doctor_soon, emergency) values ((select id from symptoms where slug = 'one-side-weakness'), '單側無力即使短暫恢復，也建議盡快就醫。', '突然單側無力、臉歪、說話不清，請立即急診。') on conflict (symptom_id) do update set see_doctor_soon = excluded.see_doctor_soon, emergency = excluded.emergency;
insert into symptom_departments (symptom_id, department_id) values ((select id from symptoms where slug = 'one-side-weakness'), (select id from medical_departments where slug = 'neurology')) on conflict (symptom_id, department_id) do nothing;
insert into symptom_departments (symptom_id, department_id) values ((select id from symptoms where slug = 'one-side-weakness'), (select id from medical_departments where slug = 'emergency-medicine')) on conflict (symptom_id, department_id) do nothing;
insert into symptom_guidance (symptom_id, see_doctor_soon, emergency) values ((select id from symptoms where slug = 'memory-loss'), '記憶力下降持續影響生活，建議安排門診。', '突然混亂、意識改變、疑似中風症狀，請立即急診。') on conflict (symptom_id) do update set see_doctor_soon = excluded.see_doctor_soon, emergency = excluded.emergency;
insert into symptom_departments (symptom_id, department_id) values ((select id from symptoms where slug = 'memory-loss'), (select id from medical_departments where slug = 'neurology')) on conflict (symptom_id, department_id) do nothing;
insert into symptom_departments (symptom_id, department_id) values ((select id from symptoms where slug = 'memory-loss'), (select id from medical_departments where slug = 'psychiatry')) on conflict (symptom_id, department_id) do nothing;
insert into symptom_departments (symptom_id, department_id) values ((select id from symptoms where slug = 'memory-loss'), (select id from medical_departments where slug = 'family-medicine')) on conflict (symptom_id, department_id) do nothing;
insert into symptom_guidance (symptom_id, see_doctor_soon, emergency) values ((select id from symptoms where slug = 'tremor'), '手抖持續、影響動作或逐漸加重，建議神經科評估。', '合併單側無力、說話困難、意識改變，請急診。') on conflict (symptom_id) do update set see_doctor_soon = excluded.see_doctor_soon, emergency = excluded.emergency;
insert into symptom_departments (symptom_id, department_id) values ((select id from symptoms where slug = 'tremor'), (select id from medical_departments where slug = 'neurology')) on conflict (symptom_id, department_id) do nothing;
insert into symptom_departments (symptom_id, department_id) values ((select id from symptoms where slug = 'tremor'), (select id from medical_departments where slug = 'family-medicine')) on conflict (symptom_id, department_id) do nothing;
insert into symptom_guidance (symptom_id, see_doctor_soon, emergency) values ((select id from symptoms where slug = 'seizure'), '首次抽搐或反覆抽搐，建議盡快神經科評估。', '抽搐超過五分鐘、連續發作、受傷或懷孕，請立即急診。') on conflict (symptom_id) do update set see_doctor_soon = excluded.see_doctor_soon, emergency = excluded.emergency;
insert into symptom_departments (symptom_id, department_id) values ((select id from symptoms where slug = 'seizure'), (select id from medical_departments where slug = 'neurology')) on conflict (symptom_id, department_id) do nothing;
insert into symptom_departments (symptom_id, department_id) values ((select id from symptoms where slug = 'seizure'), (select id from medical_departments where slug = 'emergency-medicine')) on conflict (symptom_id, department_id) do nothing;
insert into symptom_guidance (symptom_id, see_doctor_soon, emergency) values ((select id from symptoms where slug = 'joint-deformity'), '關節變形、疼痛或功能變差，建議就醫。', '外傷後明顯變形、劇痛或無法活動，請急診。') on conflict (symptom_id) do update set see_doctor_soon = excluded.see_doctor_soon, emergency = excluded.emergency;
insert into symptom_departments (symptom_id, department_id) values ((select id from symptoms where slug = 'joint-deformity'), (select id from medical_departments where slug = 'orthopedics')) on conflict (symptom_id, department_id) do nothing;
insert into symptom_departments (symptom_id, department_id) values ((select id from symptoms where slug = 'joint-deformity'), (select id from medical_departments where slug = 'rheumatology-immunology')) on conflict (symptom_id, department_id) do nothing;
insert into symptom_guidance (symptom_id, see_doctor_soon, emergency) values ((select id from symptoms where slug = 'fracture-suspected'), '疑似骨折應盡快就醫照影像檢查。', '變形、開放性傷口、無法承重或末端發白發麻，請急診。') on conflict (symptom_id) do update set see_doctor_soon = excluded.see_doctor_soon, emergency = excluded.emergency;
insert into symptom_departments (symptom_id, department_id) values ((select id from symptoms where slug = 'fracture-suspected'), (select id from medical_departments where slug = 'orthopedics')) on conflict (symptom_id, department_id) do nothing;
insert into symptom_departments (symptom_id, department_id) values ((select id from symptoms where slug = 'fracture-suspected'), (select id from medical_departments where slug = 'emergency-medicine')) on conflict (symptom_id, department_id) do nothing;
insert into symptom_guidance (symptom_id, see_doctor_soon, emergency) values ((select id from symptoms where slug = 'limited-mobility'), '活動受限持續、疼痛或影響生活，建議評估。', '外傷後突然無法活動、劇痛或神經症狀，請急診。') on conflict (symptom_id) do update set see_doctor_soon = excluded.see_doctor_soon, emergency = excluded.emergency;
insert into symptom_departments (symptom_id, department_id) values ((select id from symptoms where slug = 'limited-mobility'), (select id from medical_departments where slug = 'orthopedics')) on conflict (symptom_id, department_id) do nothing;
insert into symptom_departments (symptom_id, department_id) values ((select id from symptoms where slug = 'limited-mobility'), (select id from medical_departments where slug = 'rehabilitation')) on conflict (symptom_id, department_id) do nothing;
insert into symptom_guidance (symptom_id, see_doctor_soon, emergency) values ((select id from symptoms where slug = 'bone-pain'), '骨頭痛持續、夜間痛或不明原因，建議就醫。', '合併發燒、外傷後劇痛、無法承重或癌症病史，請急診。') on conflict (symptom_id) do update set see_doctor_soon = excluded.see_doctor_soon, emergency = excluded.emergency;
insert into symptom_departments (symptom_id, department_id) values ((select id from symptoms where slug = 'bone-pain'), (select id from medical_departments where slug = 'orthopedics')) on conflict (symptom_id, department_id) do nothing;
insert into symptom_departments (symptom_id, department_id) values ((select id from symptoms where slug = 'bone-pain'), (select id from medical_departments where slug = 'family-medicine')) on conflict (symptom_id, department_id) do nothing;
insert into symptom_guidance (symptom_id, see_doctor_soon, emergency) values ((select id from symptoms where slug = 'morning-stiffness'), '晨僵反覆且超過三十分鐘，建議檢查發炎性關節疾病。', '合併高燒、關節劇痛或快速惡化，請急診。') on conflict (symptom_id) do update set see_doctor_soon = excluded.see_doctor_soon, emergency = excluded.emergency;
insert into symptom_departments (symptom_id, department_id) values ((select id from symptoms where slug = 'morning-stiffness'), (select id from medical_departments where slug = 'rheumatology-immunology')) on conflict (symptom_id, department_id) do nothing;
insert into symptom_departments (symptom_id, department_id) values ((select id from symptoms where slug = 'morning-stiffness'), (select id from medical_departments where slug = 'rehabilitation')) on conflict (symptom_id, department_id) do nothing;
insert into symptom_guidance (symptom_id, see_doctor_soon, emergency) values ((select id from symptoms where slug = 'skin-infection'), '紅腫熱痛、化膿或範圍擴大，建議就醫。', '發燒、紅線往上延伸、劇烈疼痛或免疫低下，請急診。') on conflict (symptom_id) do update set see_doctor_soon = excluded.see_doctor_soon, emergency = excluded.emergency;
insert into symptom_departments (symptom_id, department_id) values ((select id from symptoms where slug = 'skin-infection'), (select id from medical_departments where slug = 'dermatology')) on conflict (symptom_id, department_id) do nothing;
insert into symptom_departments (symptom_id, department_id) values ((select id from symptoms where slug = 'skin-infection'), (select id from medical_departments where slug = 'general-surgery')) on conflict (symptom_id, department_id) do nothing;
insert into symptom_departments (symptom_id, department_id) values ((select id from symptoms where slug = 'skin-infection'), (select id from medical_departments where slug = 'family-medicine')) on conflict (symptom_id, department_id) do nothing;
insert into symptom_guidance (symptom_id, see_doctor_soon, emergency) values ((select id from symptoms where slug = 'eczema-flare'), '濕疹惡化、反覆搔癢或滲液，建議皮膚科治療。', '大範圍紅腫疼痛、發燒或疑似感染擴散，請急診。') on conflict (symptom_id) do update set see_doctor_soon = excluded.see_doctor_soon, emergency = excluded.emergency;
insert into symptom_departments (symptom_id, department_id) values ((select id from symptoms where slug = 'eczema-flare'), (select id from medical_departments where slug = 'dermatology')) on conflict (symptom_id, department_id) do nothing;
insert into symptom_departments (symptom_id, department_id) values ((select id from symptoms where slug = 'eczema-flare'), (select id from medical_departments where slug = 'family-medicine')) on conflict (symptom_id, department_id) do nothing;
insert into symptom_guidance (symptom_id, see_doctor_soon, emergency) values ((select id from symptoms where slug = 'fungal-infection'), '疑似黴菌感染持續、擴大或反覆，建議就醫。', '若合併快速紅腫熱痛、發燒或糖尿病足部感染，請急診。') on conflict (symptom_id) do update set see_doctor_soon = excluded.see_doctor_soon, emergency = excluded.emergency;
insert into symptom_departments (symptom_id, department_id) values ((select id from symptoms where slug = 'fungal-infection'), (select id from medical_departments where slug = 'dermatology')) on conflict (symptom_id, department_id) do nothing;
insert into symptom_departments (symptom_id, department_id) values ((select id from symptoms where slug = 'fungal-infection'), (select id from medical_departments where slug = 'family-medicine')) on conflict (symptom_id, department_id) do nothing;
insert into symptom_guidance (symptom_id, see_doctor_soon, emergency) values ((select id from symptoms where slug = 'hair-loss'), '掉髮持續、局部禿髮或合併頭皮發炎，建議就醫。', '合併嚴重頭皮感染、發燒或快速腫痛，請急診。') on conflict (symptom_id) do update set see_doctor_soon = excluded.see_doctor_soon, emergency = excluded.emergency;
insert into symptom_departments (symptom_id, department_id) values ((select id from symptoms where slug = 'hair-loss'), (select id from medical_departments where slug = 'dermatology')) on conflict (symptom_id, department_id) do nothing;
insert into symptom_departments (symptom_id, department_id) values ((select id from symptoms where slug = 'hair-loss'), (select id from medical_departments where slug = 'family-medicine')) on conflict (symptom_id, department_id) do nothing;
insert into symptom_guidance (symptom_id, see_doctor_soon, emergency) values ((select id from symptoms where slug = 'skin-pigmentation'), '色素變化持續、擴大或形狀不規則，建議皮膚科評估。', '黑痣快速變大、出血、潰瘍或顏色形狀快速改變，請盡快就醫。') on conflict (symptom_id) do update set see_doctor_soon = excluded.see_doctor_soon, emergency = excluded.emergency;
insert into symptom_departments (symptom_id, department_id) values ((select id from symptoms where slug = 'skin-pigmentation'), (select id from medical_departments where slug = 'dermatology')) on conflict (symptom_id, department_id) do nothing;
insert into symptom_guidance (symptom_id, see_doctor_soon, emergency) values ((select id from symptoms where slug = 'tension-headache'), '若頭痛反覆、影響工作或需要頻繁止痛藥，建議就醫評估。', '突然劇烈頭痛、意識改變、單側無力或發燒合併頸部僵硬，請急診。') on conflict (symptom_id) do update set see_doctor_soon = excluded.see_doctor_soon, emergency = excluded.emergency;
insert into symptom_departments (symptom_id, department_id) values ((select id from symptoms where slug = 'tension-headache'), (select id from medical_departments where slug = 'neurology')) on conflict (symptom_id, department_id) do nothing;
insert into symptom_departments (symptom_id, department_id) values ((select id from symptoms where slug = 'tension-headache'), (select id from medical_departments where slug = 'family-medicine')) on conflict (symptom_id, department_id) do nothing;
insert into symptom_guidance (symptom_id, see_doctor_soon, emergency) values ((select id from symptoms where slug = 'cluster-headache'), '若頭痛呈週期性劇烈發作，建議神經科評估。', '首次劇烈頭痛、神經症狀或意識改變，請急診。') on conflict (symptom_id) do update set see_doctor_soon = excluded.see_doctor_soon, emergency = excluded.emergency;
insert into symptom_departments (symptom_id, department_id) values ((select id from symptoms where slug = 'cluster-headache'), (select id from medical_departments where slug = 'neurology')) on conflict (symptom_id, department_id) do nothing;
insert into symptom_guidance (symptom_id, see_doctor_soon, emergency) values ((select id from symptoms where slug = 'facial-pain'), '若臉痛反覆、咀嚼或觸碰誘發，建議就醫。', '合併臉歪、視力改變、高燒或劇烈頭痛，請急診。') on conflict (symptom_id) do update set see_doctor_soon = excluded.see_doctor_soon, emergency = excluded.emergency;
insert into symptom_departments (symptom_id, department_id) values ((select id from symptoms where slug = 'facial-pain'), (select id from medical_departments where slug = 'neurology')) on conflict (symptom_id, department_id) do nothing;
insert into symptom_departments (symptom_id, department_id) values ((select id from symptoms where slug = 'facial-pain'), (select id from medical_departments where slug = 'ent')) on conflict (symptom_id, department_id) do nothing;
insert into symptom_departments (symptom_id, department_id) values ((select id from symptoms where slug = 'facial-pain'), (select id from medical_departments where slug = 'dentistry')) on conflict (symptom_id, department_id) do nothing;
insert into symptom_guidance (symptom_id, see_doctor_soon, emergency) values ((select id from symptoms where slug = 'jaw-pain'), '下巴痛持續、張口卡住或咀嚼困難，建議就醫。', '下巴痛合併胸痛、冒冷汗或呼吸困難，請急診。') on conflict (symptom_id) do update set see_doctor_soon = excluded.see_doctor_soon, emergency = excluded.emergency;
insert into symptom_departments (symptom_id, department_id) values ((select id from symptoms where slug = 'jaw-pain'), (select id from medical_departments where slug = 'dentistry')) on conflict (symptom_id, department_id) do nothing;
insert into symptom_departments (symptom_id, department_id) values ((select id from symptoms where slug = 'jaw-pain'), (select id from medical_departments where slug = 'ent')) on conflict (symptom_id, department_id) do nothing;
insert into symptom_departments (symptom_id, department_id) values ((select id from symptoms where slug = 'jaw-pain'), (select id from medical_departments where slug = 'family-medicine')) on conflict (symptom_id, department_id) do nothing;
insert into symptom_guidance (symptom_id, see_doctor_soon, emergency) values ((select id from symptoms where slug = 'head-pressure'), '若壓迫感持續、合併暈眩或血壓異常，建議就醫。', '合併神經症狀、劇烈頭痛或意識改變，請急診。') on conflict (symptom_id) do update set see_doctor_soon = excluded.see_doctor_soon, emergency = excluded.emergency;
insert into symptom_departments (symptom_id, department_id) values ((select id from symptoms where slug = 'head-pressure'), (select id from medical_departments where slug = 'family-medicine')) on conflict (symptom_id, department_id) do nothing;
insert into symptom_departments (symptom_id, department_id) values ((select id from symptoms where slug = 'head-pressure'), (select id from medical_departments where slug = 'neurology')) on conflict (symptom_id, department_id) do nothing;
insert into symptom_departments (symptom_id, department_id) values ((select id from symptoms where slug = 'head-pressure'), (select id from medical_departments where slug = 'ent')) on conflict (symptom_id, department_id) do nothing;
insert into symptom_guidance (symptom_id, see_doctor_soon, emergency) values ((select id from symptoms where slug = 'photophobia'), '畏光持續、合併頭痛或眼痛，建議就醫。', '合併視力下降、劇烈眼痛或頭部外傷，請急診。') on conflict (symptom_id) do update set see_doctor_soon = excluded.see_doctor_soon, emergency = excluded.emergency;
insert into symptom_departments (symptom_id, department_id) values ((select id from symptoms where slug = 'photophobia'), (select id from medical_departments where slug = 'ophthalmology')) on conflict (symptom_id, department_id) do nothing;
insert into symptom_departments (symptom_id, department_id) values ((select id from symptoms where slug = 'photophobia'), (select id from medical_departments where slug = 'neurology')) on conflict (symptom_id, department_id) do nothing;
insert into symptom_guidance (symptom_id, see_doctor_soon, emergency) values ((select id from symptoms where slug = 'double-vision'), '複視持續或反覆，建議盡快就醫。', '突然複視合併頭痛、單側無力或說話不清，請急診。') on conflict (symptom_id) do update set see_doctor_soon = excluded.see_doctor_soon, emergency = excluded.emergency;
insert into symptom_departments (symptom_id, department_id) values ((select id from symptoms where slug = 'double-vision'), (select id from medical_departments where slug = 'ophthalmology')) on conflict (symptom_id, department_id) do nothing;
insert into symptom_departments (symptom_id, department_id) values ((select id from symptoms where slug = 'double-vision'), (select id from medical_departments where slug = 'neurology')) on conflict (symptom_id, department_id) do nothing;
insert into symptom_guidance (symptom_id, see_doctor_soon, emergency) values ((select id from symptoms where slug = 'eye-discharge'), '若分泌物多、紅眼或疼痛，建議眼科評估。', '合併視力下降、劇痛或戴隱形眼鏡者，請盡快就醫。') on conflict (symptom_id) do update set see_doctor_soon = excluded.see_doctor_soon, emergency = excluded.emergency;
insert into symptom_departments (symptom_id, department_id) values ((select id from symptoms where slug = 'eye-discharge'), (select id from medical_departments where slug = 'ophthalmology')) on conflict (symptom_id, department_id) do nothing;
insert into symptom_guidance (symptom_id, see_doctor_soon, emergency) values ((select id from symptoms where slug = 'eyelid-swelling'), '眼皮腫持續、疼痛或反覆發作，建議就醫。', '合併視力改變、眼球痛、發燒或眼周快速腫脹，請急診。') on conflict (symptom_id) do update set see_doctor_soon = excluded.see_doctor_soon, emergency = excluded.emergency;
insert into symptom_departments (symptom_id, department_id) values ((select id from symptoms where slug = 'eyelid-swelling'), (select id from medical_departments where slug = 'ophthalmology')) on conflict (symptom_id, department_id) do nothing;
insert into symptom_departments (symptom_id, department_id) values ((select id from symptoms where slug = 'eyelid-swelling'), (select id from medical_departments where slug = 'dermatology')) on conflict (symptom_id, department_id) do nothing;
insert into symptom_departments (symptom_id, department_id) values ((select id from symptoms where slug = 'eyelid-swelling'), (select id from medical_departments where slug = 'family-medicine')) on conflict (symptom_id, department_id) do nothing;
insert into symptom_guidance (symptom_id, see_doctor_soon, emergency) values ((select id from symptoms where slug = 'visual-field-loss'), '任何新出現視野缺損都建議盡快就醫。', '突然視野缺損、視力下降或閃光黑影增加，請急診。') on conflict (symptom_id) do update set see_doctor_soon = excluded.see_doctor_soon, emergency = excluded.emergency;
insert into symptom_departments (symptom_id, department_id) values ((select id from symptoms where slug = 'visual-field-loss'), (select id from medical_departments where slug = 'ophthalmology')) on conflict (symptom_id, department_id) do nothing;
insert into symptom_departments (symptom_id, department_id) values ((select id from symptoms where slug = 'visual-field-loss'), (select id from medical_departments where slug = 'neurology')) on conflict (symptom_id, department_id) do nothing;
insert into symptom_guidance (symptom_id, see_doctor_soon, emergency) values ((select id from symptoms where slug = 'itchy-ear'), '若耳癢持續、流液或疼痛，建議就醫。', '合併劇痛、聽力下降或耳後紅腫，請急診。') on conflict (symptom_id) do update set see_doctor_soon = excluded.see_doctor_soon, emergency = excluded.emergency;
insert into symptom_departments (symptom_id, department_id) values ((select id from symptoms where slug = 'itchy-ear'), (select id from medical_departments where slug = 'ent')) on conflict (symptom_id, department_id) do nothing;
insert into symptom_departments (symptom_id, department_id) values ((select id from symptoms where slug = 'itchy-ear'), (select id from medical_departments where slug = 'dermatology')) on conflict (symptom_id, department_id) do nothing;
insert into symptom_guidance (symptom_id, see_doctor_soon, emergency) values ((select id from symptoms where slug = 'blocked-ear-wax'), '耳悶或聽力下降持續，建議耳鼻喉科檢查。', '突發聽力明顯下降或劇烈暈眩，請立即就醫。') on conflict (symptom_id) do update set see_doctor_soon = excluded.see_doctor_soon, emergency = excluded.emergency;
insert into symptom_departments (symptom_id, department_id) values ((select id from symptoms where slug = 'blocked-ear-wax'), (select id from medical_departments where slug = 'ent')) on conflict (symptom_id, department_id) do nothing;
insert into symptom_guidance (symptom_id, see_doctor_soon, emergency) values ((select id from symptoms where slug = 'balance-problem'), '平衡不穩反覆或持續，建議就醫評估。', '突然走路嚴重不穩、單側無力或說話不清，請急診。') on conflict (symptom_id) do update set see_doctor_soon = excluded.see_doctor_soon, emergency = excluded.emergency;
insert into symptom_departments (symptom_id, department_id) values ((select id from symptoms where slug = 'balance-problem'), (select id from medical_departments where slug = 'ent')) on conflict (symptom_id, department_id) do nothing;
insert into symptom_departments (symptom_id, department_id) values ((select id from symptoms where slug = 'balance-problem'), (select id from medical_departments where slug = 'neurology')) on conflict (symptom_id, department_id) do nothing;
insert into symptom_guidance (symptom_id, see_doctor_soon, emergency) values ((select id from symptoms where slug = 'ear-pressure-flight'), '耳壓痛持續超過數日或合併聽力下降，建議就醫。', '劇烈耳痛、流血或嚴重暈眩，請急診。') on conflict (symptom_id) do update set see_doctor_soon = excluded.see_doctor_soon, emergency = excluded.emergency;
insert into symptom_departments (symptom_id, department_id) values ((select id from symptoms where slug = 'ear-pressure-flight'), (select id from medical_departments where slug = 'ent')) on conflict (symptom_id, department_id) do nothing;
insert into symptom_guidance (symptom_id, see_doctor_soon, emergency) values ((select id from symptoms where slug = 'outer-ear-swelling'), '外耳腫痛持續或疑似感染，建議就醫。', '合併發燒、紅腫快速擴大或免疫低下，請急診。') on conflict (symptom_id) do update set see_doctor_soon = excluded.see_doctor_soon, emergency = excluded.emergency;
insert into symptom_departments (symptom_id, department_id) values ((select id from symptoms where slug = 'outer-ear-swelling'), (select id from medical_departments where slug = 'ent')) on conflict (symptom_id, department_id) do nothing;
insert into symptom_departments (symptom_id, department_id) values ((select id from symptoms where slug = 'outer-ear-swelling'), (select id from medical_departments where slug = 'dermatology')) on conflict (symptom_id, department_id) do nothing;
insert into symptom_guidance (symptom_id, see_doctor_soon, emergency) values ((select id from symptoms where slug = 'sneezing'), '若反覆過敏影響睡眠或生活，建議評估。', '合併呼吸困難、嚴重過敏反應，請急診。') on conflict (symptom_id) do update set see_doctor_soon = excluded.see_doctor_soon, emergency = excluded.emergency;
insert into symptom_departments (symptom_id, department_id) values ((select id from symptoms where slug = 'sneezing'), (select id from medical_departments where slug = 'ent')) on conflict (symptom_id, department_id) do nothing;
insert into symptom_departments (symptom_id, department_id) values ((select id from symptoms where slug = 'sneezing'), (select id from medical_departments where slug = 'family-medicine')) on conflict (symptom_id, department_id) do nothing;
insert into symptom_guidance (symptom_id, see_doctor_soon, emergency) values ((select id from symptoms where slug = 'postnasal-drip'), '鼻涕倒流持續、慢性咳嗽或鼻竇不適，建議就醫。', '合併高燒、眼周腫痛或劇烈頭痛，請急診。') on conflict (symptom_id) do update set see_doctor_soon = excluded.see_doctor_soon, emergency = excluded.emergency;
insert into symptom_departments (symptom_id, department_id) values ((select id from symptoms where slug = 'postnasal-drip'), (select id from medical_departments where slug = 'ent')) on conflict (symptom_id, department_id) do nothing;
insert into symptom_departments (symptom_id, department_id) values ((select id from symptoms where slug = 'postnasal-drip'), (select id from medical_departments where slug = 'family-medicine')) on conflict (symptom_id, department_id) do nothing;
insert into symptom_guidance (symptom_id, see_doctor_soon, emergency) values ((select id from symptoms where slug = 'nasal-itching'), '反覆鼻癢影響生活可評估過敏治療。', '合併嚴重過敏反應或呼吸困難，請急診。') on conflict (symptom_id) do update set see_doctor_soon = excluded.see_doctor_soon, emergency = excluded.emergency;
insert into symptom_departments (symptom_id, department_id) values ((select id from symptoms where slug = 'nasal-itching'), (select id from medical_departments where slug = 'ent')) on conflict (symptom_id, department_id) do nothing;
insert into symptom_departments (symptom_id, department_id) values ((select id from symptoms where slug = 'nasal-itching'), (select id from medical_departments where slug = 'family-medicine')) on conflict (symptom_id, department_id) do nothing;
insert into symptom_guidance (symptom_id, see_doctor_soon, emergency) values ((select id from symptoms where slug = 'facial-fullness'), '臉部悶脹合併濃鼻涕或超過十天，建議就醫。', '眼周腫痛、視力改變、高燒或意識改變，請急診。') on conflict (symptom_id) do update set see_doctor_soon = excluded.see_doctor_soon, emergency = excluded.emergency;
insert into symptom_departments (symptom_id, department_id) values ((select id from symptoms where slug = 'facial-fullness'), (select id from medical_departments where slug = 'ent')) on conflict (symptom_id, department_id) do nothing;
insert into symptom_departments (symptom_id, department_id) values ((select id from symptoms where slug = 'facial-fullness'), (select id from medical_departments where slug = 'family-medicine')) on conflict (symptom_id, department_id) do nothing;
insert into symptom_guidance (symptom_id, see_doctor_soon, emergency) values ((select id from symptoms where slug = 'nasal-polyp-suspected'), '長期單側或雙側鼻塞、嗅覺下降，建議檢查。', '單側出血、臉部劇痛或視力症狀，請盡快就醫。') on conflict (symptom_id) do update set see_doctor_soon = excluded.see_doctor_soon, emergency = excluded.emergency;
insert into symptom_departments (symptom_id, department_id) values ((select id from symptoms where slug = 'nasal-polyp-suspected'), (select id from medical_departments where slug = 'ent')) on conflict (symptom_id, department_id) do nothing;
insert into symptom_guidance (symptom_id, see_doctor_soon, emergency) values ((select id from symptoms where slug = 'tonsil-swelling'), '扁桃腺腫合併發燒、化膿或吞嚥痛，建議就醫。', '呼吸困難、流口水或無法吞口水，請急診。') on conflict (symptom_id) do update set see_doctor_soon = excluded.see_doctor_soon, emergency = excluded.emergency;
insert into symptom_departments (symptom_id, department_id) values ((select id from symptoms where slug = 'tonsil-swelling'), (select id from medical_departments where slug = 'ent')) on conflict (symptom_id, department_id) do nothing;
insert into symptom_departments (symptom_id, department_id) values ((select id from symptoms where slug = 'tonsil-swelling'), (select id from medical_departments where slug = 'family-medicine')) on conflict (symptom_id, department_id) do nothing;
insert into symptom_guidance (symptom_id, see_doctor_soon, emergency) values ((select id from symptoms where slug = 'loss-of-voice'), '失聲超過一週或反覆發作，建議檢查聲帶。', '合併呼吸困難、頸部快速腫大，請急診。') on conflict (symptom_id) do update set see_doctor_soon = excluded.see_doctor_soon, emergency = excluded.emergency;
insert into symptom_departments (symptom_id, department_id) values ((select id from symptoms where slug = 'loss-of-voice'), (select id from medical_departments where slug = 'ent')) on conflict (symptom_id, department_id) do nothing;
insert into symptom_guidance (symptom_id, see_doctor_soon, emergency) values ((select id from symptoms where slug = 'throat-dryness'), '喉嚨乾持續、合併慢性咳嗽或胃酸逆流症狀，建議評估。', '合併呼吸困難或吞嚥快速惡化，請急診。') on conflict (symptom_id) do update set see_doctor_soon = excluded.see_doctor_soon, emergency = excluded.emergency;
insert into symptom_departments (symptom_id, department_id) values ((select id from symptoms where slug = 'throat-dryness'), (select id from medical_departments where slug = 'ent')) on conflict (symptom_id, department_id) do nothing;
insert into symptom_departments (symptom_id, department_id) values ((select id from symptoms where slug = 'throat-dryness'), (select id from medical_departments where slug = 'family-medicine')) on conflict (symptom_id, department_id) do nothing;
insert into symptom_guidance (symptom_id, see_doctor_soon, emergency) values ((select id from symptoms where slug = 'bad-breath'), '口臭持續可先由牙科與耳鼻喉科評估。', '合併嚴重牙痛、臉部腫脹或發燒，請急診。') on conflict (symptom_id) do update set see_doctor_soon = excluded.see_doctor_soon, emergency = excluded.emergency;
insert into symptom_departments (symptom_id, department_id) values ((select id from symptoms where slug = 'bad-breath'), (select id from medical_departments where slug = 'dentistry')) on conflict (symptom_id, department_id) do nothing;
insert into symptom_departments (symptom_id, department_id) values ((select id from symptoms where slug = 'bad-breath'), (select id from medical_departments where slug = 'ent')) on conflict (symptom_id, department_id) do nothing;
insert into symptom_departments (symptom_id, department_id) values ((select id from symptoms where slug = 'bad-breath'), (select id from medical_departments where slug = 'gastroenterology')) on conflict (symptom_id, department_id) do nothing;
insert into symptom_guidance (symptom_id, see_doctor_soon, emergency) values ((select id from symptoms where slug = 'choking-easily'), '容易嗆到反覆或合併吞嚥困難，建議就醫。', '突然吞嚥困難、說話不清或單側無力，請急診。') on conflict (symptom_id) do update set see_doctor_soon = excluded.see_doctor_soon, emergency = excluded.emergency;
insert into symptom_departments (symptom_id, department_id) values ((select id from symptoms where slug = 'choking-easily'), (select id from medical_departments where slug = 'ent')) on conflict (symptom_id, department_id) do nothing;
insert into symptom_departments (symptom_id, department_id) values ((select id from symptoms where slug = 'choking-easily'), (select id from medical_departments where slug = 'neurology')) on conflict (symptom_id, department_id) do nothing;
insert into symptom_departments (symptom_id, department_id) values ((select id from symptoms where slug = 'choking-easily'), (select id from medical_departments where slug = 'rehabilitation')) on conflict (symptom_id, department_id) do nothing;
insert into symptom_guidance (symptom_id, see_doctor_soon, emergency) values ((select id from symptoms where slug = 'breathing-pain'), '呼吸時胸痛持續或反覆，建議就醫。', '合併呼吸困難、冒冷汗、咳血或單側腿腫痛，請急診。') on conflict (symptom_id) do update set see_doctor_soon = excluded.see_doctor_soon, emergency = excluded.emergency;
insert into symptom_departments (symptom_id, department_id) values ((select id from symptoms where slug = 'breathing-pain'), (select id from medical_departments where slug = 'pulmonology')) on conflict (symptom_id, department_id) do nothing;
insert into symptom_departments (symptom_id, department_id) values ((select id from symptoms where slug = 'breathing-pain'), (select id from medical_departments where slug = 'cardiology')) on conflict (symptom_id, department_id) do nothing;
insert into symptom_departments (symptom_id, department_id) values ((select id from symptoms where slug = 'breathing-pain'), (select id from medical_departments where slug = 'family-medicine')) on conflict (symptom_id, department_id) do nothing;
insert into symptom_guidance (symptom_id, see_doctor_soon, emergency) values ((select id from symptoms where slug = 'cough-blood'), '任何明顯咳血都建議就醫。', '大量咳血、呼吸困難、胸痛或頭暈虛弱，請急診。') on conflict (symptom_id) do update set see_doctor_soon = excluded.see_doctor_soon, emergency = excluded.emergency;
insert into symptom_departments (symptom_id, department_id) values ((select id from symptoms where slug = 'cough-blood'), (select id from medical_departments where slug = 'pulmonology')) on conflict (symptom_id, department_id) do nothing;
insert into symptom_departments (symptom_id, department_id) values ((select id from symptoms where slug = 'cough-blood'), (select id from medical_departments where slug = 'emergency-medicine')) on conflict (symptom_id, department_id) do nothing;
insert into symptom_guidance (symptom_id, see_doctor_soon, emergency) values ((select id from symptoms where slug = 'phlegm'), '痰多持續超過兩週、黃綠痰或發燒，建議就醫。', '呼吸困難、咳血、胸痛或高燒不退，請急診。') on conflict (symptom_id) do update set see_doctor_soon = excluded.see_doctor_soon, emergency = excluded.emergency;
insert into symptom_departments (symptom_id, department_id) values ((select id from symptoms where slug = 'phlegm'), (select id from medical_departments where slug = 'pulmonology')) on conflict (symptom_id, department_id) do nothing;
insert into symptom_departments (symptom_id, department_id) values ((select id from symptoms where slug = 'phlegm'), (select id from medical_departments where slug = 'family-medicine')) on conflict (symptom_id, department_id) do nothing;
insert into symptom_departments (symptom_id, department_id) values ((select id from symptoms where slug = 'phlegm'), (select id from medical_departments where slug = 'ent')) on conflict (symptom_id, department_id) do nothing;
insert into symptom_guidance (symptom_id, see_doctor_soon, emergency) values ((select id from symptoms where slug = 'snoring'), '打呼合併白天嗜睡、呼吸中止疑慮，建議評估。', '夜間喘醒、嘴唇發紫或嚴重呼吸困難，請急診。') on conflict (symptom_id) do update set see_doctor_soon = excluded.see_doctor_soon, emergency = excluded.emergency;
insert into symptom_departments (symptom_id, department_id) values ((select id from symptoms where slug = 'snoring'), (select id from medical_departments where slug = 'ent')) on conflict (symptom_id, department_id) do nothing;
insert into symptom_departments (symptom_id, department_id) values ((select id from symptoms where slug = 'snoring'), (select id from medical_departments where slug = 'pulmonology')) on conflict (symptom_id, department_id) do nothing;
insert into symptom_guidance (symptom_id, see_doctor_soon, emergency) values ((select id from symptoms where slug = 'sleep-apnea-suspected'), '疑似睡眠呼吸中止建議安排睡眠檢查。', '合併嚴重白天嗜睡造成危險或夜間呼吸困難，請急診。') on conflict (symptom_id) do update set see_doctor_soon = excluded.see_doctor_soon, emergency = excluded.emergency;
insert into symptom_departments (symptom_id, department_id) values ((select id from symptoms where slug = 'sleep-apnea-suspected'), (select id from medical_departments where slug = 'pulmonology')) on conflict (symptom_id, department_id) do nothing;
insert into symptom_departments (symptom_id, department_id) values ((select id from symptoms where slug = 'sleep-apnea-suspected'), (select id from medical_departments where slug = 'ent')) on conflict (symptom_id, department_id) do nothing;
insert into symptom_guidance (symptom_id, see_doctor_soon, emergency) values ((select id from symptoms where slug = 'acid-reflux'), '胃酸逆流反覆、影響睡眠或吞嚥不適，建議就醫。', '胸痛冒冷汗、吐血、黑便或吞嚥快速惡化，請急診。') on conflict (symptom_id) do update set see_doctor_soon = excluded.see_doctor_soon, emergency = excluded.emergency;
insert into symptom_departments (symptom_id, department_id) values ((select id from symptoms where slug = 'acid-reflux'), (select id from medical_departments where slug = 'gastroenterology')) on conflict (symptom_id, department_id) do nothing;
insert into symptom_departments (symptom_id, department_id) values ((select id from symptoms where slug = 'acid-reflux'), (select id from medical_departments where slug = 'family-medicine')) on conflict (symptom_id, department_id) do nothing;
insert into symptom_guidance (symptom_id, see_doctor_soon, emergency) values ((select id from symptoms where slug = 'black-stool'), '黑便應盡快就醫評估。', '合併頭暈、虛弱、吐血、心悸或冒冷汗，請急診。') on conflict (symptom_id) do update set see_doctor_soon = excluded.see_doctor_soon, emergency = excluded.emergency;
insert into symptom_departments (symptom_id, department_id) values ((select id from symptoms where slug = 'black-stool'), (select id from medical_departments where slug = 'gastroenterology')) on conflict (symptom_id, department_id) do nothing;
insert into symptom_departments (symptom_id, department_id) values ((select id from symptoms where slug = 'black-stool'), (select id from medical_departments where slug = 'emergency-medicine')) on conflict (symptom_id, department_id) do nothing;
insert into symptom_guidance (symptom_id, see_doctor_soon, emergency) values ((select id from symptoms where slug = 'blood-in-stool'), '血便持續或反覆，建議就醫檢查。', '大量血便、頭暈虛弱、腹痛劇烈，請急診。') on conflict (symptom_id) do update set see_doctor_soon = excluded.see_doctor_soon, emergency = excluded.emergency;
insert into symptom_departments (symptom_id, department_id) values ((select id from symptoms where slug = 'blood-in-stool'), (select id from medical_departments where slug = 'gastroenterology')) on conflict (symptom_id, department_id) do nothing;
insert into symptom_departments (symptom_id, department_id) values ((select id from symptoms where slug = 'blood-in-stool'), (select id from medical_departments where slug = 'colorectal-surgery')) on conflict (symptom_id, department_id) do nothing;
insert into symptom_departments (symptom_id, department_id) values ((select id from symptoms where slug = 'blood-in-stool'), (select id from medical_departments where slug = 'family-medicine')) on conflict (symptom_id, department_id) do nothing;
insert into symptom_guidance (symptom_id, see_doctor_soon, emergency) values ((select id from symptoms where slug = 'abdominal-cramps'), '腹部絞痛持續、反覆或合併腹瀉嘔吐，建議就醫。', '劇烈腹痛、腹部變硬、發燒或無法排氣排便，請急診。') on conflict (symptom_id) do update set see_doctor_soon = excluded.see_doctor_soon, emergency = excluded.emergency;
insert into symptom_departments (symptom_id, department_id) values ((select id from symptoms where slug = 'abdominal-cramps'), (select id from medical_departments where slug = 'gastroenterology')) on conflict (symptom_id, department_id) do nothing;
insert into symptom_departments (symptom_id, department_id) values ((select id from symptoms where slug = 'abdominal-cramps'), (select id from medical_departments where slug = 'family-medicine')) on conflict (symptom_id, department_id) do nothing;
insert into symptom_guidance (symptom_id, see_doctor_soon, emergency) values ((select id from symptoms where slug = 'loss-weight-digestive'), '消化不良合併體重下降，建議安排檢查。', '吐血、黑便、嚴重脫水或劇烈腹痛，請急診。') on conflict (symptom_id) do update set see_doctor_soon = excluded.see_doctor_soon, emergency = excluded.emergency;
insert into symptom_departments (symptom_id, department_id) values ((select id from symptoms where slug = 'loss-weight-digestive'), (select id from medical_departments where slug = 'gastroenterology')) on conflict (symptom_id, department_id) do nothing;
insert into symptom_departments (symptom_id, department_id) values ((select id from symptoms where slug = 'loss-weight-digestive'), (select id from medical_departments where slug = 'family-medicine')) on conflict (symptom_id, department_id) do nothing;
insert into symptom_guidance (symptom_id, see_doctor_soon, emergency) values ((select id from symptoms where slug = 'neck-pain'), '脖子痛持續、手麻或活動受限，建議就醫。', '外傷後脖子痛、四肢無力或發燒頸僵，請急診。') on conflict (symptom_id) do update set see_doctor_soon = excluded.see_doctor_soon, emergency = excluded.emergency;
insert into symptom_departments (symptom_id, department_id) values ((select id from symptoms where slug = 'neck-pain'), (select id from medical_departments where slug = 'rehabilitation')) on conflict (symptom_id, department_id) do nothing;
insert into symptom_departments (symptom_id, department_id) values ((select id from symptoms where slug = 'neck-pain'), (select id from medical_departments where slug = 'orthopedics')) on conflict (symptom_id, department_id) do nothing;
insert into symptom_departments (symptom_id, department_id) values ((select id from symptoms where slug = 'neck-pain'), (select id from medical_departments where slug = 'family-medicine')) on conflict (symptom_id, department_id) do nothing;
insert into symptom_guidance (symptom_id, see_doctor_soon, emergency) values ((select id from symptoms where slug = 'tailbone-pain'), '尾椎痛持續或外傷後疼痛，建議就醫。', '跌倒後劇痛、無法行走或下肢神經症狀，請急診。') on conflict (symptom_id) do update set see_doctor_soon = excluded.see_doctor_soon, emergency = excluded.emergency;
insert into symptom_departments (symptom_id, department_id) values ((select id from symptoms where slug = 'tailbone-pain'), (select id from medical_departments where slug = 'orthopedics')) on conflict (symptom_id, department_id) do nothing;
insert into symptom_departments (symptom_id, department_id) values ((select id from symptoms where slug = 'tailbone-pain'), (select id from medical_departments where slug = 'rehabilitation')) on conflict (symptom_id, department_id) do nothing;
insert into symptom_guidance (symptom_id, see_doctor_soon, emergency) values ((select id from symptoms where slug = 'spine-pain'), '脊椎痛持續、夜間痛或活動受限，建議就醫。', '外傷後劇痛、下肢無力、大小便異常，請急診。') on conflict (symptom_id) do update set see_doctor_soon = excluded.see_doctor_soon, emergency = excluded.emergency;
insert into symptom_departments (symptom_id, department_id) values ((select id from symptoms where slug = 'spine-pain'), (select id from medical_departments where slug = 'orthopedics')) on conflict (symptom_id, department_id) do nothing;
insert into symptom_departments (symptom_id, department_id) values ((select id from symptoms where slug = 'spine-pain'), (select id from medical_departments where slug = 'rehabilitation')) on conflict (symptom_id, department_id) do nothing;
insert into symptom_guidance (symptom_id, see_doctor_soon, emergency) values ((select id from symptoms where slug = 'muscle-spasm-back'), '背部抽筋反覆、疼痛持續或影響活動，建議評估。', '合併胸痛、呼吸困難或神經症狀，請急診。') on conflict (symptom_id) do update set see_doctor_soon = excluded.see_doctor_soon, emergency = excluded.emergency;
insert into symptom_departments (symptom_id, department_id) values ((select id from symptoms where slug = 'muscle-spasm-back'), (select id from medical_departments where slug = 'rehabilitation')) on conflict (symptom_id, department_id) do nothing;
insert into symptom_departments (symptom_id, department_id) values ((select id from symptoms where slug = 'muscle-spasm-back'), (select id from medical_departments where slug = 'family-medicine')) on conflict (symptom_id, department_id) do nothing;
insert into symptom_guidance (symptom_id, see_doctor_soon, emergency) values ((select id from symptoms where slug = 'posture-back-pain'), '久坐背痛持續、反覆或影響生活，建議復健評估。', '合併下肢無力、麻木快速惡化或大小便異常，請急診。') on conflict (symptom_id) do update set see_doctor_soon = excluded.see_doctor_soon, emergency = excluded.emergency;
insert into symptom_departments (symptom_id, department_id) values ((select id from symptoms where slug = 'posture-back-pain'), (select id from medical_departments where slug = 'rehabilitation')) on conflict (symptom_id, department_id) do nothing;
insert into symptom_departments (symptom_id, department_id) values ((select id from symptoms where slug = 'posture-back-pain'), (select id from medical_departments where slug = 'family-medicine')) on conflict (symptom_id, department_id) do nothing;
insert into symptom_guidance (symptom_id, see_doctor_soon, emergency) values ((select id from symptoms where slug = 'hip-pain'), '髖關節痛持續、跛行或活動受限，建議就醫。', '外傷後無法承重、劇痛或明顯變形，請急診。') on conflict (symptom_id) do update set see_doctor_soon = excluded.see_doctor_soon, emergency = excluded.emergency;
insert into symptom_departments (symptom_id, department_id) values ((select id from symptoms where slug = 'hip-pain'), (select id from medical_departments where slug = 'orthopedics')) on conflict (symptom_id, department_id) do nothing;
insert into symptom_departments (symptom_id, department_id) values ((select id from symptoms where slug = 'hip-pain'), (select id from medical_departments where slug = 'rehabilitation')) on conflict (symptom_id, department_id) do nothing;
insert into symptom_guidance (symptom_id, see_doctor_soon, emergency) values ((select id from symptoms where slug = 'finger-joint-pain'), '手指關節痛反覆、晨僵或腫脹，建議就醫。', '關節紅腫熱痛合併發燒或外傷變形，請急診。') on conflict (symptom_id) do update set see_doctor_soon = excluded.see_doctor_soon, emergency = excluded.emergency;
insert into symptom_departments (symptom_id, department_id) values ((select id from symptoms where slug = 'finger-joint-pain'), (select id from medical_departments where slug = 'orthopedics')) on conflict (symptom_id, department_id) do nothing;
insert into symptom_departments (symptom_id, department_id) values ((select id from symptoms where slug = 'finger-joint-pain'), (select id from medical_departments where slug = 'rheumatology-immunology')) on conflict (symptom_id, department_id) do nothing;
insert into symptom_departments (symptom_id, department_id) values ((select id from symptoms where slug = 'finger-joint-pain'), (select id from medical_departments where slug = 'rehabilitation')) on conflict (symptom_id, department_id) do nothing;
insert into symptom_guidance (symptom_id, see_doctor_soon, emergency) values ((select id from symptoms where slug = 'elbow-pain'), '手肘痛持續、活動受限或反覆，建議就醫。', '外傷後變形、劇痛或手指麻木發白，請急診。') on conflict (symptom_id) do update set see_doctor_soon = excluded.see_doctor_soon, emergency = excluded.emergency;
insert into symptom_departments (symptom_id, department_id) values ((select id from symptoms where slug = 'elbow-pain'), (select id from medical_departments where slug = 'orthopedics')) on conflict (symptom_id, department_id) do nothing;
insert into symptom_departments (symptom_id, department_id) values ((select id from symptoms where slug = 'elbow-pain'), (select id from medical_departments where slug = 'rehabilitation')) on conflict (symptom_id, department_id) do nothing;
insert into symptom_guidance (symptom_id, see_doctor_soon, emergency) values ((select id from symptoms where slug = 'gout-attack'), '疑似痛風反覆發作或關節腫痛，建議就醫。', '發燒合併關節劇烈紅腫熱痛，請急診。') on conflict (symptom_id) do update set see_doctor_soon = excluded.see_doctor_soon, emergency = excluded.emergency;
insert into symptom_departments (symptom_id, department_id) values ((select id from symptoms where slug = 'gout-attack'), (select id from medical_departments where slug = 'rheumatology-immunology')) on conflict (symptom_id, department_id) do nothing;
insert into symptom_departments (symptom_id, department_id) values ((select id from symptoms where slug = 'gout-attack'), (select id from medical_departments where slug = 'orthopedics')) on conflict (symptom_id, department_id) do nothing;
insert into symptom_departments (symptom_id, department_id) values ((select id from symptoms where slug = 'gout-attack'), (select id from medical_departments where slug = 'family-medicine')) on conflict (symptom_id, department_id) do nothing;
insert into symptom_guidance (symptom_id, see_doctor_soon, emergency) values ((select id from symptoms where slug = 'joint-redness-heat'), '關節紅熱持續或反覆，建議就醫。', '突然劇烈關節痛、發燒或無法承重，請急診。') on conflict (symptom_id) do update set see_doctor_soon = excluded.see_doctor_soon, emergency = excluded.emergency;
insert into symptom_departments (symptom_id, department_id) values ((select id from symptoms where slug = 'joint-redness-heat'), (select id from medical_departments where slug = 'orthopedics')) on conflict (symptom_id, department_id) do nothing;
insert into symptom_departments (symptom_id, department_id) values ((select id from symptoms where slug = 'joint-redness-heat'), (select id from medical_departments where slug = 'rheumatology-immunology')) on conflict (symptom_id, department_id) do nothing;
insert into symptom_departments (symptom_id, department_id) values ((select id from symptoms where slug = 'joint-redness-heat'), (select id from medical_departments where slug = 'emergency-medicine')) on conflict (symptom_id, department_id) do nothing;
insert into symptom_guidance (symptom_id, see_doctor_soon, emergency) values ((select id from symptoms where slug = 'mole-change'), '痣有變大、變色、出血或形狀改變，建議皮膚科檢查。', '黑痣快速變化、潰瘍或出血，請盡快就醫。') on conflict (symptom_id) do update set see_doctor_soon = excluded.see_doctor_soon, emergency = excluded.emergency;
insert into symptom_departments (symptom_id, department_id) values ((select id from symptoms where slug = 'mole-change'), (select id from medical_departments where slug = 'dermatology')) on conflict (symptom_id, department_id) do nothing;
insert into symptom_guidance (symptom_id, see_doctor_soon, emergency) values ((select id from symptoms where slug = 'dry-skin'), '乾裂反覆、出血或影響生活，建議就醫。', '合併感染紅腫熱痛、發燒或糖尿病足部傷口，請急診。') on conflict (symptom_id) do update set see_doctor_soon = excluded.see_doctor_soon, emergency = excluded.emergency;
insert into symptom_departments (symptom_id, department_id) values ((select id from symptoms where slug = 'dry-skin'), (select id from medical_departments where slug = 'dermatology')) on conflict (symptom_id, department_id) do nothing;
insert into symptom_departments (symptom_id, department_id) values ((select id from symptoms where slug = 'dry-skin'), (select id from medical_departments where slug = 'family-medicine')) on conflict (symptom_id, department_id) do nothing;
insert into symptom_guidance (symptom_id, see_doctor_soon, emergency) values ((select id from symptoms where slug = 'burn'), '小範圍輕微燙傷可評估傷口照護，若疼痛或起水泡建議就醫。', '大面積、臉手會陰燙傷、吸入性傷害或化學灼傷，請急診。') on conflict (symptom_id) do update set see_doctor_soon = excluded.see_doctor_soon, emergency = excluded.emergency;
insert into symptom_departments (symptom_id, department_id) values ((select id from symptoms where slug = 'burn'), (select id from medical_departments where slug = 'dermatology')) on conflict (symptom_id, department_id) do nothing;
insert into symptom_departments (symptom_id, department_id) values ((select id from symptoms where slug = 'burn'), (select id from medical_departments where slug = 'general-surgery')) on conflict (symptom_id, department_id) do nothing;
insert into symptom_departments (symptom_id, department_id) values ((select id from symptoms where slug = 'burn'), (select id from medical_departments where slug = 'emergency-medicine')) on conflict (symptom_id, department_id) do nothing;
insert into symptom_guidance (symptom_id, see_doctor_soon, emergency) values ((select id from symptoms where slug = 'pressure-sore'), '壓瘡出現破皮或滲液，建議就醫照護。', '合併發燒、惡臭膿液、紅腫擴散，請急診。') on conflict (symptom_id) do update set see_doctor_soon = excluded.see_doctor_soon, emergency = excluded.emergency;
insert into symptom_departments (symptom_id, department_id) values ((select id from symptoms where slug = 'pressure-sore'), (select id from medical_departments where slug = 'dermatology')) on conflict (symptom_id, department_id) do nothing;
insert into symptom_departments (symptom_id, department_id) values ((select id from symptoms where slug = 'pressure-sore'), (select id from medical_departments where slug = 'general-surgery')) on conflict (symptom_id, department_id) do nothing;
insert into symptom_departments (symptom_id, department_id) values ((select id from symptoms where slug = 'pressure-sore'), (select id from medical_departments where slug = 'family-medicine')) on conflict (symptom_id, department_id) do nothing;
insert into symptom_guidance (symptom_id, see_doctor_soon, emergency) values ((select id from symptoms where slug = 'excessive-sweating'), '多汗影響生活或突然出現，建議評估。', '合併胸痛、呼吸困難、低血糖症狀或冒冷汗，請急診。') on conflict (symptom_id) do update set see_doctor_soon = excluded.see_doctor_soon, emergency = excluded.emergency;
insert into symptom_departments (symptom_id, department_id) values ((select id from symptoms where slug = 'excessive-sweating'), (select id from medical_departments where slug = 'dermatology')) on conflict (symptom_id, department_id) do nothing;
insert into symptom_departments (symptom_id, department_id) values ((select id from symptoms where slug = 'excessive-sweating'), (select id from medical_departments where slug = 'endocrinology-metabolism')) on conflict (symptom_id, department_id) do nothing;
insert into symptom_departments (symptom_id, department_id) values ((select id from symptoms where slug = 'excessive-sweating'), (select id from medical_departments where slug = 'family-medicine')) on conflict (symptom_id, department_id) do nothing;
insert into symptom_guidance (symptom_id, see_doctor_soon, emergency) values ((select id from symptoms where slug = 'urinary-incontinence'), '漏尿影響生活或逐漸加重，建議就醫。', '合併尿不出、下肢無力或會陰麻木，請急診。') on conflict (symptom_id) do update set see_doctor_soon = excluded.see_doctor_soon, emergency = excluded.emergency;
insert into symptom_departments (symptom_id, department_id) values ((select id from symptoms where slug = 'urinary-incontinence'), (select id from medical_departments where slug = 'urology')) on conflict (symptom_id, department_id) do nothing;
insert into symptom_departments (symptom_id, department_id) values ((select id from symptoms where slug = 'urinary-incontinence'), (select id from medical_departments where slug = 'obstetrics-gynecology')) on conflict (symptom_id, department_id) do nothing;
insert into symptom_departments (symptom_id, department_id) values ((select id from symptoms where slug = 'urinary-incontinence'), (select id from medical_departments where slug = 'family-medicine')) on conflict (symptom_id, department_id) do nothing;
insert into symptom_guidance (symptom_id, see_doctor_soon, emergency) values ((select id from symptoms where slug = 'foamy-urine'), '泡泡尿持續或合併水腫，建議檢查尿液與腎功能。', '合併呼吸困難、嚴重水腫或血尿，請急診。') on conflict (symptom_id) do update set see_doctor_soon = excluded.see_doctor_soon, emergency = excluded.emergency;
insert into symptom_departments (symptom_id, department_id) values ((select id from symptoms where slug = 'foamy-urine'), (select id from medical_departments where slug = 'nephrology')) on conflict (symptom_id, department_id) do nothing;
insert into symptom_departments (symptom_id, department_id) values ((select id from symptoms where slug = 'foamy-urine'), (select id from medical_departments where slug = 'family-medicine')) on conflict (symptom_id, department_id) do nothing;
insert into symptom_guidance (symptom_id, see_doctor_soon, emergency) values ((select id from symptoms where slug = 'flank-pain'), '腰側痛持續、合併排尿症狀，建議就醫。', '劇烈腰側痛、發燒、血尿或嘔吐，請急診。') on conflict (symptom_id) do update set see_doctor_soon = excluded.see_doctor_soon, emergency = excluded.emergency;
insert into symptom_departments (symptom_id, department_id) values ((select id from symptoms where slug = 'flank-pain'), (select id from medical_departments where slug = 'urology')) on conflict (symptom_id, department_id) do nothing;
insert into symptom_departments (symptom_id, department_id) values ((select id from symptoms where slug = 'flank-pain'), (select id from medical_departments where slug = 'nephrology')) on conflict (symptom_id, department_id) do nothing;
insert into symptom_departments (symptom_id, department_id) values ((select id from symptoms where slug = 'flank-pain'), (select id from medical_departments where slug = 'family-medicine')) on conflict (symptom_id, department_id) do nothing;
insert into symptom_guidance (symptom_id, see_doctor_soon, emergency) values ((select id from symptoms where slug = 'cloudy-urine'), '尿液混濁合併尿痛、頻尿或異味，建議檢查。', '合併發燒、腰痛、血尿或懷孕，請急診。') on conflict (symptom_id) do update set see_doctor_soon = excluded.see_doctor_soon, emergency = excluded.emergency;
insert into symptom_departments (symptom_id, department_id) values ((select id from symptoms where slug = 'cloudy-urine'), (select id from medical_departments where slug = 'urology')) on conflict (symptom_id, department_id) do nothing;
insert into symptom_departments (symptom_id, department_id) values ((select id from symptoms where slug = 'cloudy-urine'), (select id from medical_departments where slug = 'family-medicine')) on conflict (symptom_id, department_id) do nothing;
insert into symptom_guidance (symptom_id, see_doctor_soon, emergency) values ((select id from symptoms where slug = 'genital-pain'), '生殖器疼痛持續、腫脹或分泌物異常，建議就醫。', '劇烈陰囊痛、外傷、發燒或快速腫脹，請急診。') on conflict (symptom_id) do update set see_doctor_soon = excluded.see_doctor_soon, emergency = excluded.emergency;
insert into symptom_departments (symptom_id, department_id) values ((select id from symptoms where slug = 'genital-pain'), (select id from medical_departments where slug = 'urology')) on conflict (symptom_id, department_id) do nothing;
insert into symptom_departments (symptom_id, department_id) values ((select id from symptoms where slug = 'genital-pain'), (select id from medical_departments where slug = 'obstetrics-gynecology')) on conflict (symptom_id, department_id) do nothing;
insert into symptom_departments (symptom_id, department_id) values ((select id from symptoms where slug = 'genital-pain'), (select id from medical_departments where slug = 'family-medicine')) on conflict (symptom_id, department_id) do nothing;
insert into symptom_guidance (symptom_id, see_doctor_soon, emergency) values ((select id from symptoms where slug = 'ascites-suspected'), '腹部脹大合併肝病史或水腫，建議就醫。', '腹痛發燒、呼吸困難或意識改變，請急診。') on conflict (symptom_id) do update set see_doctor_soon = excluded.see_doctor_soon, emergency = excluded.emergency;
insert into symptom_departments (symptom_id, department_id) values ((select id from symptoms where slug = 'ascites-suspected'), (select id from medical_departments where slug = 'hepatobiliary-gastroenterology')) on conflict (symptom_id, department_id) do nothing;
insert into symptom_departments (symptom_id, department_id) values ((select id from symptoms where slug = 'ascites-suspected'), (select id from medical_departments where slug = 'gastroenterology')) on conflict (symptom_id, department_id) do nothing;
insert into symptom_guidance (symptom_id, see_doctor_soon, emergency) values ((select id from symptoms where slug = 'itching-liver'), '黃疸或尿色深合併搔癢，建議檢查肝膽功能。', '合併發燒、劇烈腹痛、意識混亂或出血傾向，請急診。') on conflict (symptom_id) do update set see_doctor_soon = excluded.see_doctor_soon, emergency = excluded.emergency;
insert into symptom_departments (symptom_id, department_id) values ((select id from symptoms where slug = 'itching-liver'), (select id from medical_departments where slug = 'hepatobiliary-gastroenterology')) on conflict (symptom_id, department_id) do nothing;
insert into symptom_departments (symptom_id, department_id) values ((select id from symptoms where slug = 'itching-liver'), (select id from medical_departments where slug = 'dermatology')) on conflict (symptom_id, department_id) do nothing;
insert into symptom_guidance (symptom_id, see_doctor_soon, emergency) values ((select id from symptoms where slug = 'pale-stool'), '糞便變白持續或合併黃疸，建議就醫。', '合併黃疸、發燒、右上腹劇痛，請急診。') on conflict (symptom_id) do update set see_doctor_soon = excluded.see_doctor_soon, emergency = excluded.emergency;
insert into symptom_departments (symptom_id, department_id) values ((select id from symptoms where slug = 'pale-stool'), (select id from medical_departments where slug = 'hepatobiliary-gastroenterology')) on conflict (symptom_id, department_id) do nothing;
insert into symptom_guidance (symptom_id, see_doctor_soon, emergency) values ((select id from symptoms where slug = 'abnormal-liver-test'), '肝功能異常建議追蹤原因與用藥飲酒史。', '合併黃疸、意識改變、吐血黑便，請急診。') on conflict (symptom_id) do update set see_doctor_soon = excluded.see_doctor_soon, emergency = excluded.emergency;
insert into symptom_departments (symptom_id, department_id) values ((select id from symptoms where slug = 'abnormal-liver-test'), (select id from medical_departments where slug = 'hepatobiliary-gastroenterology')) on conflict (symptom_id, department_id) do nothing;
insert into symptom_departments (symptom_id, department_id) values ((select id from symptoms where slug = 'abnormal-liver-test'), (select id from medical_departments where slug = 'family-medicine')) on conflict (symptom_id, department_id) do nothing;
insert into symptom_guidance (symptom_id, see_doctor_soon, emergency) values ((select id from symptoms where slug = 'easy-bleeding-liver'), '容易出血合併肝病史，建議就醫檢查凝血功能。', '大量出血、黑便、吐血或意識改變，請急診。') on conflict (symptom_id) do update set see_doctor_soon = excluded.see_doctor_soon, emergency = excluded.emergency;
insert into symptom_departments (symptom_id, department_id) values ((select id from symptoms where slug = 'easy-bleeding-liver'), (select id from medical_departments where slug = 'hepatobiliary-gastroenterology')) on conflict (symptom_id, department_id) do nothing;
insert into symptom_departments (symptom_id, department_id) values ((select id from symptoms where slug = 'easy-bleeding-liver'), (select id from medical_departments where slug = 'hematology-oncology')) on conflict (symptom_id, department_id) do nothing;
insert into symptom_guidance (symptom_id, see_doctor_soon, emergency) values ((select id from symptoms where slug = 'pale-face'), '臉色蒼白持續或合併疲倦喘，建議抽血檢查。', '胸痛、昏厥、呼吸困難或大量出血，請急診。') on conflict (symptom_id) do update set see_doctor_soon = excluded.see_doctor_soon, emergency = excluded.emergency;
insert into symptom_departments (symptom_id, department_id) values ((select id from symptoms where slug = 'pale-face'), (select id from medical_departments where slug = 'family-medicine')) on conflict (symptom_id, department_id) do nothing;
insert into symptom_departments (symptom_id, department_id) values ((select id from symptoms where slug = 'pale-face'), (select id from medical_departments where slug = 'hematology-oncology')) on conflict (symptom_id, department_id) do nothing;
insert into symptom_guidance (symptom_id, see_doctor_soon, emergency) values ((select id from symptoms where slug = 'gum-bleeding'), '牙齦反覆流血可先牙科評估，若合併瘀青建議抽血。', '出血不止、黑便、血尿或全身瘀斑快速增加，請急診。') on conflict (symptom_id) do update set see_doctor_soon = excluded.see_doctor_soon, emergency = excluded.emergency;
insert into symptom_departments (symptom_id, department_id) values ((select id from symptoms where slug = 'gum-bleeding'), (select id from medical_departments where slug = 'dentistry')) on conflict (symptom_id, department_id) do nothing;
insert into symptom_departments (symptom_id, department_id) values ((select id from symptoms where slug = 'gum-bleeding'), (select id from medical_departments where slug = 'family-medicine')) on conflict (symptom_id, department_id) do nothing;
insert into symptom_departments (symptom_id, department_id) values ((select id from symptoms where slug = 'gum-bleeding'), (select id from medical_departments where slug = 'hematology-oncology')) on conflict (symptom_id, department_id) do nothing;
insert into symptom_guidance (symptom_id, see_doctor_soon, emergency) values ((select id from symptoms where slug = 'swollen-lymph-nodes'), '淋巴結腫大超過兩週、變硬或變大，建議檢查。', '合併呼吸吞嚥困難、高燒或快速腫大，請急診。') on conflict (symptom_id) do update set see_doctor_soon = excluded.see_doctor_soon, emergency = excluded.emergency;
insert into symptom_departments (symptom_id, department_id) values ((select id from symptoms where slug = 'swollen-lymph-nodes'), (select id from medical_departments where slug = 'family-medicine')) on conflict (symptom_id, department_id) do nothing;
insert into symptom_departments (symptom_id, department_id) values ((select id from symptoms where slug = 'swollen-lymph-nodes'), (select id from medical_departments where slug = 'ent')) on conflict (symptom_id, department_id) do nothing;
insert into symptom_departments (symptom_id, department_id) values ((select id from symptoms where slug = 'swollen-lymph-nodes'), (select id from medical_departments where slug = 'hematology-oncology')) on conflict (symptom_id, department_id) do nothing;
insert into symptom_guidance (symptom_id, see_doctor_soon, emergency) values ((select id from symptoms where slug = 'anemia-suspected'), '疑似貧血建議抽血檢查血紅素與原因。', '胸痛、昏厥、呼吸困難或大量出血，請急診。') on conflict (symptom_id) do update set see_doctor_soon = excluded.see_doctor_soon, emergency = excluded.emergency;
insert into symptom_departments (symptom_id, department_id) values ((select id from symptoms where slug = 'anemia-suspected'), (select id from medical_departments where slug = 'family-medicine')) on conflict (symptom_id, department_id) do nothing;
insert into symptom_departments (symptom_id, department_id) values ((select id from symptoms where slug = 'anemia-suspected'), (select id from medical_departments where slug = 'hematology-oncology')) on conflict (symptom_id, department_id) do nothing;
insert into symptom_guidance (symptom_id, see_doctor_soon, emergency) values ((select id from symptoms where slug = 'prolonged-bleeding'), '流血不止或反覆出血，建議檢查凝血功能。', '大量出血、頭暈虛弱或服用抗凝血藥，請急診。') on conflict (symptom_id) do update set see_doctor_soon = excluded.see_doctor_soon, emergency = excluded.emergency;
insert into symptom_departments (symptom_id, department_id) values ((select id from symptoms where slug = 'prolonged-bleeding'), (select id from medical_departments where slug = 'family-medicine')) on conflict (symptom_id, department_id) do nothing;
insert into symptom_departments (symptom_id, department_id) values ((select id from symptoms where slug = 'prolonged-bleeding'), (select id from medical_departments where slug = 'hematology-oncology')) on conflict (symptom_id, department_id) do nothing;
insert into symptom_guidance (symptom_id, see_doctor_soon, emergency) values ((select id from symptoms where slug = 'orthopnea'), '躺下會喘或夜間喘醒，建議就醫。', '休息仍喘、嘴唇發紫、胸痛或意識不清，請急診。') on conflict (symptom_id) do update set see_doctor_soon = excluded.see_doctor_soon, emergency = excluded.emergency;
insert into symptom_departments (symptom_id, department_id) values ((select id from symptoms where slug = 'orthopnea'), (select id from medical_departments where slug = 'cardiology')) on conflict (symptom_id, department_id) do nothing;
insert into symptom_departments (symptom_id, department_id) values ((select id from symptoms where slug = 'orthopnea'), (select id from medical_departments where slug = 'pulmonology')) on conflict (symptom_id, department_id) do nothing;
insert into symptom_guidance (symptom_id, see_doctor_soon, emergency) values ((select id from symptoms where slug = 'cold-sweat-chest'), '胸悶合併冒冷汗應高度警覺，建議立即評估。', '持續胸痛、冒冷汗、呼吸困難或痛到左臂下巴，請急診。') on conflict (symptom_id) do update set see_doctor_soon = excluded.see_doctor_soon, emergency = excluded.emergency;
insert into symptom_departments (symptom_id, department_id) values ((select id from symptoms where slug = 'cold-sweat-chest'), (select id from medical_departments where slug = 'emergency-medicine')) on conflict (symptom_id, department_id) do nothing;
insert into symptom_departments (symptom_id, department_id) values ((select id from symptoms where slug = 'cold-sweat-chest'), (select id from medical_departments where slug = 'cardiology')) on conflict (symptom_id, department_id) do nothing;
insert into symptom_guidance (symptom_id, see_doctor_soon, emergency) values ((select id from symptoms where slug = 'slow-heartbeat'), '心跳過慢合併不適，建議心電圖檢查。', '合併昏厥、胸痛、呼吸困難或意識改變，請急診。') on conflict (symptom_id) do update set see_doctor_soon = excluded.see_doctor_soon, emergency = excluded.emergency;
insert into symptom_departments (symptom_id, department_id) values ((select id from symptoms where slug = 'slow-heartbeat'), (select id from medical_departments where slug = 'cardiology')) on conflict (symptom_id, department_id) do nothing;
insert into symptom_departments (symptom_id, department_id) values ((select id from symptoms where slug = 'slow-heartbeat'), (select id from medical_departments where slug = 'family-medicine')) on conflict (symptom_id, department_id) do nothing;
insert into symptom_guidance (symptom_id, see_doctor_soon, emergency) values ((select id from symptoms where slug = 'fast-heartbeat'), '心跳過快反覆、伴隨頭暈胸悶，建議檢查。', '持續心跳很快合併胸痛、昏厥或呼吸困難，請急診。') on conflict (symptom_id) do update set see_doctor_soon = excluded.see_doctor_soon, emergency = excluded.emergency;
insert into symptom_departments (symptom_id, department_id) values ((select id from symptoms where slug = 'fast-heartbeat'), (select id from medical_departments where slug = 'cardiology')) on conflict (symptom_id, department_id) do nothing;
insert into symptom_departments (symptom_id, department_id) values ((select id from symptoms where slug = 'fast-heartbeat'), (select id from medical_departments where slug = 'family-medicine')) on conflict (symptom_id, department_id) do nothing;
insert into symptom_guidance (symptom_id, see_doctor_soon, emergency) values ((select id from symptoms where slug = 'blue-lips'), '嘴唇發紫需要盡快評估。', '合併呼吸困難、胸痛、意識不清，請立即急診。') on conflict (symptom_id) do update set see_doctor_soon = excluded.see_doctor_soon, emergency = excluded.emergency;
insert into symptom_departments (symptom_id, department_id) values ((select id from symptoms where slug = 'blue-lips'), (select id from medical_departments where slug = 'emergency-medicine')) on conflict (symptom_id, department_id) do nothing;
insert into symptom_departments (symptom_id, department_id) values ((select id from symptoms where slug = 'blue-lips'), (select id from medical_departments where slug = 'cardiology')) on conflict (symptom_id, department_id) do nothing;
insert into symptom_departments (symptom_id, department_id) values ((select id from symptoms where slug = 'blue-lips'), (select id from medical_departments where slug = 'pulmonology')) on conflict (symptom_id, department_id) do nothing;
insert into symptom_guidance (symptom_id, see_doctor_soon, emergency) values ((select id from symptoms where slug = 'numbness'), '麻木感持續、反覆或範圍擴大，建議就醫。', '突然單側麻木無力、臉歪或說話不清，請急診。') on conflict (symptom_id) do update set see_doctor_soon = excluded.see_doctor_soon, emergency = excluded.emergency;
insert into symptom_departments (symptom_id, department_id) values ((select id from symptoms where slug = 'numbness'), (select id from medical_departments where slug = 'neurology')) on conflict (symptom_id, department_id) do nothing;
insert into symptom_departments (symptom_id, department_id) values ((select id from symptoms where slug = 'numbness'), (select id from medical_departments where slug = 'rehabilitation')) on conflict (symptom_id, department_id) do nothing;
insert into symptom_departments (symptom_id, department_id) values ((select id from symptoms where slug = 'numbness'), (select id from medical_departments where slug = 'family-medicine')) on conflict (symptom_id, department_id) do nothing;
insert into symptom_guidance (symptom_id, see_doctor_soon, emergency) values ((select id from symptoms where slug = 'burning-nerve-pain'), '灼熱神經痛持續或影響睡眠，建議評估。', '合併單側無力、大小便異常或快速惡化，請急診。') on conflict (symptom_id) do update set see_doctor_soon = excluded.see_doctor_soon, emergency = excluded.emergency;
insert into symptom_departments (symptom_id, department_id) values ((select id from symptoms where slug = 'burning-nerve-pain'), (select id from medical_departments where slug = 'neurology')) on conflict (symptom_id, department_id) do nothing;
insert into symptom_departments (symptom_id, department_id) values ((select id from symptoms where slug = 'burning-nerve-pain'), (select id from medical_departments where slug = 'rehabilitation')) on conflict (symptom_id, department_id) do nothing;
insert into symptom_guidance (symptom_id, see_doctor_soon, emergency) values ((select id from symptoms where slug = 'gait-instability'), '走路不穩持續或反覆，建議就醫。', '突然走路不穩、單側無力、說話不清，請急診。') on conflict (symptom_id) do update set see_doctor_soon = excluded.see_doctor_soon, emergency = excluded.emergency;
insert into symptom_departments (symptom_id, department_id) values ((select id from symptoms where slug = 'gait-instability'), (select id from medical_departments where slug = 'neurology')) on conflict (symptom_id, department_id) do nothing;
insert into symptom_departments (symptom_id, department_id) values ((select id from symptoms where slug = 'gait-instability'), (select id from medical_departments where slug = 'ent')) on conflict (symptom_id, department_id) do nothing;
insert into symptom_departments (symptom_id, department_id) values ((select id from symptoms where slug = 'gait-instability'), (select id from medical_departments where slug = 'rehabilitation')) on conflict (symptom_id, department_id) do nothing;
insert into symptom_guidance (symptom_id, see_doctor_soon, emergency) values ((select id from symptoms where slug = 'confusion'), '意識混亂需要盡快醫療評估。', '突然意識改變、發燒、頭痛或疑似中風，請急診。') on conflict (symptom_id) do update set see_doctor_soon = excluded.see_doctor_soon, emergency = excluded.emergency;
insert into symptom_departments (symptom_id, department_id) values ((select id from symptoms where slug = 'confusion'), (select id from medical_departments where slug = 'emergency-medicine')) on conflict (symptom_id, department_id) do nothing;
insert into symptom_departments (symptom_id, department_id) values ((select id from symptoms where slug = 'confusion'), (select id from medical_departments where slug = 'neurology')) on conflict (symptom_id, department_id) do nothing;
insert into symptom_guidance (symptom_id, see_doctor_soon, emergency) values ((select id from symptoms where slug = 'facial-droop'), '臉歪即使短暫恢復，也建議立即評估。', '突然臉歪、說話不清或單側無力，請立即急診。') on conflict (symptom_id) do update set see_doctor_soon = excluded.see_doctor_soon, emergency = excluded.emergency;
insert into symptom_departments (symptom_id, department_id) values ((select id from symptoms where slug = 'facial-droop'), (select id from medical_departments where slug = 'emergency-medicine')) on conflict (symptom_id, department_id) do nothing;
insert into symptom_departments (symptom_id, department_id) values ((select id from symptoms where slug = 'facial-droop'), (select id from medical_departments where slug = 'neurology')) on conflict (symptom_id, department_id) do nothing;
insert into symptom_guidance (symptom_id, see_doctor_soon, emergency) values ((select id from symptoms where slug = 'sprain'), '扭傷後疼痛腫脹持續或反覆，建議就醫。', '無法承重、明顯變形或麻木發白，請急診。') on conflict (symptom_id) do update set see_doctor_soon = excluded.see_doctor_soon, emergency = excluded.emergency;
insert into symptom_departments (symptom_id, department_id) values ((select id from symptoms where slug = 'sprain'), (select id from medical_departments where slug = 'orthopedics')) on conflict (symptom_id, department_id) do nothing;
insert into symptom_departments (symptom_id, department_id) values ((select id from symptoms where slug = 'sprain'), (select id from medical_departments where slug = 'rehabilitation')) on conflict (symptom_id, department_id) do nothing;
insert into symptom_guidance (symptom_id, see_doctor_soon, emergency) values ((select id from symptoms where slug = 'tendon-pain'), '肌腱痛持續、影響活動或反覆發作，建議評估。', '外傷後突然無力、斷裂感或劇烈疼痛，請急診。') on conflict (symptom_id) do update set see_doctor_soon = excluded.see_doctor_soon, emergency = excluded.emergency;
insert into symptom_departments (symptom_id, department_id) values ((select id from symptoms where slug = 'tendon-pain'), (select id from medical_departments where slug = 'orthopedics')) on conflict (symptom_id, department_id) do nothing;
insert into symptom_departments (symptom_id, department_id) values ((select id from symptoms where slug = 'tendon-pain'), (select id from medical_departments where slug = 'rehabilitation')) on conflict (symptom_id, department_id) do nothing;
insert into symptom_guidance (symptom_id, see_doctor_soon, emergency) values ((select id from symptoms where slug = 'muscle-strain'), '拉傷後疼痛超過數日或活動受限，建議就醫。', '劇烈疼痛、大片瘀青、無法活動或疑似斷裂，請急診。') on conflict (symptom_id) do update set see_doctor_soon = excluded.see_doctor_soon, emergency = excluded.emergency;
insert into symptom_departments (symptom_id, department_id) values ((select id from symptoms where slug = 'muscle-strain'), (select id from medical_departments where slug = 'rehabilitation')) on conflict (symptom_id, department_id) do nothing;
insert into symptom_departments (symptom_id, department_id) values ((select id from symptoms where slug = 'muscle-strain'), (select id from medical_departments where slug = 'orthopedics')) on conflict (symptom_id, department_id) do nothing;
insert into symptom_guidance (symptom_id, see_doctor_soon, emergency) values ((select id from symptoms where slug = 'heel-pain'), '腳跟痛持續、影響走路，建議評估。', '外傷後無法承重、劇痛或傷口感染，請急診。') on conflict (symptom_id) do update set see_doctor_soon = excluded.see_doctor_soon, emergency = excluded.emergency;
insert into symptom_departments (symptom_id, department_id) values ((select id from symptoms where slug = 'heel-pain'), (select id from medical_departments where slug = 'orthopedics')) on conflict (symptom_id, department_id) do nothing;
insert into symptom_departments (symptom_id, department_id) values ((select id from symptoms where slug = 'heel-pain'), (select id from medical_departments where slug = 'rehabilitation')) on conflict (symptom_id, department_id) do nothing;
insert into symptom_guidance (symptom_id, see_doctor_soon, emergency) values ((select id from symptoms where slug = 'flatfoot-pain'), '扁平足疼痛影響走路或反覆痠痛，建議評估。', '外傷後劇痛或無法承重，請急診。') on conflict (symptom_id) do update set see_doctor_soon = excluded.see_doctor_soon, emergency = excluded.emergency;
insert into symptom_departments (symptom_id, department_id) values ((select id from symptoms where slug = 'flatfoot-pain'), (select id from medical_departments where slug = 'orthopedics')) on conflict (symptom_id, department_id) do nothing;
insert into symptom_departments (symptom_id, department_id) values ((select id from symptoms where slug = 'flatfoot-pain'), (select id from medical_departments where slug = 'rehabilitation')) on conflict (symptom_id, department_id) do nothing;
insert into symptom_guidance (symptom_id, see_doctor_soon, emergency) values ((select id from symptoms where slug = 'anxiety'), '焦慮持續影響睡眠、工作或生活，建議就醫。', '若有自傷念頭、失控行為或胸痛呼吸困難，請急診或立即求助。') on conflict (symptom_id) do update set see_doctor_soon = excluded.see_doctor_soon, emergency = excluded.emergency;
insert into symptom_departments (symptom_id, department_id) values ((select id from symptoms where slug = 'anxiety'), (select id from medical_departments where slug = 'psychiatry')) on conflict (symptom_id, department_id) do nothing;
insert into symptom_departments (symptom_id, department_id) values ((select id from symptoms where slug = 'anxiety'), (select id from medical_departments where slug = 'family-medicine')) on conflict (symptom_id, department_id) do nothing;
insert into symptom_guidance (symptom_id, see_doctor_soon, emergency) values ((select id from symptoms where slug = 'panic-attack'), '恐慌發作反覆或害怕再發作，建議身心科評估。', '首次發作、胸痛、昏厥或呼吸困難明顯，請急診排除急症。') on conflict (symptom_id) do update set see_doctor_soon = excluded.see_doctor_soon, emergency = excluded.emergency;
insert into symptom_departments (symptom_id, department_id) values ((select id from symptoms where slug = 'panic-attack'), (select id from medical_departments where slug = 'psychiatry')) on conflict (symptom_id, department_id) do nothing;
insert into symptom_departments (symptom_id, department_id) values ((select id from symptoms where slug = 'panic-attack'), (select id from medical_departments where slug = 'family-medicine')) on conflict (symptom_id, department_id) do nothing;
insert into symptom_departments (symptom_id, department_id) values ((select id from symptoms where slug = 'panic-attack'), (select id from medical_departments where slug = 'emergency-medicine')) on conflict (symptom_id, department_id) do nothing;
insert into symptom_guidance (symptom_id, see_doctor_soon, emergency) values ((select id from symptoms where slug = 'insomnia'), '失眠超過數週或影響日間功能，建議就醫。', '合併自傷念頭、躁動失控或嚴重混亂，請立即求助。') on conflict (symptom_id) do update set see_doctor_soon = excluded.see_doctor_soon, emergency = excluded.emergency;
insert into symptom_departments (symptom_id, department_id) values ((select id from symptoms where slug = 'insomnia'), (select id from medical_departments where slug = 'psychiatry')) on conflict (symptom_id, department_id) do nothing;
insert into symptom_departments (symptom_id, department_id) values ((select id from symptoms where slug = 'insomnia'), (select id from medical_departments where slug = 'family-medicine')) on conflict (symptom_id, department_id) do nothing;
insert into symptom_guidance (symptom_id, see_doctor_soon, emergency) values ((select id from symptoms where slug = 'depressed-mood'), '情緒低落超過兩週或影響生活，建議就醫。', '若有自傷、自殺念頭或無法保護自己，請立即急診或求助。') on conflict (symptom_id) do update set see_doctor_soon = excluded.see_doctor_soon, emergency = excluded.emergency;
insert into symptom_departments (symptom_id, department_id) values ((select id from symptoms where slug = 'depressed-mood'), (select id from medical_departments where slug = 'psychiatry')) on conflict (symptom_id, department_id) do nothing;
insert into symptom_departments (symptom_id, department_id) values ((select id from symptoms where slug = 'depressed-mood'), (select id from medical_departments where slug = 'family-medicine')) on conflict (symptom_id, department_id) do nothing;
insert into symptom_guidance (symptom_id, see_doctor_soon, emergency) values ((select id from symptoms where slug = 'poor-concentration'), '注意力問題持續、影響功能或伴隨情緒睡眠問題，建議評估。', '突然混亂、意識改變或神經症狀，請急診。') on conflict (symptom_id) do update set see_doctor_soon = excluded.see_doctor_soon, emergency = excluded.emergency;
insert into symptom_departments (symptom_id, department_id) values ((select id from symptoms where slug = 'poor-concentration'), (select id from medical_departments where slug = 'psychiatry')) on conflict (symptom_id, department_id) do nothing;
insert into symptom_departments (symptom_id, department_id) values ((select id from symptoms where slug = 'poor-concentration'), (select id from medical_departments where slug = 'family-medicine')) on conflict (symptom_id, department_id) do nothing;
insert into symptom_guidance (symptom_id, see_doctor_soon, emergency) values ((select id from symptoms where slug = 'irritability'), '易怒持續、影響人際或工作，建議評估。', '若有暴力、自傷風險或失控行為，請立即求助。') on conflict (symptom_id) do update set see_doctor_soon = excluded.see_doctor_soon, emergency = excluded.emergency;
insert into symptom_departments (symptom_id, department_id) values ((select id from symptoms where slug = 'irritability'), (select id from medical_departments where slug = 'psychiatry')) on conflict (symptom_id, department_id) do nothing;
insert into symptom_departments (symptom_id, department_id) values ((select id from symptoms where slug = 'irritability'), (select id from medical_departments where slug = 'family-medicine')) on conflict (symptom_id, department_id) do nothing;
insert into symptom_guidance (symptom_id, see_doctor_soon, emergency) values ((select id from symptoms where slug = 'low-energy-mental'), '提不起勁持續、合併睡眠或情緒問題，建議就醫。', '若有自傷念頭或嚴重無法進食睡眠，請立即求助。') on conflict (symptom_id) do update set see_doctor_soon = excluded.see_doctor_soon, emergency = excluded.emergency;
insert into symptom_departments (symptom_id, department_id) values ((select id from symptoms where slug = 'low-energy-mental'), (select id from medical_departments where slug = 'psychiatry')) on conflict (symptom_id, department_id) do nothing;
insert into symptom_departments (symptom_id, department_id) values ((select id from symptoms where slug = 'low-energy-mental'), (select id from medical_departments where slug = 'family-medicine')) on conflict (symptom_id, department_id) do nothing;
insert into symptom_guidance (symptom_id, see_doctor_soon, emergency) values ((select id from symptoms where slug = 'stress-symptoms'), '壓力相關不適反覆或影響生活，建議評估。', '胸痛、呼吸困難、昏厥或自傷念頭，請急診。') on conflict (symptom_id) do update set see_doctor_soon = excluded.see_doctor_soon, emergency = excluded.emergency;
insert into symptom_departments (symptom_id, department_id) values ((select id from symptoms where slug = 'stress-symptoms'), (select id from medical_departments where slug = 'psychiatry')) on conflict (symptom_id, department_id) do nothing;
insert into symptom_departments (symptom_id, department_id) values ((select id from symptoms where slug = 'stress-symptoms'), (select id from medical_departments where slug = 'family-medicine')) on conflict (symptom_id, department_id) do nothing;
insert into symptom_guidance (symptom_id, see_doctor_soon, emergency) values ((select id from symptoms where slug = 'sleepiness-daytime'), '白天嗜睡持續、影響安全或工作，建議就醫。', '開車打瞌睡造成危險、意識改變或呼吸困難，請急診。') on conflict (symptom_id) do update set see_doctor_soon = excluded.see_doctor_soon, emergency = excluded.emergency;
insert into symptom_departments (symptom_id, department_id) values ((select id from symptoms where slug = 'sleepiness-daytime'), (select id from medical_departments where slug = 'family-medicine')) on conflict (symptom_id, department_id) do nothing;
insert into symptom_departments (symptom_id, department_id) values ((select id from symptoms where slug = 'sleepiness-daytime'), (select id from medical_departments where slug = 'pulmonology')) on conflict (symptom_id, department_id) do nothing;
insert into symptom_departments (symptom_id, department_id) values ((select id from symptoms where slug = 'sleepiness-daytime'), (select id from medical_departments where slug = 'psychiatry')) on conflict (symptom_id, department_id) do nothing;
insert into symptom_guidance (symptom_id, see_doctor_soon, emergency) values ((select id from symptoms where slug = 'health-anxiety'), '健康焦慮影響生活或反覆求醫仍無法安心，建議身心科評估。', '若出現自傷念頭或嚴重恐慌失控，請立即求助。') on conflict (symptom_id) do update set see_doctor_soon = excluded.see_doctor_soon, emergency = excluded.emergency;
insert into symptom_departments (symptom_id, department_id) values ((select id from symptoms where slug = 'health-anxiety'), (select id from medical_departments where slug = 'psychiatry')) on conflict (symptom_id, department_id) do nothing;
insert into symptom_departments (symptom_id, department_id) values ((select id from symptoms where slug = 'health-anxiety'), (select id from medical_departments where slug = 'family-medicine')) on conflict (symptom_id, department_id) do nothing;
insert into symptom_guidance (symptom_id, see_doctor_soon, emergency) values ((select id from symptoms where slug = 'excessive-thirst'), '口渴合併頻尿、體重變化，建議檢查血糖與代謝。', '意識改變、嚴重脫水、嘔吐或呼吸急促，請急診。') on conflict (symptom_id) do update set see_doctor_soon = excluded.see_doctor_soon, emergency = excluded.emergency;
insert into symptom_departments (symptom_id, department_id) values ((select id from symptoms where slug = 'excessive-thirst'), (select id from medical_departments where slug = 'endocrinology-metabolism')) on conflict (symptom_id, department_id) do nothing;
insert into symptom_departments (symptom_id, department_id) values ((select id from symptoms where slug = 'excessive-thirst'), (select id from medical_departments where slug = 'family-medicine')) on conflict (symptom_id, department_id) do nothing;
insert into symptom_guidance (symptom_id, see_doctor_soon, emergency) values ((select id from symptoms where slug = 'increased-appetite'), '食量增加合併體重下降、心悸或手抖，建議檢查。', '意識改變、嚴重虛弱或脫水，請急診。') on conflict (symptom_id) do update set see_doctor_soon = excluded.see_doctor_soon, emergency = excluded.emergency;
insert into symptom_departments (symptom_id, department_id) values ((select id from symptoms where slug = 'increased-appetite'), (select id from medical_departments where slug = 'endocrinology-metabolism')) on conflict (symptom_id, department_id) do nothing;
insert into symptom_departments (symptom_id, department_id) values ((select id from symptoms where slug = 'increased-appetite'), (select id from medical_departments where slug = 'family-medicine')) on conflict (symptom_id, department_id) do nothing;
insert into symptom_guidance (symptom_id, see_doctor_soon, emergency) values ((select id from symptoms where slug = 'heat-intolerance'), '怕熱合併心悸、體重下降或手抖，建議檢查甲狀腺。', '高燒、意識混亂、心跳很快或胸痛，請急診。') on conflict (symptom_id) do update set see_doctor_soon = excluded.see_doctor_soon, emergency = excluded.emergency;
insert into symptom_departments (symptom_id, department_id) values ((select id from symptoms where slug = 'heat-intolerance'), (select id from medical_departments where slug = 'endocrinology-metabolism')) on conflict (symptom_id, department_id) do nothing;
insert into symptom_departments (symptom_id, department_id) values ((select id from symptoms where slug = 'heat-intolerance'), (select id from medical_departments where slug = 'family-medicine')) on conflict (symptom_id, department_id) do nothing;
insert into symptom_guidance (symptom_id, see_doctor_soon, emergency) values ((select id from symptoms where slug = 'cold-intolerance'), '怕冷持續、合併水腫或疲倦，建議檢查甲狀腺。', '低體溫、意識改變或嚴重虛弱，請急診。') on conflict (symptom_id) do update set see_doctor_soon = excluded.see_doctor_soon, emergency = excluded.emergency;
insert into symptom_departments (symptom_id, department_id) values ((select id from symptoms where slug = 'cold-intolerance'), (select id from medical_departments where slug = 'endocrinology-metabolism')) on conflict (symptom_id, department_id) do nothing;
insert into symptom_departments (symptom_id, department_id) values ((select id from symptoms where slug = 'cold-intolerance'), (select id from medical_departments where slug = 'family-medicine')) on conflict (symptom_id, department_id) do nothing;
insert into symptom_guidance (symptom_id, see_doctor_soon, emergency) values ((select id from symptoms where slug = 'weight-gain'), '體重快速增加、合併水腫或疲倦，建議就醫。', '呼吸困難、胸痛或嚴重水腫突然惡化，請急診。') on conflict (symptom_id) do update set see_doctor_soon = excluded.see_doctor_soon, emergency = excluded.emergency;
insert into symptom_departments (symptom_id, department_id) values ((select id from symptoms where slug = 'weight-gain'), (select id from medical_departments where slug = 'family-medicine')) on conflict (symptom_id, department_id) do nothing;
insert into symptom_departments (symptom_id, department_id) values ((select id from symptoms where slug = 'weight-gain'), (select id from medical_departments where slug = 'endocrinology-metabolism')) on conflict (symptom_id, department_id) do nothing;
insert into symptom_guidance (symptom_id, see_doctor_soon, emergency) values ((select id from symptoms where slug = 'neck-thyroid-lump'), '脖子前方腫塊或甲狀腺腫大，建議檢查。', '快速腫大合併呼吸或吞嚥困難，請急診。') on conflict (symptom_id) do update set see_doctor_soon = excluded.see_doctor_soon, emergency = excluded.emergency;
insert into symptom_departments (symptom_id, department_id) values ((select id from symptoms where slug = 'neck-thyroid-lump'), (select id from medical_departments where slug = 'endocrinology-metabolism')) on conflict (symptom_id, department_id) do nothing;
insert into symptom_departments (symptom_id, department_id) values ((select id from symptoms where slug = 'neck-thyroid-lump'), (select id from medical_departments where slug = 'ent')) on conflict (symptom_id, department_id) do nothing;
insert into symptom_guidance (symptom_id, see_doctor_soon, emergency) values ((select id from symptoms where slug = 'hand-tremor-thyroid'), '手抖合併心悸怕熱，建議檢查甲狀腺。', '胸痛、昏厥、心跳非常快或意識改變，請急診。') on conflict (symptom_id) do update set see_doctor_soon = excluded.see_doctor_soon, emergency = excluded.emergency;
insert into symptom_departments (symptom_id, department_id) values ((select id from symptoms where slug = 'hand-tremor-thyroid'), (select id from medical_departments where slug = 'endocrinology-metabolism')) on conflict (symptom_id, department_id) do nothing;
insert into symptom_departments (symptom_id, department_id) values ((select id from symptoms where slug = 'hand-tremor-thyroid'), (select id from medical_departments where slug = 'family-medicine')) on conflict (symptom_id, department_id) do nothing;
insert into symptom_guidance (symptom_id, see_doctor_soon, emergency) values ((select id from symptoms where slug = 'low-blood-sugar-symptoms'), '低血糖症狀反覆，尤其糖尿病用藥者建議就醫調整。', '意識不清、抽搐或無法進食，請急診。') on conflict (symptom_id) do update set see_doctor_soon = excluded.see_doctor_soon, emergency = excluded.emergency;
insert into symptom_departments (symptom_id, department_id) values ((select id from symptoms where slug = 'low-blood-sugar-symptoms'), (select id from medical_departments where slug = 'endocrinology-metabolism')) on conflict (symptom_id, department_id) do nothing;
insert into symptom_departments (symptom_id, department_id) values ((select id from symptoms where slug = 'low-blood-sugar-symptoms'), (select id from medical_departments where slug = 'family-medicine')) on conflict (symptom_id, department_id) do nothing;
insert into symptom_guidance (symptom_id, see_doctor_soon, emergency) values ((select id from symptoms where slug = 'menstrual-irregular-endocrine'), '月經不規則合併內分泌症狀，建議檢查。', '大量出血、劇烈腹痛或懷孕疑慮合併不適，請急診。') on conflict (symptom_id) do update set see_doctor_soon = excluded.see_doctor_soon, emergency = excluded.emergency;
insert into symptom_departments (symptom_id, department_id) values ((select id from symptoms where slug = 'menstrual-irregular-endocrine'), (select id from medical_departments where slug = 'obstetrics-gynecology')) on conflict (symptom_id, department_id) do nothing;
insert into symptom_departments (symptom_id, department_id) values ((select id from symptoms where slug = 'menstrual-irregular-endocrine'), (select id from medical_departments where slug = 'endocrinology-metabolism')) on conflict (symptom_id, department_id) do nothing;
insert into symptom_guidance (symptom_id, see_doctor_soon, emergency) values ((select id from symptoms where slug = 'excessive-hair-growth'), '多毛合併月經不規則或痘痘，建議評估荷爾蒙。', '快速男性化變化或腹痛腫塊疑慮，請盡快就醫。') on conflict (symptom_id) do update set see_doctor_soon = excluded.see_doctor_soon, emergency = excluded.emergency;
insert into symptom_departments (symptom_id, department_id) values ((select id from symptoms where slug = 'excessive-hair-growth'), (select id from medical_departments where slug = 'endocrinology-metabolism')) on conflict (symptom_id, department_id) do nothing;
insert into symptom_departments (symptom_id, department_id) values ((select id from symptoms where slug = 'excessive-hair-growth'), (select id from medical_departments where slug = 'obstetrics-gynecology')) on conflict (symptom_id, department_id) do nothing;
insert into symptom_departments (symptom_id, department_id) values ((select id from symptoms where slug = 'excessive-hair-growth'), (select id from medical_departments where slug = 'dermatology')) on conflict (symptom_id, department_id) do nothing;
insert into symptom_guidance (symptom_id, see_doctor_soon, emergency) values ((select id from symptoms where slug = 'menstrual-pain'), '經痛影響生活、止痛效果差或越來越嚴重，建議就醫。', '突發劇烈下腹痛、大量出血、懷孕可能，請急診。') on conflict (symptom_id) do update set see_doctor_soon = excluded.see_doctor_soon, emergency = excluded.emergency;
insert into symptom_departments (symptom_id, department_id) values ((select id from symptoms where slug = 'menstrual-pain'), (select id from medical_departments where slug = 'obstetrics-gynecology')) on conflict (symptom_id, department_id) do nothing;
insert into symptom_departments (symptom_id, department_id) values ((select id from symptoms where slug = 'menstrual-pain'), (select id from medical_departments where slug = 'family-medicine')) on conflict (symptom_id, department_id) do nothing;
insert into symptom_guidance (symptom_id, see_doctor_soon, emergency) values ((select id from symptoms where slug = 'heavy-menstrual-bleeding'), '月經量過多、貧血症狀或週期改變，建議就醫。', '大量出血、頭暈虛弱、心悸或懷孕相關出血，請急診。') on conflict (symptom_id) do update set see_doctor_soon = excluded.see_doctor_soon, emergency = excluded.emergency;
insert into symptom_departments (symptom_id, department_id) values ((select id from symptoms where slug = 'heavy-menstrual-bleeding'), (select id from medical_departments where slug = 'obstetrics-gynecology')) on conflict (symptom_id, department_id) do nothing;
insert into symptom_guidance (symptom_id, see_doctor_soon, emergency) values ((select id from symptoms where slug = 'irregular-period'), '月經不規則持續、停經或備孕需求，建議就醫。', '大量出血、劇烈腹痛或懷孕可能合併出血，請急診。') on conflict (symptom_id) do update set see_doctor_soon = excluded.see_doctor_soon, emergency = excluded.emergency;
insert into symptom_departments (symptom_id, department_id) values ((select id from symptoms where slug = 'irregular-period'), (select id from medical_departments where slug = 'obstetrics-gynecology')) on conflict (symptom_id, department_id) do nothing;
insert into symptom_departments (symptom_id, department_id) values ((select id from symptoms where slug = 'irregular-period'), (select id from medical_departments where slug = 'endocrinology-metabolism')) on conflict (symptom_id, department_id) do nothing;
insert into symptom_guidance (symptom_id, see_doctor_soon, emergency) values ((select id from symptoms where slug = 'vaginal-discharge'), '分泌物異常持續、異味或搔癢，建議就醫。', '合併下腹劇痛、發燒或懷孕，請急診。') on conflict (symptom_id) do update set see_doctor_soon = excluded.see_doctor_soon, emergency = excluded.emergency;
insert into symptom_departments (symptom_id, department_id) values ((select id from symptoms where slug = 'vaginal-discharge'), (select id from medical_departments where slug = 'obstetrics-gynecology')) on conflict (symptom_id, department_id) do nothing;
insert into symptom_guidance (symptom_id, see_doctor_soon, emergency) values ((select id from symptoms where slug = 'pelvic-pain'), '骨盆腔疼痛持續、反覆或合併分泌物異常，建議就醫。', '突發劇痛、發燒、昏厥或懷孕可能，請急診。') on conflict (symptom_id) do update set see_doctor_soon = excluded.see_doctor_soon, emergency = excluded.emergency;
insert into symptom_departments (symptom_id, department_id) values ((select id from symptoms where slug = 'pelvic-pain'), (select id from medical_departments where slug = 'obstetrics-gynecology')) on conflict (symptom_id, department_id) do nothing;
insert into symptom_departments (symptom_id, department_id) values ((select id from symptoms where slug = 'pelvic-pain'), (select id from medical_departments where slug = 'family-medicine')) on conflict (symptom_id, department_id) do nothing;
insert into symptom_guidance (symptom_id, see_doctor_soon, emergency) values ((select id from symptoms where slug = 'breast-lump'), '乳房腫塊、新出現或變大，建議檢查。', '乳房紅腫熱痛合併發燒或快速腫大，請急診。') on conflict (symptom_id) do update set see_doctor_soon = excluded.see_doctor_soon, emergency = excluded.emergency;
insert into symptom_departments (symptom_id, department_id) values ((select id from symptoms where slug = 'breast-lump'), (select id from medical_departments where slug = 'breast-surgery')) on conflict (symptom_id, department_id) do nothing;
insert into symptom_departments (symptom_id, department_id) values ((select id from symptoms where slug = 'breast-lump'), (select id from medical_departments where slug = 'obstetrics-gynecology')) on conflict (symptom_id, department_id) do nothing;
insert into symptom_departments (symptom_id, department_id) values ((select id from symptoms where slug = 'breast-lump'), (select id from medical_departments where slug = 'general-surgery')) on conflict (symptom_id, department_id) do nothing;
insert into symptom_guidance (symptom_id, see_doctor_soon, emergency) values ((select id from symptoms where slug = 'breast-pain'), '乳房疼痛持續、局部固定或合併腫塊，建議就醫。', '紅腫熱痛發燒或快速惡化，請急診。') on conflict (symptom_id) do update set see_doctor_soon = excluded.see_doctor_soon, emergency = excluded.emergency;
insert into symptom_departments (symptom_id, department_id) values ((select id from symptoms where slug = 'breast-pain'), (select id from medical_departments where slug = 'obstetrics-gynecology')) on conflict (symptom_id, department_id) do nothing;
insert into symptom_departments (symptom_id, department_id) values ((select id from symptoms where slug = 'breast-pain'), (select id from medical_departments where slug = 'breast-surgery')) on conflict (symptom_id, department_id) do nothing;
insert into symptom_guidance (symptom_id, see_doctor_soon, emergency) values ((select id from symptoms where slug = 'pregnancy-nausea'), '孕吐影響進食或體重下降，建議產檢評估。', '無法進食喝水、脫水、腹痛或出血，請急診。') on conflict (symptom_id) do update set see_doctor_soon = excluded.see_doctor_soon, emergency = excluded.emergency;
insert into symptom_departments (symptom_id, department_id) values ((select id from symptoms where slug = 'pregnancy-nausea'), (select id from medical_departments where slug = 'obstetrics-gynecology')) on conflict (symptom_id, department_id) do nothing;
insert into symptom_guidance (symptom_id, see_doctor_soon, emergency) values ((select id from symptoms where slug = 'menopause-hot-flashes'), '熱潮紅影響生活或睡眠，建議評估。', '胸痛、昏厥或呼吸困難，請急診。') on conflict (symptom_id) do update set see_doctor_soon = excluded.see_doctor_soon, emergency = excluded.emergency;
insert into symptom_departments (symptom_id, department_id) values ((select id from symptoms where slug = 'menopause-hot-flashes'), (select id from medical_departments where slug = 'obstetrics-gynecology')) on conflict (symptom_id, department_id) do nothing;
insert into symptom_departments (symptom_id, department_id) values ((select id from symptoms where slug = 'menopause-hot-flashes'), (select id from medical_departments where slug = 'family-medicine')) on conflict (symptom_id, department_id) do nothing;
insert into symptom_guidance (symptom_id, see_doctor_soon, emergency) values ((select id from symptoms where slug = 'painful-intercourse'), '性交疼痛持續、合併分泌物異常或出血，建議就醫。', '劇烈下腹痛、發燒或大量出血，請急診。') on conflict (symptom_id) do update set see_doctor_soon = excluded.see_doctor_soon, emergency = excluded.emergency;
insert into symptom_departments (symptom_id, department_id) values ((select id from symptoms where slug = 'painful-intercourse'), (select id from medical_departments where slug = 'obstetrics-gynecology')) on conflict (symptom_id, department_id) do nothing;
insert into symptom_guidance (symptom_id, see_doctor_soon, emergency) values ((select id from symptoms where slug = 'child-fever'), '兒童發燒持續、活動力差或年齡較小，建議就醫。', '三個月以下嬰兒發燒、抽搐、意識差、呼吸困難，請急診。') on conflict (symptom_id) do update set see_doctor_soon = excluded.see_doctor_soon, emergency = excluded.emergency;
insert into symptom_departments (symptom_id, department_id) values ((select id from symptoms where slug = 'child-fever'), (select id from medical_departments where slug = 'pediatrics')) on conflict (symptom_id, department_id) do nothing;
insert into symptom_departments (symptom_id, department_id) values ((select id from symptoms where slug = 'child-fever'), (select id from medical_departments where slug = 'family-medicine')) on conflict (symptom_id, department_id) do nothing;
insert into symptom_guidance (symptom_id, see_doctor_soon, emergency) values ((select id from symptoms where slug = 'child-cough'), '咳嗽超過數日、夜咳或喘鳴，建議就醫。', '呼吸急促、嘴唇發紫、凹胸或精神差，請急診。') on conflict (symptom_id) do update set see_doctor_soon = excluded.see_doctor_soon, emergency = excluded.emergency;
insert into symptom_departments (symptom_id, department_id) values ((select id from symptoms where slug = 'child-cough'), (select id from medical_departments where slug = 'pediatrics')) on conflict (symptom_id, department_id) do nothing;
insert into symptom_departments (symptom_id, department_id) values ((select id from symptoms where slug = 'child-cough'), (select id from medical_departments where slug = 'family-medicine')) on conflict (symptom_id, department_id) do nothing;
insert into symptom_guidance (symptom_id, see_doctor_soon, emergency) values ((select id from symptoms where slug = 'child-rash'), '紅疹持續、發燒或擴散，建議就醫。', '紫斑、呼吸困難、嘴唇眼皮腫或精神差，請急診。') on conflict (symptom_id) do update set see_doctor_soon = excluded.see_doctor_soon, emergency = excluded.emergency;
insert into symptom_departments (symptom_id, department_id) values ((select id from symptoms where slug = 'child-rash'), (select id from medical_departments where slug = 'pediatrics')) on conflict (symptom_id, department_id) do nothing;
insert into symptom_departments (symptom_id, department_id) values ((select id from symptoms where slug = 'child-rash'), (select id from medical_departments where slug = 'dermatology')) on conflict (symptom_id, department_id) do nothing;
insert into symptom_guidance (symptom_id, see_doctor_soon, emergency) values ((select id from symptoms where slug = 'child-vomiting'), '嘔吐持續、無法進食或尿量變少，建議就醫。', '脫水、嗜睡、綠色嘔吐、劇烈腹痛或頭部外傷後嘔吐，請急診。') on conflict (symptom_id) do update set see_doctor_soon = excluded.see_doctor_soon, emergency = excluded.emergency;
insert into symptom_departments (symptom_id, department_id) values ((select id from symptoms where slug = 'child-vomiting'), (select id from medical_departments where slug = 'pediatrics')) on conflict (symptom_id, department_id) do nothing;
insert into symptom_departments (symptom_id, department_id) values ((select id from symptoms where slug = 'child-vomiting'), (select id from medical_departments where slug = 'family-medicine')) on conflict (symptom_id, department_id) do nothing;
insert into symptom_guidance (symptom_id, see_doctor_soon, emergency) values ((select id from symptoms where slug = 'child-diarrhea'), '腹瀉超過一天、血便或尿量變少，建議就醫。', '嚴重脫水、血便、高燒或精神差，請急診。') on conflict (symptom_id) do update set see_doctor_soon = excluded.see_doctor_soon, emergency = excluded.emergency;
insert into symptom_departments (symptom_id, department_id) values ((select id from symptoms where slug = 'child-diarrhea'), (select id from medical_departments where slug = 'pediatrics')) on conflict (symptom_id, department_id) do nothing;
insert into symptom_departments (symptom_id, department_id) values ((select id from symptoms where slug = 'child-diarrhea'), (select id from medical_departments where slug = 'family-medicine')) on conflict (symptom_id, department_id) do nothing;
insert into symptom_guidance (symptom_id, see_doctor_soon, emergency) values ((select id from symptoms where slug = 'child-ear-pain'), '耳痛合併發燒、聽力下降或哭鬧，建議就醫。', '耳後紅腫、高燒不退或精神差，請急診。') on conflict (symptom_id) do update set see_doctor_soon = excluded.see_doctor_soon, emergency = excluded.emergency;
insert into symptom_departments (symptom_id, department_id) values ((select id from symptoms where slug = 'child-ear-pain'), (select id from medical_departments where slug = 'pediatrics')) on conflict (symptom_id, department_id) do nothing;
insert into symptom_departments (symptom_id, department_id) values ((select id from symptoms where slug = 'child-ear-pain'), (select id from medical_departments where slug = 'ent')) on conflict (symptom_id, department_id) do nothing;
insert into symptom_guidance (symptom_id, see_doctor_soon, emergency) values ((select id from symptoms where slug = 'child-wheezing'), '喘鳴反覆或夜間明顯，建議就醫。', '喘到說話困難、嘴唇發紫、凹胸或精神差，請急診。') on conflict (symptom_id) do update set see_doctor_soon = excluded.see_doctor_soon, emergency = excluded.emergency;
insert into symptom_departments (symptom_id, department_id) values ((select id from symptoms where slug = 'child-wheezing'), (select id from medical_departments where slug = 'pediatrics')) on conflict (symptom_id, department_id) do nothing;
insert into symptom_departments (symptom_id, department_id) values ((select id from symptoms where slug = 'child-wheezing'), (select id from medical_departments where slug = 'pulmonology')) on conflict (symptom_id, department_id) do nothing;
insert into symptom_guidance (symptom_id, see_doctor_soon, emergency) values ((select id from symptoms where slug = 'child-poor-appetite'), '食慾差持續、體重下降或伴隨發燒，建議就醫。', '嚴重脫水、嗜睡、呼吸困難或持續嘔吐，請急診。') on conflict (symptom_id) do update set see_doctor_soon = excluded.see_doctor_soon, emergency = excluded.emergency;
insert into symptom_departments (symptom_id, department_id) values ((select id from symptoms where slug = 'child-poor-appetite'), (select id from medical_departments where slug = 'pediatrics')) on conflict (symptom_id, department_id) do nothing;
insert into symptom_departments (symptom_id, department_id) values ((select id from symptoms where slug = 'child-poor-appetite'), (select id from medical_departments where slug = 'family-medicine')) on conflict (symptom_id, department_id) do nothing;
insert into symptom_guidance (symptom_id, see_doctor_soon, emergency) values ((select id from symptoms where slug = 'child-growth-concern'), '生長曲線異常或家長擔心發育，建議兒科評估。', '若合併嚴重虛弱、脫水或急性病容，請急診。') on conflict (symptom_id) do update set see_doctor_soon = excluded.see_doctor_soon, emergency = excluded.emergency;
insert into symptom_departments (symptom_id, department_id) values ((select id from symptoms where slug = 'child-growth-concern'), (select id from medical_departments where slug = 'pediatrics')) on conflict (symptom_id, department_id) do nothing;
insert into symptom_departments (symptom_id, department_id) values ((select id from symptoms where slug = 'child-growth-concern'), (select id from medical_departments where slug = 'endocrinology-metabolism')) on conflict (symptom_id, department_id) do nothing;
insert into symptom_guidance (symptom_id, see_doctor_soon, emergency) values ((select id from symptoms where slug = 'child-development-delay'), '發展里程碑落後，建議早期評估。', '突然退化、抽搐或意識改變，請急診。') on conflict (symptom_id) do update set see_doctor_soon = excluded.see_doctor_soon, emergency = excluded.emergency;
insert into symptom_departments (symptom_id, department_id) values ((select id from symptoms where slug = 'child-development-delay'), (select id from medical_departments where slug = 'pediatrics')) on conflict (symptom_id, department_id) do nothing;
insert into symptom_departments (symptom_id, department_id) values ((select id from symptoms where slug = 'child-development-delay'), (select id from medical_departments where slug = 'rehabilitation')) on conflict (symptom_id, department_id) do nothing;
insert into symptom_departments (symptom_id, department_id) values ((select id from symptoms where slug = 'child-development-delay'), (select id from medical_departments where slug = 'child-psychiatry')) on conflict (symptom_id, department_id) do nothing;
insert into symptom_guidance (symptom_id, see_doctor_soon, emergency) values ((select id from symptoms where slug = 'toothache'), '牙痛持續、夜間痛或咬合痛，建議看牙科。', '臉部腫脹、發燒、吞嚥或呼吸困難，請急診。') on conflict (symptom_id) do update set see_doctor_soon = excluded.see_doctor_soon, emergency = excluded.emergency;
insert into symptom_departments (symptom_id, department_id) values ((select id from symptoms where slug = 'toothache'), (select id from medical_departments where slug = 'dentistry')) on conflict (symptom_id, department_id) do nothing;
insert into symptom_guidance (symptom_id, see_doctor_soon, emergency) values ((select id from symptoms where slug = 'gum-swelling'), '牙齦腫痛或流膿，建議牙科治療。', '臉頰快速腫大、發燒或吞嚥呼吸困難，請急診。') on conflict (symptom_id) do update set see_doctor_soon = excluded.see_doctor_soon, emergency = excluded.emergency;
insert into symptom_departments (symptom_id, department_id) values ((select id from symptoms where slug = 'gum-swelling'), (select id from medical_departments where slug = 'dentistry')) on conflict (symptom_id, department_id) do nothing;
insert into symptom_guidance (symptom_id, see_doctor_soon, emergency) values ((select id from symptoms where slug = 'mouth-ulcer'), '嘴破超過兩週、反覆或範圍大，建議就醫。', '合併高燒、無法進食喝水或免疫低下，請急診。') on conflict (symptom_id) do update set see_doctor_soon = excluded.see_doctor_soon, emergency = excluded.emergency;
insert into symptom_departments (symptom_id, department_id) values ((select id from symptoms where slug = 'mouth-ulcer'), (select id from medical_departments where slug = 'dentistry')) on conflict (symptom_id, department_id) do nothing;
insert into symptom_departments (symptom_id, department_id) values ((select id from symptoms where slug = 'mouth-ulcer'), (select id from medical_departments where slug = 'ent')) on conflict (symptom_id, department_id) do nothing;
insert into symptom_departments (symptom_id, department_id) values ((select id from symptoms where slug = 'mouth-ulcer'), (select id from medical_departments where slug = 'family-medicine')) on conflict (symptom_id, department_id) do nothing;
insert into symptom_guidance (symptom_id, see_doctor_soon, emergency) values ((select id from symptoms where slug = 'jaw-clicking'), '顳顎關節聲音合併疼痛或張口受限，建議就醫。', '下巴卡住無法閉合或外傷後變形，請急診。') on conflict (symptom_id) do update set see_doctor_soon = excluded.see_doctor_soon, emergency = excluded.emergency;
insert into symptom_departments (symptom_id, department_id) values ((select id from symptoms where slug = 'jaw-clicking'), (select id from medical_departments where slug = 'dentistry')) on conflict (symptom_id, department_id) do nothing;
insert into symptom_departments (symptom_id, department_id) values ((select id from symptoms where slug = 'jaw-clicking'), (select id from medical_departments where slug = 'rehabilitation')) on conflict (symptom_id, department_id) do nothing;
insert into symptom_guidance (symptom_id, see_doctor_soon, emergency) values ((select id from symptoms where slug = 'sensitive-teeth'), '牙齒敏感持續或局部疼痛，建議牙科檢查。', '合併臉腫、發燒或劇烈牙痛，請急診。') on conflict (symptom_id) do update set see_doctor_soon = excluded.see_doctor_soon, emergency = excluded.emergency;
insert into symptom_departments (symptom_id, department_id) values ((select id from symptoms where slug = 'sensitive-teeth'), (select id from medical_departments where slug = 'dentistry')) on conflict (symptom_id, department_id) do nothing;
insert into symptom_guidance (symptom_id, see_doctor_soon, emergency) values ((select id from symptoms where slug = 'loose-tooth'), '成人牙齒鬆動應看牙科評估牙周或外傷。', '外傷後牙齒脫落、出血不止或臉部骨折疑慮，請急診。') on conflict (symptom_id) do update set see_doctor_soon = excluded.see_doctor_soon, emergency = excluded.emergency;
insert into symptom_departments (symptom_id, department_id) values ((select id from symptoms where slug = 'loose-tooth'), (select id from medical_departments where slug = 'dentistry')) on conflict (symptom_id, department_id) do nothing;
insert into symptom_guidance (symptom_id, see_doctor_soon, emergency) values ((select id from symptoms where slug = 'dry-mouth'), '口乾持續、合併口渴頻尿或用藥，建議評估。', '嚴重脫水、意識改變或無法進食喝水，請急診。') on conflict (symptom_id) do update set see_doctor_soon = excluded.see_doctor_soon, emergency = excluded.emergency;
insert into symptom_departments (symptom_id, department_id) values ((select id from symptoms where slug = 'dry-mouth'), (select id from medical_departments where slug = 'dentistry')) on conflict (symptom_id, department_id) do nothing;
insert into symptom_departments (symptom_id, department_id) values ((select id from symptoms where slug = 'dry-mouth'), (select id from medical_departments where slug = 'family-medicine')) on conflict (symptom_id, department_id) do nothing;
insert into symptom_departments (symptom_id, department_id) values ((select id from symptoms where slug = 'dry-mouth'), (select id from medical_departments where slug = 'endocrinology-metabolism')) on conflict (symptom_id, department_id) do nothing;
insert into symptom_guidance (symptom_id, see_doctor_soon, emergency) values ((select id from symptoms where slug = 'tongue-pain'), '舌痛超過兩週、反覆潰瘍或顏色改變，建議就醫。', '舌頭快速腫大、呼吸困難或嚴重過敏，請急診。') on conflict (symptom_id) do update set see_doctor_soon = excluded.see_doctor_soon, emergency = excluded.emergency;
insert into symptom_departments (symptom_id, department_id) values ((select id from symptoms where slug = 'tongue-pain'), (select id from medical_departments where slug = 'dentistry')) on conflict (symptom_id, department_id) do nothing;
insert into symptom_departments (symptom_id, department_id) values ((select id from symptoms where slug = 'tongue-pain'), (select id from medical_departments where slug = 'ent')) on conflict (symptom_id, department_id) do nothing;
insert into symptom_guidance (symptom_id, see_doctor_soon, emergency) values ((select id from symptoms where slug = 'bleeding-after-dental'), '拔牙後出血持續，建議聯絡牙科處理。', '大量出血、頭暈虛弱或服用抗凝血藥，請急診。') on conflict (symptom_id) do update set see_doctor_soon = excluded.see_doctor_soon, emergency = excluded.emergency;
insert into symptom_departments (symptom_id, department_id) values ((select id from symptoms where slug = 'bleeding-after-dental'), (select id from medical_departments where slug = 'dentistry')) on conflict (symptom_id, department_id) do nothing;
insert into symptom_departments (symptom_id, department_id) values ((select id from symptoms where slug = 'bleeding-after-dental'), (select id from medical_departments where slug = 'emergency-medicine')) on conflict (symptom_id, department_id) do nothing;
insert into symptom_guidance (symptom_id, see_doctor_soon, emergency) values ((select id from symptoms where slug = 'bad-taste-mouth'), '口中異味持續可由牙科、耳鼻喉科或腸胃科評估。', '合併臉腫發燒、吞嚥困難或嚴重脫水，請急診。') on conflict (symptom_id) do update set see_doctor_soon = excluded.see_doctor_soon, emergency = excluded.emergency;
insert into symptom_departments (symptom_id, department_id) values ((select id from symptoms where slug = 'bad-taste-mouth'), (select id from medical_departments where slug = 'dentistry')) on conflict (symptom_id, department_id) do nothing;
insert into symptom_departments (symptom_id, department_id) values ((select id from symptoms where slug = 'bad-taste-mouth'), (select id from medical_departments where slug = 'ent')) on conflict (symptom_id, department_id) do nothing;
insert into symptom_departments (symptom_id, department_id) values ((select id from symptoms where slug = 'bad-taste-mouth'), (select id from medical_departments where slug = 'gastroenterology')) on conflict (symptom_id, department_id) do nothing;
insert into symptom_guidance (symptom_id, see_doctor_soon, emergency) values ((select id from symptoms where slug = 'fever'), '發燒超過三天、反覆或找不到原因，建議就醫。', '高燒合併意識改變、呼吸困難、紫斑或免疫低下，請急診。') on conflict (symptom_id) do update set see_doctor_soon = excluded.see_doctor_soon, emergency = excluded.emergency;
insert into symptom_departments (symptom_id, department_id) values ((select id from symptoms where slug = 'fever'), (select id from medical_departments where slug = 'family-medicine')) on conflict (symptom_id, department_id) do nothing;
insert into symptom_departments (symptom_id, department_id) values ((select id from symptoms where slug = 'fever'), (select id from medical_departments where slug = 'infectious-disease')) on conflict (symptom_id, department_id) do nothing;
insert into symptom_guidance (symptom_id, see_doctor_soon, emergency) values ((select id from symptoms where slug = 'chills'), '畏寒合併發燒或持續不適，建議就醫。', '高燒、意識改變、呼吸困難或血壓低，請急診。') on conflict (symptom_id) do update set see_doctor_soon = excluded.see_doctor_soon, emergency = excluded.emergency;
insert into symptom_departments (symptom_id, department_id) values ((select id from symptoms where slug = 'chills'), (select id from medical_departments where slug = 'family-medicine')) on conflict (symptom_id, department_id) do nothing;
insert into symptom_departments (symptom_id, department_id) values ((select id from symptoms where slug = 'chills'), (select id from medical_departments where slug = 'infectious-disease')) on conflict (symptom_id, department_id) do nothing;
insert into symptom_guidance (symptom_id, see_doctor_soon, emergency) values ((select id from symptoms where slug = 'body-aches'), '全身痠痛合併發燒或持續多日，建議就醫。', '高燒不退、呼吸困難、意識改變或嚴重虛弱，請急診。') on conflict (symptom_id) do update set see_doctor_soon = excluded.see_doctor_soon, emergency = excluded.emergency;
insert into symptom_departments (symptom_id, department_id) values ((select id from symptoms where slug = 'body-aches'), (select id from medical_departments where slug = 'family-medicine')) on conflict (symptom_id, department_id) do nothing;
insert into symptom_departments (symptom_id, department_id) values ((select id from symptoms where slug = 'body-aches'), (select id from medical_departments where slug = 'infectious-disease')) on conflict (symptom_id, department_id) do nothing;
insert into symptom_guidance (symptom_id, see_doctor_soon, emergency) values ((select id from symptoms where slug = 'swollen-tonsils-fever'), '發燒喉嚨痛超過三天或化膿，建議就醫。', '呼吸困難、流口水、無法吞口水，請急診。') on conflict (symptom_id) do update set see_doctor_soon = excluded.see_doctor_soon, emergency = excluded.emergency;
insert into symptom_departments (symptom_id, department_id) values ((select id from symptoms where slug = 'swollen-tonsils-fever'), (select id from medical_departments where slug = 'ent')) on conflict (symptom_id, department_id) do nothing;
insert into symptom_departments (symptom_id, department_id) values ((select id from symptoms where slug = 'swollen-tonsils-fever'), (select id from medical_departments where slug = 'family-medicine')) on conflict (symptom_id, department_id) do nothing;
insert into symptom_departments (symptom_id, department_id) values ((select id from symptoms where slug = 'swollen-tonsils-fever'), (select id from medical_departments where slug = 'infectious-disease')) on conflict (symptom_id, department_id) do nothing;
insert into symptom_guidance (symptom_id, see_doctor_soon, emergency) values ((select id from symptoms where slug = 'persistent-fever'), '持續發燒超過三天或原因不明，建議就醫。', '意識改變、呼吸困難、紫斑、高燒不退，請急診。') on conflict (symptom_id) do update set see_doctor_soon = excluded.see_doctor_soon, emergency = excluded.emergency;
insert into symptom_departments (symptom_id, department_id) values ((select id from symptoms where slug = 'persistent-fever'), (select id from medical_departments where slug = 'infectious-disease')) on conflict (symptom_id, department_id) do nothing;
insert into symptom_departments (symptom_id, department_id) values ((select id from symptoms where slug = 'persistent-fever'), (select id from medical_departments where slug = 'family-medicine')) on conflict (symptom_id, department_id) do nothing;
insert into symptom_guidance (symptom_id, see_doctor_soon, emergency) values ((select id from symptoms where slug = 'recurrent-infection'), '反覆感染或感染不易好，建議評估免疫與慢性疾病。', '高燒、意識改變、呼吸困難或感染快速擴散，請急診。') on conflict (symptom_id) do update set see_doctor_soon = excluded.see_doctor_soon, emergency = excluded.emergency;
insert into symptom_departments (symptom_id, department_id) values ((select id from symptoms where slug = 'recurrent-infection'), (select id from medical_departments where slug = 'infectious-disease')) on conflict (symptom_id, department_id) do nothing;
insert into symptom_departments (symptom_id, department_id) values ((select id from symptoms where slug = 'recurrent-infection'), (select id from medical_departments where slug = 'family-medicine')) on conflict (symptom_id, department_id) do nothing;
insert into symptom_departments (symptom_id, department_id) values ((select id from symptoms where slug = 'recurrent-infection'), (select id from medical_departments where slug = 'immunology-rheumatology')) on conflict (symptom_id, department_id) do nothing;
insert into symptom_guidance (symptom_id, see_doctor_soon, emergency) values ((select id from symptoms where slug = 'travel-fever'), '旅遊後發燒建議告知旅遊史並就醫。', '高燒、意識改變、呼吸困難、黃疸或出血，請急診。') on conflict (symptom_id) do update set see_doctor_soon = excluded.see_doctor_soon, emergency = excluded.emergency;
insert into symptom_departments (symptom_id, department_id) values ((select id from symptoms where slug = 'travel-fever'), (select id from medical_departments where slug = 'infectious-disease')) on conflict (symptom_id, department_id) do nothing;
insert into symptom_departments (symptom_id, department_id) values ((select id from symptoms where slug = 'travel-fever'), (select id from medical_departments where slug = 'family-medicine')) on conflict (symptom_id, department_id) do nothing;
insert into symptom_guidance (symptom_id, see_doctor_soon, emergency) values ((select id from symptoms where slug = 'insect-bite-fever'), '叮咬後發燒或紅腫擴大，建議就醫。', '高燒、呼吸困難、意識改變或紅腫快速擴散，請急診。') on conflict (symptom_id) do update set see_doctor_soon = excluded.see_doctor_soon, emergency = excluded.emergency;
insert into symptom_departments (symptom_id, department_id) values ((select id from symptoms where slug = 'insect-bite-fever'), (select id from medical_departments where slug = 'infectious-disease')) on conflict (symptom_id, department_id) do nothing;
insert into symptom_departments (symptom_id, department_id) values ((select id from symptoms where slug = 'insect-bite-fever'), (select id from medical_departments where slug = 'dermatology')) on conflict (symptom_id, department_id) do nothing;
insert into symptom_departments (symptom_id, department_id) values ((select id from symptoms where slug = 'insect-bite-fever'), (select id from medical_departments where slug = 'family-medicine')) on conflict (symptom_id, department_id) do nothing;
insert into symptom_guidance (symptom_id, see_doctor_soon, emergency) values ((select id from symptoms where slug = 'wound-fever'), '傷口合併發燒或化膿，建議就醫。', '紅線往上延伸、劇痛、意識改變或免疫低下，請急診。') on conflict (symptom_id) do update set see_doctor_soon = excluded.see_doctor_soon, emergency = excluded.emergency;
insert into symptom_departments (symptom_id, department_id) values ((select id from symptoms where slug = 'wound-fever'), (select id from medical_departments where slug = 'general-surgery')) on conflict (symptom_id, department_id) do nothing;
insert into symptom_departments (symptom_id, department_id) values ((select id from symptoms where slug = 'wound-fever'), (select id from medical_departments where slug = 'infectious-disease')) on conflict (symptom_id, department_id) do nothing;
insert into symptom_departments (symptom_id, department_id) values ((select id from symptoms where slug = 'wound-fever'), (select id from medical_departments where slug = 'family-medicine')) on conflict (symptom_id, department_id) do nothing;
insert into symptom_guidance (symptom_id, see_doctor_soon, emergency) values ((select id from symptoms where slug = 'covid-like-symptoms'), '類感冒症狀持續、慢性病或高風險族群，建議就醫。', '呼吸困難、胸痛、意識改變或血氧偏低，請急診。') on conflict (symptom_id) do update set see_doctor_soon = excluded.see_doctor_soon, emergency = excluded.emergency;
insert into symptom_departments (symptom_id, department_id) values ((select id from symptoms where slug = 'covid-like-symptoms'), (select id from medical_departments where slug = 'family-medicine')) on conflict (symptom_id, department_id) do nothing;
insert into symptom_departments (symptom_id, department_id) values ((select id from symptoms where slug = 'covid-like-symptoms'), (select id from medical_departments where slug = 'infectious-disease')) on conflict (symptom_id, department_id) do nothing;
insert into symptom_guidance (symptom_id, see_doctor_soon, emergency) values ((select id from symptoms where slug = 'wheezing-breath'), '喘鳴反覆、夜間明顯或活動後加重，建議就醫。', '喘到無法說完整句、嘴唇發紫或吸入藥無效，請急診。') on conflict (symptom_id) do update set see_doctor_soon = excluded.see_doctor_soon, emergency = excluded.emergency;
insert into symptom_departments (symptom_id, department_id) values ((select id from symptoms where slug = 'wheezing-breath'), (select id from medical_departments where slug = 'pulmonology')) on conflict (symptom_id, department_id) do nothing;
insert into symptom_departments (symptom_id, department_id) values ((select id from symptoms where slug = 'wheezing-breath'), (select id from medical_departments where slug = 'family-medicine')) on conflict (symptom_id, department_id) do nothing;
insert into symptom_guidance (symptom_id, see_doctor_soon, emergency) values ((select id from symptoms where slug = 'rapid-breathing'), '呼吸急促持續或反覆，建議就醫評估。', '休息仍喘、胸痛、嘴唇發紫或意識不清，請急診。') on conflict (symptom_id) do update set see_doctor_soon = excluded.see_doctor_soon, emergency = excluded.emergency;
insert into symptom_departments (symptom_id, department_id) values ((select id from symptoms where slug = 'rapid-breathing'), (select id from medical_departments where slug = 'pulmonology')) on conflict (symptom_id, department_id) do nothing;
insert into symptom_departments (symptom_id, department_id) values ((select id from symptoms where slug = 'rapid-breathing'), (select id from medical_departments where slug = 'cardiology')) on conflict (symptom_id, department_id) do nothing;
insert into symptom_departments (symptom_id, department_id) values ((select id from symptoms where slug = 'rapid-breathing'), (select id from medical_departments where slug = 'emergency-medicine')) on conflict (symptom_id, department_id) do nothing;
insert into symptom_guidance (symptom_id, see_doctor_soon, emergency) values ((select id from symptoms where slug = 'chest-congestion'), '胸口痰塞感持續、黃綠痰或發燒，建議就醫。', '呼吸困難、咳血、胸痛或高燒不退，請急診。') on conflict (symptom_id) do update set see_doctor_soon = excluded.see_doctor_soon, emergency = excluded.emergency;
insert into symptom_departments (symptom_id, department_id) values ((select id from symptoms where slug = 'chest-congestion'), (select id from medical_departments where slug = 'pulmonology')) on conflict (symptom_id, department_id) do nothing;
insert into symptom_departments (symptom_id, department_id) values ((select id from symptoms where slug = 'chest-congestion'), (select id from medical_departments where slug = 'ent')) on conflict (symptom_id, department_id) do nothing;
insert into symptom_departments (symptom_id, department_id) values ((select id from symptoms where slug = 'chest-congestion'), (select id from medical_departments where slug = 'family-medicine')) on conflict (symptom_id, department_id) do nothing;
insert into symptom_guidance (symptom_id, see_doctor_soon, emergency) values ((select id from symptoms where slug = 'cannot-take-deep-breath'), '吸不到氣反覆、活動後加重或合併胸悶，建議就醫。', '休息仍呼吸困難、胸痛、昏厥或嘴唇發紫，請急診。') on conflict (symptom_id) do update set see_doctor_soon = excluded.see_doctor_soon, emergency = excluded.emergency;
insert into symptom_departments (symptom_id, department_id) values ((select id from symptoms where slug = 'cannot-take-deep-breath'), (select id from medical_departments where slug = 'pulmonology')) on conflict (symptom_id, department_id) do nothing;
insert into symptom_departments (symptom_id, department_id) values ((select id from symptoms where slug = 'cannot-take-deep-breath'), (select id from medical_departments where slug = 'cardiology')) on conflict (symptom_id, department_id) do nothing;
insert into symptom_departments (symptom_id, department_id) values ((select id from symptoms where slug = 'cannot-take-deep-breath'), (select id from medical_departments where slug = 'psychiatry')) on conflict (symptom_id, department_id) do nothing;
insert into symptom_guidance (symptom_id, see_doctor_soon, emergency) values ((select id from symptoms where slug = 'long-covid-breath'), '感染後喘咳超過數週，建議胸腔科評估。', '血氧低、胸痛、呼吸困難快速惡化，請急診。') on conflict (symptom_id) do update set see_doctor_soon = excluded.see_doctor_soon, emergency = excluded.emergency;
insert into symptom_departments (symptom_id, department_id) values ((select id from symptoms where slug = 'long-covid-breath'), (select id from medical_departments where slug = 'pulmonology')) on conflict (symptom_id, department_id) do nothing;
insert into symptom_departments (symptom_id, department_id) values ((select id from symptoms where slug = 'long-covid-breath'), (select id from medical_departments where slug = 'family-medicine')) on conflict (symptom_id, department_id) do nothing;
insert into symptom_guidance (symptom_id, see_doctor_soon, emergency) values ((select id from symptoms where slug = 'pleuritic-pain'), '深呼吸刺痛持續或合併咳嗽發燒，建議就醫。', '合併呼吸困難、咳血、單側腿腫痛或胸痛劇烈，請急診。') on conflict (symptom_id) do update set see_doctor_soon = excluded.see_doctor_soon, emergency = excluded.emergency;
insert into symptom_departments (symptom_id, department_id) values ((select id from symptoms where slug = 'pleuritic-pain'), (select id from medical_departments where slug = 'pulmonology')) on conflict (symptom_id, department_id) do nothing;
insert into symptom_departments (symptom_id, department_id) values ((select id from symptoms where slug = 'pleuritic-pain'), (select id from medical_departments where slug = 'emergency-medicine')) on conflict (symptom_id, department_id) do nothing;
insert into symptom_guidance (symptom_id, see_doctor_soon, emergency) values ((select id from symptoms where slug = 'low-oxygen-suspected'), '疑似血氧偏低應盡快就醫。', '血氧明顯偏低、意識不清或呼吸困難，請立即急診。') on conflict (symptom_id) do update set see_doctor_soon = excluded.see_doctor_soon, emergency = excluded.emergency;
insert into symptom_departments (symptom_id, department_id) values ((select id from symptoms where slug = 'low-oxygen-suspected'), (select id from medical_departments where slug = 'emergency-medicine')) on conflict (symptom_id, department_id) do nothing;
insert into symptom_departments (symptom_id, department_id) values ((select id from symptoms where slug = 'low-oxygen-suspected'), (select id from medical_departments where slug = 'pulmonology')) on conflict (symptom_id, department_id) do nothing;
insert into symptom_guidance (symptom_id, see_doctor_soon, emergency) values ((select id from symptoms where slug = 'shortness-lying'), '躺下喘反覆或合併水腫，建議就醫。', '休息仍喘、胸痛或嘴唇發紫，請急診。') on conflict (symptom_id) do update set see_doctor_soon = excluded.see_doctor_soon, emergency = excluded.emergency;
insert into symptom_departments (symptom_id, department_id) values ((select id from symptoms where slug = 'shortness-lying'), (select id from medical_departments where slug = 'cardiology')) on conflict (symptom_id, department_id) do nothing;
insert into symptom_departments (symptom_id, department_id) values ((select id from symptoms where slug = 'shortness-lying'), (select id from medical_departments where slug = 'pulmonology')) on conflict (symptom_id, department_id) do nothing;
insert into symptom_guidance (symptom_id, see_doctor_soon, emergency) values ((select id from symptoms where slug = 'proteinuria'), '尿蛋白持續或合併高血壓、水腫，建議腎臟科追蹤。', '嚴重水腫、呼吸困難、血尿或尿量明顯減少，請急診。') on conflict (symptom_id) do update set see_doctor_soon = excluded.see_doctor_soon, emergency = excluded.emergency;
insert into symptom_departments (symptom_id, department_id) values ((select id from symptoms where slug = 'proteinuria'), (select id from medical_departments where slug = 'nephrology')) on conflict (symptom_id, department_id) do nothing;
insert into symptom_departments (symptom_id, department_id) values ((select id from symptoms where slug = 'proteinuria'), (select id from medical_departments where slug = 'family-medicine')) on conflict (symptom_id, department_id) do nothing;
insert into symptom_guidance (symptom_id, see_doctor_soon, emergency) values ((select id from symptoms where slug = 'reduced-urine'), '尿量變少持續或合併水腫，建議就醫。', '幾乎無尿、呼吸困難、意識改變或嚴重脫水，請急診。') on conflict (symptom_id) do update set see_doctor_soon = excluded.see_doctor_soon, emergency = excluded.emergency;
insert into symptom_departments (symptom_id, department_id) values ((select id from symptoms where slug = 'reduced-urine'), (select id from medical_departments where slug = 'nephrology')) on conflict (symptom_id, department_id) do nothing;
insert into symptom_departments (symptom_id, department_id) values ((select id from symptoms where slug = 'reduced-urine'), (select id from medical_departments where slug = 'emergency-medicine')) on conflict (symptom_id, department_id) do nothing;
insert into symptom_guidance (symptom_id, see_doctor_soon, emergency) values ((select id from symptoms where slug = 'swollen-face-morning'), '早上臉腫持續、合併泡泡尿或高血壓，建議檢查。', '呼吸困難、嚴重水腫或尿量明顯減少，請急診。') on conflict (symptom_id) do update set see_doctor_soon = excluded.see_doctor_soon, emergency = excluded.emergency;
insert into symptom_departments (symptom_id, department_id) values ((select id from symptoms where slug = 'swollen-face-morning'), (select id from medical_departments where slug = 'nephrology')) on conflict (symptom_id, department_id) do nothing;
insert into symptom_departments (symptom_id, department_id) values ((select id from symptoms where slug = 'swollen-face-morning'), (select id from medical_departments where slug = 'family-medicine')) on conflict (symptom_id, department_id) do nothing;
insert into symptom_guidance (symptom_id, see_doctor_soon, emergency) values ((select id from symptoms where slug = 'high-blood-pressure'), '血壓反覆偏高，建議就醫評估與追蹤。', '血壓極高合併胸痛、頭痛、視力改變或神經症狀，請急診。') on conflict (symptom_id) do update set see_doctor_soon = excluded.see_doctor_soon, emergency = excluded.emergency;
insert into symptom_departments (symptom_id, department_id) values ((select id from symptoms where slug = 'high-blood-pressure'), (select id from medical_departments where slug = 'family-medicine')) on conflict (symptom_id, department_id) do nothing;
insert into symptom_departments (symptom_id, department_id) values ((select id from symptoms where slug = 'high-blood-pressure'), (select id from medical_departments where slug = 'cardiology')) on conflict (symptom_id, department_id) do nothing;
insert into symptom_departments (symptom_id, department_id) values ((select id from symptoms where slug = 'high-blood-pressure'), (select id from medical_departments where slug = 'nephrology')) on conflict (symptom_id, department_id) do nothing;
insert into symptom_guidance (symptom_id, see_doctor_soon, emergency) values ((select id from symptoms where slug = 'kidney-stone-suspected'), '疑似腎結石建議泌尿科評估。', '劇烈疼痛、發燒、無法排尿或持續嘔吐，請急診。') on conflict (symptom_id) do update set see_doctor_soon = excluded.see_doctor_soon, emergency = excluded.emergency;
insert into symptom_departments (symptom_id, department_id) values ((select id from symptoms where slug = 'kidney-stone-suspected'), (select id from medical_departments where slug = 'urology')) on conflict (symptom_id, department_id) do nothing;
insert into symptom_departments (symptom_id, department_id) values ((select id from symptoms where slug = 'kidney-stone-suspected'), (select id from medical_departments where slug = 'nephrology')) on conflict (symptom_id, department_id) do nothing;
insert into symptom_departments (symptom_id, department_id) values ((select id from symptoms where slug = 'kidney-stone-suspected'), (select id from medical_departments where slug = 'emergency-medicine')) on conflict (symptom_id, department_id) do nothing;
insert into symptom_guidance (symptom_id, see_doctor_soon, emergency) values ((select id from symptoms where slug = 'uremia-symptoms'), '若有腎功能不佳且出現這些症狀，應盡快就醫。', '意識改變、呼吸困難、胸痛或嚴重虛弱，請急診。') on conflict (symptom_id) do update set see_doctor_soon = excluded.see_doctor_soon, emergency = excluded.emergency;
insert into symptom_departments (symptom_id, department_id) values ((select id from symptoms where slug = 'uremia-symptoms'), (select id from medical_departments where slug = 'nephrology')) on conflict (symptom_id, department_id) do nothing;
insert into symptom_departments (symptom_id, department_id) values ((select id from symptoms where slug = 'uremia-symptoms'), (select id from medical_departments where slug = 'emergency-medicine')) on conflict (symptom_id, department_id) do nothing;
insert into symptom_guidance (symptom_id, see_doctor_soon, emergency) values ((select id from symptoms where slug = 'leg-cramps-kidney'), '夜間抽筋反覆、合併水腫或腎病史，建議評估。', '合併單側腿腫痛、呼吸困難或胸痛，請急診。') on conflict (symptom_id) do update set see_doctor_soon = excluded.see_doctor_soon, emergency = excluded.emergency;
insert into symptom_departments (symptom_id, department_id) values ((select id from symptoms where slug = 'leg-cramps-kidney'), (select id from medical_departments where slug = 'family-medicine')) on conflict (symptom_id, department_id) do nothing;
insert into symptom_departments (symptom_id, department_id) values ((select id from symptoms where slug = 'leg-cramps-kidney'), (select id from medical_departments where slug = 'nephrology')) on conflict (symptom_id, department_id) do nothing;
insert into symptom_departments (symptom_id, department_id) values ((select id from symptoms where slug = 'leg-cramps-kidney'), (select id from medical_departments where slug = 'rehabilitation')) on conflict (symptom_id, department_id) do nothing;
insert into symptom_guidance (symptom_id, see_doctor_soon, emergency) values ((select id from symptoms where slug = 'electrolyte-symptoms'), '疑似電解質異常或用利尿劑者，建議抽血檢查。', '心律不整、昏厥、抽搐或意識改變，請急診。') on conflict (symptom_id) do update set see_doctor_soon = excluded.see_doctor_soon, emergency = excluded.emergency;
insert into symptom_departments (symptom_id, department_id) values ((select id from symptoms where slug = 'electrolyte-symptoms'), (select id from medical_departments where slug = 'nephrology')) on conflict (symptom_id, department_id) do nothing;
insert into symptom_departments (symptom_id, department_id) values ((select id from symptoms where slug = 'electrolyte-symptoms'), (select id from medical_departments where slug = 'family-medicine')) on conflict (symptom_id, department_id) do nothing;
insert into symptom_departments (symptom_id, department_id) values ((select id from symptoms where slug = 'electrolyte-symptoms'), (select id from medical_departments where slug = 'emergency-medicine')) on conflict (symptom_id, department_id) do nothing;
insert into symptom_guidance (symptom_id, see_doctor_soon, emergency) values ((select id from symptoms where slug = 'hemorrhoids'), '痔瘡反覆出血、疼痛或突出，建議就醫。', '大量出血、頭暈虛弱或劇烈肛門痛，請急診。') on conflict (symptom_id) do update set see_doctor_soon = excluded.see_doctor_soon, emergency = excluded.emergency;
insert into symptom_departments (symptom_id, department_id) values ((select id from symptoms where slug = 'hemorrhoids'), (select id from medical_departments where slug = 'colorectal-surgery')) on conflict (symptom_id, department_id) do nothing;
insert into symptom_departments (symptom_id, department_id) values ((select id from symptoms where slug = 'hemorrhoids'), (select id from medical_departments where slug = 'family-medicine')) on conflict (symptom_id, department_id) do nothing;
insert into symptom_guidance (symptom_id, see_doctor_soon, emergency) values ((select id from symptoms where slug = 'anal-pain'), '肛門痛持續、排便疼痛或合併出血，建議就醫。', '劇烈疼痛、發燒、膿腫或大量出血，請急診。') on conflict (symptom_id) do update set see_doctor_soon = excluded.see_doctor_soon, emergency = excluded.emergency;
insert into symptom_departments (symptom_id, department_id) values ((select id from symptoms where slug = 'anal-pain'), (select id from medical_departments where slug = 'colorectal-surgery')) on conflict (symptom_id, department_id) do nothing;
insert into symptom_departments (symptom_id, department_id) values ((select id from symptoms where slug = 'anal-pain'), (select id from medical_departments where slug = 'family-medicine')) on conflict (symptom_id, department_id) do nothing;
insert into symptom_guidance (symptom_id, see_doctor_soon, emergency) values ((select id from symptoms where slug = 'anal-itching'), '肛門搔癢持續、反覆或合併皮疹，建議就醫。', '合併紅腫熱痛、發燒或快速擴散，請急診。') on conflict (symptom_id) do update set see_doctor_soon = excluded.see_doctor_soon, emergency = excluded.emergency;
insert into symptom_departments (symptom_id, department_id) values ((select id from symptoms where slug = 'anal-itching'), (select id from medical_departments where slug = 'colorectal-surgery')) on conflict (symptom_id, department_id) do nothing;
insert into symptom_departments (symptom_id, department_id) values ((select id from symptoms where slug = 'anal-itching'), (select id from medical_departments where slug = 'dermatology')) on conflict (symptom_id, department_id) do nothing;
insert into symptom_departments (symptom_id, department_id) values ((select id from symptoms where slug = 'anal-itching'), (select id from medical_departments where slug = 'family-medicine')) on conflict (symptom_id, department_id) do nothing;
insert into symptom_guidance (symptom_id, see_doctor_soon, emergency) values ((select id from symptoms where slug = 'rectal-bleeding'), '肛門出血反覆或不明原因，建議檢查。', '大量出血、黑便、頭暈虛弱或腹痛劇烈，請急診。') on conflict (symptom_id) do update set see_doctor_soon = excluded.see_doctor_soon, emergency = excluded.emergency;
insert into symptom_departments (symptom_id, department_id) values ((select id from symptoms where slug = 'rectal-bleeding'), (select id from medical_departments where slug = 'colorectal-surgery')) on conflict (symptom_id, department_id) do nothing;
insert into symptom_departments (symptom_id, department_id) values ((select id from symptoms where slug = 'rectal-bleeding'), (select id from medical_departments where slug = 'gastroenterology')) on conflict (symptom_id, department_id) do nothing;
insert into symptom_guidance (symptom_id, see_doctor_soon, emergency) values ((select id from symptoms where slug = 'painful-defecation'), '排便疼痛持續或合併出血，建議就醫。', '劇痛合併發燒、膿腫或大量出血，請急診。') on conflict (symptom_id) do update set see_doctor_soon = excluded.see_doctor_soon, emergency = excluded.emergency;
insert into symptom_departments (symptom_id, department_id) values ((select id from symptoms where slug = 'painful-defecation'), (select id from medical_departments where slug = 'colorectal-surgery')) on conflict (symptom_id, department_id) do nothing;
insert into symptom_departments (symptom_id, department_id) values ((select id from symptoms where slug = 'painful-defecation'), (select id from medical_departments where slug = 'family-medicine')) on conflict (symptom_id, department_id) do nothing;
insert into symptom_guidance (symptom_id, see_doctor_soon, emergency) values ((select id from symptoms where slug = 'anal-lump'), '肛門腫塊持續、疼痛或出血，建議就醫。', '快速腫痛、發燒或疑似膿瘍，請急診。') on conflict (symptom_id) do update set see_doctor_soon = excluded.see_doctor_soon, emergency = excluded.emergency;
insert into symptom_departments (symptom_id, department_id) values ((select id from symptoms where slug = 'anal-lump'), (select id from medical_departments where slug = 'colorectal-surgery')) on conflict (symptom_id, department_id) do nothing;
insert into symptom_guidance (symptom_id, see_doctor_soon, emergency) values ((select id from symptoms where slug = 'fecal-incontinence'), '大便失禁持續或新出現，建議就醫評估。', '合併下肢無力、會陰麻木或大小便突然失控，請急診。') on conflict (symptom_id) do update set see_doctor_soon = excluded.see_doctor_soon, emergency = excluded.emergency;
insert into symptom_departments (symptom_id, department_id) values ((select id from symptoms where slug = 'fecal-incontinence'), (select id from medical_departments where slug = 'colorectal-surgery')) on conflict (symptom_id, department_id) do nothing;
insert into symptom_departments (symptom_id, department_id) values ((select id from symptoms where slug = 'fecal-incontinence'), (select id from medical_departments where slug = 'neurology')) on conflict (symptom_id, department_id) do nothing;
insert into symptom_departments (symptom_id, department_id) values ((select id from symptoms where slug = 'fecal-incontinence'), (select id from medical_departments where slug = 'rehabilitation')) on conflict (symptom_id, department_id) do nothing;
insert into symptom_guidance (symptom_id, see_doctor_soon, emergency) values ((select id from symptoms where slug = 'narrow-stool'), '糞便變細持續、合併血便或體重下降，建議檢查。', '大量血便、劇烈腹痛或無法排便排氣，請急診。') on conflict (symptom_id) do update set see_doctor_soon = excluded.see_doctor_soon, emergency = excluded.emergency;
insert into symptom_departments (symptom_id, department_id) values ((select id from symptoms where slug = 'narrow-stool'), (select id from medical_departments where slug = 'gastroenterology')) on conflict (symptom_id, department_id) do nothing;
insert into symptom_departments (symptom_id, department_id) values ((select id from symptoms where slug = 'narrow-stool'), (select id from medical_departments where slug = 'colorectal-surgery')) on conflict (symptom_id, department_id) do nothing;
insert into symptom_guidance (symptom_id, see_doctor_soon, emergency) values ((select id from symptoms where slug = 'allergic-rhinitis'), '過敏性鼻炎影響睡眠或生活，建議評估。', '合併呼吸困難或嚴重過敏反應，請急診。') on conflict (symptom_id) do update set see_doctor_soon = excluded.see_doctor_soon, emergency = excluded.emergency;
insert into symptom_departments (symptom_id, department_id) values ((select id from symptoms where slug = 'allergic-rhinitis'), (select id from medical_departments where slug = 'ent')) on conflict (symptom_id, department_id) do nothing;
insert into symptom_departments (symptom_id, department_id) values ((select id from symptoms where slug = 'allergic-rhinitis'), (select id from medical_departments where slug = 'allergy-immunology')) on conflict (symptom_id, department_id) do nothing;
insert into symptom_departments (symptom_id, department_id) values ((select id from symptoms where slug = 'allergic-rhinitis'), (select id from medical_departments where slug = 'family-medicine')) on conflict (symptom_id, department_id) do nothing;
insert into symptom_guidance (symptom_id, see_doctor_soon, emergency) values ((select id from symptoms where slug = 'food-allergy'), '疑似食物過敏反覆，建議評估過敏原。', '嘴唇舌頭腫、喉嚨緊、喘或昏厥，請急診。') on conflict (symptom_id) do update set see_doctor_soon = excluded.see_doctor_soon, emergency = excluded.emergency;
insert into symptom_departments (symptom_id, department_id) values ((select id from symptoms where slug = 'food-allergy'), (select id from medical_departments where slug = 'allergy-immunology')) on conflict (symptom_id, department_id) do nothing;
insert into symptom_departments (symptom_id, department_id) values ((select id from symptoms where slug = 'food-allergy'), (select id from medical_departments where slug = 'family-medicine')) on conflict (symptom_id, department_id) do nothing;
insert into symptom_guidance (symptom_id, see_doctor_soon, emergency) values ((select id from symptoms where slug = 'drug-allergy'), '疑似藥物過敏應停止自行再服並就醫確認。', '呼吸困難、嘴唇舌頭腫、大面積水泡或發燒，請急診。') on conflict (symptom_id) do update set see_doctor_soon = excluded.see_doctor_soon, emergency = excluded.emergency;
insert into symptom_departments (symptom_id, department_id) values ((select id from symptoms where slug = 'drug-allergy'), (select id from medical_departments where slug = 'allergy-immunology')) on conflict (symptom_id, department_id) do nothing;
insert into symptom_departments (symptom_id, department_id) values ((select id from symptoms where slug = 'drug-allergy'), (select id from medical_departments where slug = 'dermatology')) on conflict (symptom_id, department_id) do nothing;
insert into symptom_departments (symptom_id, department_id) values ((select id from symptoms where slug = 'drug-allergy'), (select id from medical_departments where slug = 'family-medicine')) on conflict (symptom_id, department_id) do nothing;
insert into symptom_guidance (symptom_id, see_doctor_soon, emergency) values ((select id from symptoms where slug = 'angioedema'), '血管性水腫應盡快評估原因。', '舌頭喉嚨腫、呼吸困難或聲音改變，請立即急診。') on conflict (symptom_id) do update set see_doctor_soon = excluded.see_doctor_soon, emergency = excluded.emergency;
insert into symptom_departments (symptom_id, department_id) values ((select id from symptoms where slug = 'angioedema'), (select id from medical_departments where slug = 'emergency-medicine')) on conflict (symptom_id, department_id) do nothing;
insert into symptom_departments (symptom_id, department_id) values ((select id from symptoms where slug = 'angioedema'), (select id from medical_departments where slug = 'allergy-immunology')) on conflict (symptom_id, department_id) do nothing;
insert into symptom_guidance (symptom_id, see_doctor_soon, emergency) values ((select id from symptoms where slug = 'chronic-hives'), '慢性蕁麻疹建議評估誘因與控制方式。', '合併喘、喉嚨緊或嘴唇舌頭腫，請急診。') on conflict (symptom_id) do update set see_doctor_soon = excluded.see_doctor_soon, emergency = excluded.emergency;
insert into symptom_departments (symptom_id, department_id) values ((select id from symptoms where slug = 'chronic-hives'), (select id from medical_departments where slug = 'allergy-immunology')) on conflict (symptom_id, department_id) do nothing;
insert into symptom_departments (symptom_id, department_id) values ((select id from symptoms where slug = 'chronic-hives'), (select id from medical_departments where slug = 'dermatology')) on conflict (symptom_id, department_id) do nothing;
insert into symptom_guidance (symptom_id, see_doctor_soon, emergency) values ((select id from symptoms where slug = 'asthma-attack'), '氣喘症狀反覆或吸入藥需求增加，建議就醫。', '喘到無法說話、嘴唇發紫或藥物無效，請急診。') on conflict (symptom_id) do update set see_doctor_soon = excluded.see_doctor_soon, emergency = excluded.emergency;
insert into symptom_departments (symptom_id, department_id) values ((select id from symptoms where slug = 'asthma-attack'), (select id from medical_departments where slug = 'pulmonology')) on conflict (symptom_id, department_id) do nothing;
insert into symptom_departments (symptom_id, department_id) values ((select id from symptoms where slug = 'asthma-attack'), (select id from medical_departments where slug = 'emergency-medicine')) on conflict (symptom_id, department_id) do nothing;
insert into symptom_guidance (symptom_id, see_doctor_soon, emergency) values ((select id from symptoms where slug = 'eye-allergy'), '眼睛過敏反覆或影響生活，建議評估。', '合併視力下降、劇烈眼痛或畏光，請急診。') on conflict (symptom_id) do update set see_doctor_soon = excluded.see_doctor_soon, emergency = excluded.emergency;
insert into symptom_departments (symptom_id, department_id) values ((select id from symptoms where slug = 'eye-allergy'), (select id from medical_departments where slug = 'ophthalmology')) on conflict (symptom_id, department_id) do nothing;
insert into symptom_departments (symptom_id, department_id) values ((select id from symptoms where slug = 'eye-allergy'), (select id from medical_departments where slug = 'allergy-immunology')) on conflict (symptom_id, department_id) do nothing;
insert into symptom_guidance (symptom_id, see_doctor_soon, emergency) values ((select id from symptoms where slug = 'contact-dermatitis'), '接觸性皮膚炎反覆或範圍擴大，建議就醫。', '大面積水泡、發燒或快速紅腫擴散，請急診。') on conflict (symptom_id) do update set see_doctor_soon = excluded.see_doctor_soon, emergency = excluded.emergency;
insert into symptom_departments (symptom_id, department_id) values ((select id from symptoms where slug = 'contact-dermatitis'), (select id from medical_departments where slug = 'dermatology')) on conflict (symptom_id, department_id) do nothing;
insert into symptom_departments (symptom_id, department_id) values ((select id from symptoms where slug = 'contact-dermatitis'), (select id from medical_departments where slug = 'allergy-immunology')) on conflict (symptom_id, department_id) do nothing;
insert into symptom_guidance (symptom_id, see_doctor_soon, emergency) values ((select id from symptoms where slug = 'difficulty-falling-asleep'), '入睡困難超過數週或影響白天功能，建議評估。', '合併自傷念頭、嚴重躁動或意識混亂，請立即求助。') on conflict (symptom_id) do update set see_doctor_soon = excluded.see_doctor_soon, emergency = excluded.emergency;
insert into symptom_departments (symptom_id, department_id) values ((select id from symptoms where slug = 'difficulty-falling-asleep'), (select id from medical_departments where slug = 'psychiatry')) on conflict (symptom_id, department_id) do nothing;
insert into symptom_departments (symptom_id, department_id) values ((select id from symptoms where slug = 'difficulty-falling-asleep'), (select id from medical_departments where slug = 'family-medicine')) on conflict (symptom_id, department_id) do nothing;
insert into symptom_guidance (symptom_id, see_doctor_soon, emergency) values ((select id from symptoms where slug = 'early-morning-awakening'), '早醒持續、合併情緒低落或疲倦，建議就醫。', '若有自傷念頭或嚴重憂鬱，請立即求助。') on conflict (symptom_id) do update set see_doctor_soon = excluded.see_doctor_soon, emergency = excluded.emergency;
insert into symptom_departments (symptom_id, department_id) values ((select id from symptoms where slug = 'early-morning-awakening'), (select id from medical_departments where slug = 'psychiatry')) on conflict (symptom_id, department_id) do nothing;
insert into symptom_departments (symptom_id, department_id) values ((select id from symptoms where slug = 'early-morning-awakening'), (select id from medical_departments where slug = 'family-medicine')) on conflict (symptom_id, department_id) do nothing;
insert into symptom_guidance (symptom_id, see_doctor_soon, emergency) values ((select id from symptoms where slug = 'frequent-night-waking'), '半夜常醒影響生活，建議評估睡眠、壓力與呼吸問題。', '夜間呼吸困難、胸痛或嚴重混亂，請急診。') on conflict (symptom_id) do update set see_doctor_soon = excluded.see_doctor_soon, emergency = excluded.emergency;
insert into symptom_departments (symptom_id, department_id) values ((select id from symptoms where slug = 'frequent-night-waking'), (select id from medical_departments where slug = 'psychiatry')) on conflict (symptom_id, department_id) do nothing;
insert into symptom_departments (symptom_id, department_id) values ((select id from symptoms where slug = 'frequent-night-waking'), (select id from medical_departments where slug = 'family-medicine')) on conflict (symptom_id, department_id) do nothing;
insert into symptom_departments (symptom_id, department_id) values ((select id from symptoms where slug = 'frequent-night-waking'), (select id from medical_departments where slug = 'pulmonology')) on conflict (symptom_id, department_id) do nothing;
insert into symptom_guidance (symptom_id, see_doctor_soon, emergency) values ((select id from symptoms where slug = 'restless-legs'), '不寧腿反覆影響睡眠，建議評估鐵質與神經因素。', '合併單側腿腫痛、胸痛或呼吸困難，請急診。') on conflict (symptom_id) do update set see_doctor_soon = excluded.see_doctor_soon, emergency = excluded.emergency;
insert into symptom_departments (symptom_id, department_id) values ((select id from symptoms where slug = 'restless-legs'), (select id from medical_departments where slug = 'neurology')) on conflict (symptom_id, department_id) do nothing;
insert into symptom_departments (symptom_id, department_id) values ((select id from symptoms where slug = 'restless-legs'), (select id from medical_departments where slug = 'family-medicine')) on conflict (symptom_id, department_id) do nothing;
insert into symptom_guidance (symptom_id, see_doctor_soon, emergency) values ((select id from symptoms where slug = 'nightmares'), '惡夢頻繁、合併焦慮創傷或失眠，建議評估。', '若有自傷念頭、失控行為或意識混亂，請立即求助。') on conflict (symptom_id) do update set see_doctor_soon = excluded.see_doctor_soon, emergency = excluded.emergency;
insert into symptom_departments (symptom_id, department_id) values ((select id from symptoms where slug = 'nightmares'), (select id from medical_departments where slug = 'psychiatry')) on conflict (symptom_id, department_id) do nothing;
insert into symptom_departments (symptom_id, department_id) values ((select id from symptoms where slug = 'nightmares'), (select id from medical_departments where slug = 'family-medicine')) on conflict (symptom_id, department_id) do nothing;
insert into symptom_guidance (symptom_id, see_doctor_soon, emergency) values ((select id from symptoms where slug = 'sleepwalking'), '夢遊反覆、造成危險或成人新發作，建議就醫。', '合併抽搐、受傷或意識異常，請急診。') on conflict (symptom_id) do update set see_doctor_soon = excluded.see_doctor_soon, emergency = excluded.emergency;
insert into symptom_departments (symptom_id, department_id) values ((select id from symptoms where slug = 'sleepwalking'), (select id from medical_departments where slug = 'neurology')) on conflict (symptom_id, department_id) do nothing;
insert into symptom_departments (symptom_id, department_id) values ((select id from symptoms where slug = 'sleepwalking'), (select id from medical_departments where slug = 'psychiatry')) on conflict (symptom_id, department_id) do nothing;
insert into symptom_departments (symptom_id, department_id) values ((select id from symptoms where slug = 'sleepwalking'), (select id from medical_departments where slug = 'family-medicine')) on conflict (symptom_id, department_id) do nothing;
insert into symptom_guidance (symptom_id, see_doctor_soon, emergency) values ((select id from symptoms where slug = 'shift-work-sleep'), '輪班造成睡眠障礙或影響安全，建議評估。', '嚴重嗜睡造成危險、意識改變，請急診。') on conflict (symptom_id) do update set see_doctor_soon = excluded.see_doctor_soon, emergency = excluded.emergency;
insert into symptom_departments (symptom_id, department_id) values ((select id from symptoms where slug = 'shift-work-sleep'), (select id from medical_departments where slug = 'psychiatry')) on conflict (symptom_id, department_id) do nothing;
insert into symptom_departments (symptom_id, department_id) values ((select id from symptoms where slug = 'shift-work-sleep'), (select id from medical_departments where slug = 'family-medicine')) on conflict (symptom_id, department_id) do nothing;
insert into symptom_guidance (symptom_id, see_doctor_soon, emergency) values ((select id from symptoms where slug = 'teeth-grinding-sleep'), '磨牙造成牙痛、下巴痛或牙齒磨耗，建議就醫。', '下巴卡住無法閉合或外傷疼痛，請急診。') on conflict (symptom_id) do update set see_doctor_soon = excluded.see_doctor_soon, emergency = excluded.emergency;
insert into symptom_departments (symptom_id, department_id) values ((select id from symptoms where slug = 'teeth-grinding-sleep'), (select id from medical_departments where slug = 'dentistry')) on conflict (symptom_id, department_id) do nothing;
insert into symptom_departments (symptom_id, department_id) values ((select id from symptoms where slug = 'teeth-grinding-sleep'), (select id from medical_departments where slug = 'psychiatry')) on conflict (symptom_id, department_id) do nothing;
insert into symptom_guidance (symptom_id, see_doctor_soon, emergency) values ((select id from symptoms where slug = 'testicular-pain'), '睪丸疼痛應盡快泌尿科評估。', '突然劇烈睪丸痛、噁心嘔吐或陰囊上提，請立即急診。') on conflict (symptom_id) do update set see_doctor_soon = excluded.see_doctor_soon, emergency = excluded.emergency;
insert into symptom_departments (symptom_id, department_id) values ((select id from symptoms where slug = 'testicular-pain'), (select id from medical_departments where slug = 'urology')) on conflict (symptom_id, department_id) do nothing;
insert into symptom_departments (symptom_id, department_id) values ((select id from symptoms where slug = 'testicular-pain'), (select id from medical_departments where slug = 'emergency-medicine')) on conflict (symptom_id, department_id) do nothing;
insert into symptom_guidance (symptom_id, see_doctor_soon, emergency) values ((select id from symptoms where slug = 'erectile-dysfunction'), '勃起功能障礙持續或影響生活，建議評估心血管與荷爾蒙。', '若合併胸痛、心血管急症症狀，請急診。') on conflict (symptom_id) do update set see_doctor_soon = excluded.see_doctor_soon, emergency = excluded.emergency;
insert into symptom_departments (symptom_id, department_id) values ((select id from symptoms where slug = 'erectile-dysfunction'), (select id from medical_departments where slug = 'urology')) on conflict (symptom_id, department_id) do nothing;
insert into symptom_departments (symptom_id, department_id) values ((select id from symptoms where slug = 'erectile-dysfunction'), (select id from medical_departments where slug = 'family-medicine')) on conflict (symptom_id, department_id) do nothing;
insert into symptom_guidance (symptom_id, see_doctor_soon, emergency) values ((select id from symptoms where slug = 'penile-discharge'), '尿道分泌物或尿痛，建議就醫檢查感染。', '合併發燒、陰囊劇痛或無法排尿，請急診。') on conflict (symptom_id) do update set see_doctor_soon = excluded.see_doctor_soon, emergency = excluded.emergency;
insert into symptom_departments (symptom_id, department_id) values ((select id from symptoms where slug = 'penile-discharge'), (select id from medical_departments where slug = 'urology')) on conflict (symptom_id, department_id) do nothing;
insert into symptom_departments (symptom_id, department_id) values ((select id from symptoms where slug = 'penile-discharge'), (select id from medical_departments where slug = 'infectious-disease')) on conflict (symptom_id, department_id) do nothing;
insert into symptom_guidance (symptom_id, see_doctor_soon, emergency) values ((select id from symptoms where slug = 'prostate-symptoms'), '攝護腺相關排尿症狀持續，建議泌尿科評估。', '完全尿不出來、發燒或下腹劇痛，請急診。') on conflict (symptom_id) do update set see_doctor_soon = excluded.see_doctor_soon, emergency = excluded.emergency;
insert into symptom_departments (symptom_id, department_id) values ((select id from symptoms where slug = 'prostate-symptoms'), (select id from medical_departments where slug = 'urology')) on conflict (symptom_id, department_id) do nothing;
insert into symptom_guidance (symptom_id, see_doctor_soon, emergency) values ((select id from symptoms where slug = 'scrotal-swelling'), '陰囊腫脹持續或疼痛，建議就醫。', '突然劇痛、發燒、外傷或睪丸扭轉疑慮，請急診。') on conflict (symptom_id) do update set see_doctor_soon = excluded.see_doctor_soon, emergency = excluded.emergency;
insert into symptom_departments (symptom_id, department_id) values ((select id from symptoms where slug = 'scrotal-swelling'), (select id from medical_departments where slug = 'urology')) on conflict (symptom_id, department_id) do nothing;
insert into symptom_guidance (symptom_id, see_doctor_soon, emergency) values ((select id from symptoms where slug = 'male-infertility-concern'), '備孕一年未孕或有相關病史，建議評估。', '急性睪丸疼痛或感染症狀，請急診。') on conflict (symptom_id) do update set see_doctor_soon = excluded.see_doctor_soon, emergency = excluded.emergency;
insert into symptom_departments (symptom_id, department_id) values ((select id from symptoms where slug = 'male-infertility-concern'), (select id from medical_departments where slug = 'urology')) on conflict (symptom_id, department_id) do nothing;
insert into symptom_departments (symptom_id, department_id) values ((select id from symptoms where slug = 'male-infertility-concern'), (select id from medical_departments where slug = 'family-medicine')) on conflict (symptom_id, department_id) do nothing;
insert into symptom_guidance (symptom_id, see_doctor_soon, emergency) values ((select id from symptoms where slug = 'premature-ejaculation'), '早洩持續造成困擾，建議泌尿科或身心科評估。', '若合併急性疼痛、感染或血尿，請就醫。') on conflict (symptom_id) do update set see_doctor_soon = excluded.see_doctor_soon, emergency = excluded.emergency;
insert into symptom_departments (symptom_id, department_id) values ((select id from symptoms where slug = 'premature-ejaculation'), (select id from medical_departments where slug = 'urology')) on conflict (symptom_id, department_id) do nothing;
insert into symptom_departments (symptom_id, department_id) values ((select id from symptoms where slug = 'premature-ejaculation'), (select id from medical_departments where slug = 'psychiatry')) on conflict (symptom_id, department_id) do nothing;
insert into symptom_guidance (symptom_id, see_doctor_soon, emergency) values ((select id from symptoms where slug = 'blood-in-semen'), '精液帶血若反覆或合併疼痛，建議泌尿科檢查。', '合併發燒、血尿、劇痛或無法排尿，請急診。') on conflict (symptom_id) do update set see_doctor_soon = excluded.see_doctor_soon, emergency = excluded.emergency;
insert into symptom_departments (symptom_id, department_id) values ((select id from symptoms where slug = 'blood-in-semen'), (select id from medical_departments where slug = 'urology')) on conflict (symptom_id, department_id) do nothing;
insert into symptom_guidance (symptom_id, see_doctor_soon, emergency) values ((select id from symptoms where slug = 'loss-of-appetite-nutrition'), '胃口變差持續超過一到兩週或體重下降，建議就醫。', '嚴重脫水、意識改變、劇烈腹痛或吐血黑便，請急診。') on conflict (symptom_id) do update set see_doctor_soon = excluded.see_doctor_soon, emergency = excluded.emergency;
insert into symptom_departments (symptom_id, department_id) values ((select id from symptoms where slug = 'loss-of-appetite-nutrition'), (select id from medical_departments where slug = 'family-medicine')) on conflict (symptom_id, department_id) do nothing;
insert into symptom_departments (symptom_id, department_id) values ((select id from symptoms where slug = 'loss-of-appetite-nutrition'), (select id from medical_departments where slug = 'gastroenterology')) on conflict (symptom_id, department_id) do nothing;
insert into symptom_guidance (symptom_id, see_doctor_soon, emergency) values ((select id from symptoms where slug = 'unintentional-weight-gain'), '不明體重增加合併疲倦、水腫或怕冷，建議就醫。', '呼吸困難、胸痛或水腫快速惡化，請急診。') on conflict (symptom_id) do update set see_doctor_soon = excluded.see_doctor_soon, emergency = excluded.emergency;
insert into symptom_departments (symptom_id, department_id) values ((select id from symptoms where slug = 'unintentional-weight-gain'), (select id from medical_departments where slug = 'family-medicine')) on conflict (symptom_id, department_id) do nothing;
insert into symptom_departments (symptom_id, department_id) values ((select id from symptoms where slug = 'unintentional-weight-gain'), (select id from medical_departments where slug = 'endocrinology-metabolism')) on conflict (symptom_id, department_id) do nothing;
insert into symptom_guidance (symptom_id, see_doctor_soon, emergency) values ((select id from symptoms where slug = 'unintentional-weight-loss-nutrition'), '不明體重下降明顯或持續，建議檢查。', '嚴重虛弱、脫水、吐血黑便或呼吸困難，請急診。') on conflict (symptom_id) do update set see_doctor_soon = excluded.see_doctor_soon, emergency = excluded.emergency;
insert into symptom_departments (symptom_id, department_id) values ((select id from symptoms where slug = 'unintentional-weight-loss-nutrition'), (select id from medical_departments where slug = 'family-medicine')) on conflict (symptom_id, department_id) do nothing;
insert into symptom_departments (symptom_id, department_id) values ((select id from symptoms where slug = 'unintentional-weight-loss-nutrition'), (select id from medical_departments where slug = 'gastroenterology')) on conflict (symptom_id, department_id) do nothing;
insert into symptom_departments (symptom_id, department_id) values ((select id from symptoms where slug = 'unintentional-weight-loss-nutrition'), (select id from medical_departments where slug = 'hematology-oncology')) on conflict (symptom_id, department_id) do nothing;
insert into symptom_guidance (symptom_id, see_doctor_soon, emergency) values ((select id from symptoms where slug = 'dehydration-suspected'), '疑似脫水且無法補水或持續嘔吐腹瀉，建議就醫。', '意識改變、昏厥、尿量極少或嚴重虛弱，請急診。') on conflict (symptom_id) do update set see_doctor_soon = excluded.see_doctor_soon, emergency = excluded.emergency;
insert into symptom_departments (symptom_id, department_id) values ((select id from symptoms where slug = 'dehydration-suspected'), (select id from medical_departments where slug = 'family-medicine')) on conflict (symptom_id, department_id) do nothing;
insert into symptom_departments (symptom_id, department_id) values ((select id from symptoms where slug = 'dehydration-suspected'), (select id from medical_departments where slug = 'emergency-medicine')) on conflict (symptom_id, department_id) do nothing;
insert into symptom_guidance (symptom_id, see_doctor_soon, emergency) values ((select id from symptoms where slug = 'vitamin-deficiency-suspected'), '疑似營養缺乏持續，建議抽血與飲食評估。', '嚴重虛弱、神經症狀快速惡化或意識改變，請急診。') on conflict (symptom_id) do update set see_doctor_soon = excluded.see_doctor_soon, emergency = excluded.emergency;
insert into symptom_departments (symptom_id, department_id) values ((select id from symptoms where slug = 'vitamin-deficiency-suspected'), (select id from medical_departments where slug = 'family-medicine')) on conflict (symptom_id, department_id) do nothing;
insert into symptom_departments (symptom_id, department_id) values ((select id from symptoms where slug = 'vitamin-deficiency-suspected'), (select id from medical_departments where slug = '營養醫學科')) on conflict (symptom_id, department_id) do nothing;
insert into symptom_guidance (symptom_id, see_doctor_soon, emergency) values ((select id from symptoms where slug = 'binge-eating'), '暴食反覆、影響情緒或體重，建議身心科評估。', '若有自傷念頭、嚴重嘔吐或電解質症狀，請急診。') on conflict (symptom_id) do update set see_doctor_soon = excluded.see_doctor_soon, emergency = excluded.emergency;
insert into symptom_departments (symptom_id, department_id) values ((select id from symptoms where slug = 'binge-eating'), (select id from medical_departments where slug = 'psychiatry')) on conflict (symptom_id, department_id) do nothing;
insert into symptom_departments (symptom_id, department_id) values ((select id from symptoms where slug = 'binge-eating'), (select id from medical_departments where slug = 'family-medicine')) on conflict (symptom_id, department_id) do nothing;
insert into symptom_departments (symptom_id, department_id) values ((select id from symptoms where slug = 'binge-eating'), (select id from medical_departments where slug = '營養醫學科')) on conflict (symptom_id, department_id) do nothing;
insert into symptom_guidance (symptom_id, see_doctor_soon, emergency) values ((select id from symptoms where slug = 'eating-too-little'), '吃太少、體重下降或月經停止，建議就醫。', '昏厥、心悸、嚴重虛弱或意識改變，請急診。') on conflict (symptom_id) do update set see_doctor_soon = excluded.see_doctor_soon, emergency = excluded.emergency;
insert into symptom_departments (symptom_id, department_id) values ((select id from symptoms where slug = 'eating-too-little'), (select id from medical_departments where slug = 'psychiatry')) on conflict (symptom_id, department_id) do nothing;
insert into symptom_departments (symptom_id, department_id) values ((select id from symptoms where slug = 'eating-too-little'), (select id from medical_departments where slug = 'family-medicine')) on conflict (symptom_id, department_id) do nothing;
insert into symptom_departments (symptom_id, department_id) values ((select id from symptoms where slug = 'eating-too-little'), (select id from medical_departments where slug = '營養醫學科')) on conflict (symptom_id, department_id) do nothing;
insert into symptom_guidance (symptom_id, see_doctor_soon, emergency) values ((select id from symptoms where slug = 'salt-craving'), '特別想吃鹹合併疲倦、低血壓或體重變化，建議評估。', '嚴重虛弱、昏厥或意識改變，請急診。') on conflict (symptom_id) do update set see_doctor_soon = excluded.see_doctor_soon, emergency = excluded.emergency;
insert into symptom_departments (symptom_id, department_id) values ((select id from symptoms where slug = 'salt-craving'), (select id from medical_departments where slug = 'family-medicine')) on conflict (symptom_id, department_id) do nothing;
insert into symptom_departments (symptom_id, department_id) values ((select id from symptoms where slug = 'salt-craving'), (select id from medical_departments where slug = 'endocrinology-metabolism')) on conflict (symptom_id, department_id) do nothing;

insert into red_flags (slug, description) values ('altered-consciousness', '意識改變、混亂或反應明顯變慢') on conflict (slug) do update set description = excluded.description;
insert into red_flags (slug, description) values ('shortness-of-breath', '呼吸困難、喘到無法說完整句子或嘴唇發紫') on conflict (slug) do update set description = excluded.description;
insert into red_flags (slug, description) values ('one-sided-weakness', '單側無力、臉歪、說話不清或疑似中風症狀') on conflict (slug) do update set description = excluded.description;
insert into red_flags (slug, description) values ('severe-chest-pain', '壓迫性胸痛、冒冷汗、疼痛延伸到左臂或下巴') on conflict (slug) do update set description = excluded.description;
insert into red_flags (slug, description) values ('severe-headache', '突然劇烈頭痛或此生最嚴重頭痛') on conflict (slug) do update set description = excluded.description;
insert into red_flags (slug, description) values ('high-fever', '高燒不退、發燒合併劇痛或嚴重感染跡象') on conflict (slug) do update set description = excluded.description;
insert into red_flags (slug, description) values ('major-bleeding', '大量出血、吐血、黑便、血尿量多或出血不止') on conflict (slug) do update set description = excluded.description;
insert into red_flags (slug, description) values ('severe-abdominal-pain', '劇烈腹痛、腹部變硬或持續嘔吐') on conflict (slug) do update set description = excluded.description;
insert into red_flags (slug, description) values ('vision-loss', '突然視力喪失、視野缺損或劇烈眼痛') on conflict (slug) do update set description = excluded.description;
insert into red_flags (slug, description) values ('urine-retention', '完全尿不出來或尿滯留合併疼痛') on conflict (slug) do update set description = excluded.description;
insert into red_flags (slug, description) values ('seizure', '抽搐超過五分鐘、連續發作或首次抽搐') on conflict (slug) do update set description = excluded.description;
insert into red_flags (slug, description) values ('major-trauma', '重大外傷、疑似骨折、變形或無法承重') on conflict (slug) do update set description = excluded.description;
insert into red_flags (slug, description) values ('severe-allergy', '嘴唇舌頭腫、喉嚨緊、喘或嚴重過敏反應') on conflict (slug) do update set description = excluded.description;
insert into red_flags (slug, description) values ('rapid-swelling', '快速腫大、紅腫熱痛擴散或疑似深部感染') on conflict (slug) do update set description = excluded.description;

insert into symptom_red_flags (symptom_id, red_flag_id) values ((select id from symptoms where slug = 'headache'), (select id from red_flags where slug = 'altered-consciousness')) on conflict (symptom_id, red_flag_id) do nothing;
insert into symptom_red_flags (symptom_id, red_flag_id) values ((select id from symptoms where slug = 'headache'), (select id from red_flags where slug = 'one-sided-weakness')) on conflict (symptom_id, red_flag_id) do nothing;
insert into symptom_red_flags (symptom_id, red_flag_id) values ((select id from symptoms where slug = 'headache'), (select id from red_flags where slug = 'severe-headache')) on conflict (symptom_id, red_flag_id) do nothing;
insert into symptom_red_flags (symptom_id, red_flag_id) values ((select id from symptoms where slug = 'headache'), (select id from red_flags where slug = 'high-fever')) on conflict (symptom_id, red_flag_id) do nothing;
insert into symptom_red_flags (symptom_id, red_flag_id) values ((select id from symptoms where slug = 'dizziness'), (select id from red_flags where slug = 'altered-consciousness')) on conflict (symptom_id, red_flag_id) do nothing;
insert into symptom_red_flags (symptom_id, red_flag_id) values ((select id from symptoms where slug = 'dizziness'), (select id from red_flags where slug = 'one-sided-weakness')) on conflict (symptom_id, red_flag_id) do nothing;
insert into symptom_red_flags (symptom_id, red_flag_id) values ((select id from symptoms where slug = 'dizziness'), (select id from red_flags where slug = 'severe-chest-pain')) on conflict (symptom_id, red_flag_id) do nothing;
insert into symptom_red_flags (symptom_id, red_flag_id) values ((select id from symptoms where slug = 'migraine'), (select id from red_flags where slug = 'severe-headache')) on conflict (symptom_id, red_flag_id) do nothing;
insert into symptom_red_flags (symptom_id, red_flag_id) values ((select id from symptoms where slug = 'migraine'), (select id from red_flags where slug = 'major-trauma')) on conflict (symptom_id, red_flag_id) do nothing;
insert into symptom_red_flags (symptom_id, red_flag_id) values ((select id from symptoms where slug = 'brain-fog'), (select id from red_flags where slug = 'altered-consciousness')) on conflict (symptom_id, red_flag_id) do nothing;
insert into symptom_red_flags (symptom_id, red_flag_id) values ((select id from symptoms where slug = 'brain-fog'), (select id from red_flags where slug = 'one-sided-weakness')) on conflict (symptom_id, red_flag_id) do nothing;
insert into symptom_red_flags (symptom_id, red_flag_id) values ((select id from symptoms where slug = 'scalp-pain'), (select id from red_flags where slug = 'severe-headache')) on conflict (symptom_id, red_flag_id) do nothing;
insert into symptom_red_flags (symptom_id, red_flag_id) values ((select id from symptoms where slug = 'scalp-pain'), (select id from red_flags where slug = 'high-fever')) on conflict (symptom_id, red_flag_id) do nothing;
insert into symptom_red_flags (symptom_id, red_flag_id) values ((select id from symptoms where slug = 'scalp-pain'), (select id from red_flags where slug = 'major-trauma')) on conflict (symptom_id, red_flag_id) do nothing;
insert into symptom_red_flags (symptom_id, red_flag_id) values ((select id from symptoms where slug = 'red-eye'), (select id from red_flags where slug = 'vision-loss')) on conflict (symptom_id, red_flag_id) do nothing;
insert into symptom_red_flags (symptom_id, red_flag_id) values ((select id from symptoms where slug = 'red-eye'), (select id from red_flags where slug = 'major-trauma')) on conflict (symptom_id, red_flag_id) do nothing;
insert into symptom_red_flags (symptom_id, red_flag_id) values ((select id from symptoms where slug = 'eye-pain'), (select id from red_flags where slug = 'vision-loss')) on conflict (symptom_id, red_flag_id) do nothing;
insert into symptom_red_flags (symptom_id, red_flag_id) values ((select id from symptoms where slug = 'blurred-vision'), (select id from red_flags where slug = 'vision-loss')) on conflict (symptom_id, red_flag_id) do nothing;
insert into symptom_red_flags (symptom_id, red_flag_id) values ((select id from symptoms where slug = 'dry-eyes'), (select id from red_flags where slug = 'vision-loss')) on conflict (symptom_id, red_flag_id) do nothing;
insert into symptom_red_flags (symptom_id, red_flag_id) values ((select id from symptoms where slug = 'floaters'), (select id from red_flags where slug = 'vision-loss')) on conflict (symptom_id, red_flag_id) do nothing;
insert into symptom_red_flags (symptom_id, red_flag_id) values ((select id from symptoms where slug = 'ear-pain'), (select id from red_flags where slug = 'one-sided-weakness')) on conflict (symptom_id, red_flag_id) do nothing;
insert into symptom_red_flags (symptom_id, red_flag_id) values ((select id from symptoms where slug = 'ear-pain'), (select id from red_flags where slug = 'severe-headache')) on conflict (symptom_id, red_flag_id) do nothing;
insert into symptom_red_flags (symptom_id, red_flag_id) values ((select id from symptoms where slug = 'ear-pain'), (select id from red_flags where slug = 'high-fever')) on conflict (symptom_id, red_flag_id) do nothing;
insert into symptom_red_flags (symptom_id, red_flag_id) values ((select id from symptoms where slug = 'hearing-loss'), (select id from red_flags where slug = 'one-sided-weakness')) on conflict (symptom_id, red_flag_id) do nothing;
insert into symptom_red_flags (symptom_id, red_flag_id) values ((select id from symptoms where slug = 'vertigo'), (select id from red_flags where slug = 'altered-consciousness')) on conflict (symptom_id, red_flag_id) do nothing;
insert into symptom_red_flags (symptom_id, red_flag_id) values ((select id from symptoms where slug = 'vertigo'), (select id from red_flags where slug = 'one-sided-weakness')) on conflict (symptom_id, red_flag_id) do nothing;
insert into symptom_red_flags (symptom_id, red_flag_id) values ((select id from symptoms where slug = 'vertigo'), (select id from red_flags where slug = 'severe-chest-pain')) on conflict (symptom_id, red_flag_id) do nothing;
insert into symptom_red_flags (symptom_id, red_flag_id) values ((select id from symptoms where slug = 'nasal-congestion'), (select id from red_flags where slug = 'altered-consciousness')) on conflict (symptom_id, red_flag_id) do nothing;
insert into symptom_red_flags (symptom_id, red_flag_id) values ((select id from symptoms where slug = 'nasal-congestion'), (select id from red_flags where slug = 'high-fever')) on conflict (symptom_id, red_flag_id) do nothing;
insert into symptom_red_flags (symptom_id, red_flag_id) values ((select id from symptoms where slug = 'runny-nose'), (select id from red_flags where slug = 'major-trauma')) on conflict (symptom_id, red_flag_id) do nothing;
insert into symptom_red_flags (symptom_id, red_flag_id) values ((select id from symptoms where slug = 'nosebleed'), (select id from red_flags where slug = 'major-bleeding')) on conflict (symptom_id, red_flag_id) do nothing;
insert into symptom_red_flags (symptom_id, red_flag_id) values ((select id from symptoms where slug = 'sinus-pain'), (select id from red_flags where slug = 'severe-headache')) on conflict (symptom_id, red_flag_id) do nothing;
insert into symptom_red_flags (symptom_id, red_flag_id) values ((select id from symptoms where slug = 'sinus-pain'), (select id from red_flags where slug = 'high-fever')) on conflict (symptom_id, red_flag_id) do nothing;
insert into symptom_red_flags (symptom_id, red_flag_id) values ((select id from symptoms where slug = 'sinus-pain'), (select id from red_flags where slug = 'vision-loss')) on conflict (symptom_id, red_flag_id) do nothing;
insert into symptom_red_flags (symptom_id, red_flag_id) values ((select id from symptoms where slug = 'smell-loss'), (select id from red_flags where slug = 'major-trauma')) on conflict (symptom_id, red_flag_id) do nothing;
insert into symptom_red_flags (symptom_id, red_flag_id) values ((select id from symptoms where slug = 'sore-throat'), (select id from red_flags where slug = 'shortness-of-breath')) on conflict (symptom_id, red_flag_id) do nothing;
insert into symptom_red_flags (symptom_id, red_flag_id) values ((select id from symptoms where slug = 'difficulty-swallowing'), (select id from red_flags where slug = 'shortness-of-breath')) on conflict (symptom_id, red_flag_id) do nothing;
insert into symptom_red_flags (symptom_id, red_flag_id) values ((select id from symptoms where slug = 'hoarseness'), (select id from red_flags where slug = 'shortness-of-breath')) on conflict (symptom_id, red_flag_id) do nothing;
insert into symptom_red_flags (symptom_id, red_flag_id) values ((select id from symptoms where slug = 'hoarseness'), (select id from red_flags where slug = 'rapid-swelling')) on conflict (symptom_id, red_flag_id) do nothing;
insert into symptom_red_flags (symptom_id, red_flag_id) values ((select id from symptoms where slug = 'throat-lump'), (select id from red_flags where slug = 'shortness-of-breath')) on conflict (symptom_id, red_flag_id) do nothing;
insert into symptom_red_flags (symptom_id, red_flag_id) values ((select id from symptoms where slug = 'throat-lump'), (select id from red_flags where slug = 'rapid-swelling')) on conflict (symptom_id, red_flag_id) do nothing;
insert into symptom_red_flags (symptom_id, red_flag_id) values ((select id from symptoms where slug = 'chronic-cough'), (select id from red_flags where slug = 'shortness-of-breath')) on conflict (symptom_id, red_flag_id) do nothing;
insert into symptom_red_flags (symptom_id, red_flag_id) values ((select id from symptoms where slug = 'chronic-cough'), (select id from red_flags where slug = 'severe-chest-pain')) on conflict (symptom_id, red_flag_id) do nothing;
insert into symptom_red_flags (symptom_id, red_flag_id) values ((select id from symptoms where slug = 'chronic-cough'), (select id from red_flags where slug = 'high-fever')) on conflict (symptom_id, red_flag_id) do nothing;
insert into symptom_red_flags (symptom_id, red_flag_id) values ((select id from symptoms where slug = 'chronic-cough'), (select id from red_flags where slug = 'major-bleeding')) on conflict (symptom_id, red_flag_id) do nothing;
insert into symptom_red_flags (symptom_id, red_flag_id) values ((select id from symptoms where slug = 'chest-pain'), (select id from red_flags where slug = 'shortness-of-breath')) on conflict (symptom_id, red_flag_id) do nothing;
insert into symptom_red_flags (symptom_id, red_flag_id) values ((select id from symptoms where slug = 'chest-pain'), (select id from red_flags where slug = 'severe-chest-pain')) on conflict (symptom_id, red_flag_id) do nothing;
insert into symptom_red_flags (symptom_id, red_flag_id) values ((select id from symptoms where slug = 'chest-tightness'), (select id from red_flags where slug = 'shortness-of-breath')) on conflict (symptom_id, red_flag_id) do nothing;
insert into symptom_red_flags (symptom_id, red_flag_id) values ((select id from symptoms where slug = 'chest-tightness'), (select id from red_flags where slug = 'severe-chest-pain')) on conflict (symptom_id, red_flag_id) do nothing;
insert into symptom_red_flags (symptom_id, red_flag_id) values ((select id from symptoms where slug = 'palpitations'), (select id from red_flags where slug = 'shortness-of-breath')) on conflict (symptom_id, red_flag_id) do nothing;
insert into symptom_red_flags (symptom_id, red_flag_id) values ((select id from symptoms where slug = 'palpitations'), (select id from red_flags where slug = 'severe-chest-pain')) on conflict (symptom_id, red_flag_id) do nothing;
insert into symptom_red_flags (symptom_id, red_flag_id) values ((select id from symptoms where slug = 'shortness-of-breath'), (select id from red_flags where slug = 'altered-consciousness')) on conflict (symptom_id, red_flag_id) do nothing;
insert into symptom_red_flags (symptom_id, red_flag_id) values ((select id from symptoms where slug = 'shortness-of-breath'), (select id from red_flags where slug = 'shortness-of-breath')) on conflict (symptom_id, red_flag_id) do nothing;
insert into symptom_red_flags (symptom_id, red_flag_id) values ((select id from symptoms where slug = 'shortness-of-breath'), (select id from red_flags where slug = 'severe-chest-pain')) on conflict (symptom_id, red_flag_id) do nothing;
insert into symptom_red_flags (symptom_id, red_flag_id) values ((select id from symptoms where slug = 'shortness-of-breath'), (select id from red_flags where slug = 'severe-allergy')) on conflict (symptom_id, red_flag_id) do nothing;
insert into symptom_red_flags (symptom_id, red_flag_id) values ((select id from symptoms where slug = 'cough'), (select id from red_flags where slug = 'shortness-of-breath')) on conflict (symptom_id, red_flag_id) do nothing;
insert into symptom_red_flags (symptom_id, red_flag_id) values ((select id from symptoms where slug = 'cough'), (select id from red_flags where slug = 'severe-chest-pain')) on conflict (symptom_id, red_flag_id) do nothing;
insert into symptom_red_flags (symptom_id, red_flag_id) values ((select id from symptoms where slug = 'cough'), (select id from red_flags where slug = 'high-fever')) on conflict (symptom_id, red_flag_id) do nothing;
insert into symptom_red_flags (symptom_id, red_flag_id) values ((select id from symptoms where slug = 'cough'), (select id from red_flags where slug = 'major-bleeding')) on conflict (symptom_id, red_flag_id) do nothing;
insert into symptom_red_flags (symptom_id, red_flag_id) values ((select id from symptoms where slug = 'stomach-pain'), (select id from red_flags where slug = 'severe-chest-pain')) on conflict (symptom_id, red_flag_id) do nothing;
insert into symptom_red_flags (symptom_id, red_flag_id) values ((select id from symptoms where slug = 'stomach-pain'), (select id from red_flags where slug = 'major-bleeding')) on conflict (symptom_id, red_flag_id) do nothing;
insert into symptom_red_flags (symptom_id, red_flag_id) values ((select id from symptoms where slug = 'stomach-pain'), (select id from red_flags where slug = 'severe-abdominal-pain')) on conflict (symptom_id, red_flag_id) do nothing;
insert into symptom_red_flags (symptom_id, red_flag_id) values ((select id from symptoms where slug = 'bloating'), (select id from red_flags where slug = 'severe-abdominal-pain')) on conflict (symptom_id, red_flag_id) do nothing;
insert into symptom_red_flags (symptom_id, red_flag_id) values ((select id from symptoms where slug = 'diarrhea'), (select id from red_flags where slug = 'altered-consciousness')) on conflict (symptom_id, red_flag_id) do nothing;
insert into symptom_red_flags (symptom_id, red_flag_id) values ((select id from symptoms where slug = 'diarrhea'), (select id from red_flags where slug = 'high-fever')) on conflict (symptom_id, red_flag_id) do nothing;
insert into symptom_red_flags (symptom_id, red_flag_id) values ((select id from symptoms where slug = 'diarrhea'), (select id from red_flags where slug = 'major-bleeding')) on conflict (symptom_id, red_flag_id) do nothing;
insert into symptom_red_flags (symptom_id, red_flag_id) values ((select id from symptoms where slug = 'constipation'), (select id from red_flags where slug = 'severe-abdominal-pain')) on conflict (symptom_id, red_flag_id) do nothing;
insert into symptom_red_flags (symptom_id, red_flag_id) values ((select id from symptoms where slug = 'nausea-vomiting'), (select id from red_flags where slug = 'major-bleeding')) on conflict (symptom_id, red_flag_id) do nothing;
insert into symptom_red_flags (symptom_id, red_flag_id) values ((select id from symptoms where slug = 'nausea-vomiting'), (select id from red_flags where slug = 'severe-abdominal-pain')) on conflict (symptom_id, red_flag_id) do nothing;
insert into symptom_red_flags (symptom_id, red_flag_id) values ((select id from symptoms where slug = 'nausea-vomiting'), (select id from red_flags where slug = 'major-trauma')) on conflict (symptom_id, red_flag_id) do nothing;
insert into symptom_red_flags (symptom_id, red_flag_id) values ((select id from symptoms where slug = 'lower-back-pain'), (select id from red_flags where slug = 'one-sided-weakness')) on conflict (symptom_id, red_flag_id) do nothing;
insert into symptom_red_flags (symptom_id, red_flag_id) values ((select id from symptoms where slug = 'lower-back-pain'), (select id from red_flags where slug = 'major-trauma')) on conflict (symptom_id, red_flag_id) do nothing;
insert into symptom_red_flags (symptom_id, red_flag_id) values ((select id from symptoms where slug = 'upper-back-pain'), (select id from red_flags where slug = 'shortness-of-breath')) on conflict (symptom_id, red_flag_id) do nothing;
insert into symptom_red_flags (symptom_id, red_flag_id) values ((select id from symptoms where slug = 'upper-back-pain'), (select id from red_flags where slug = 'severe-chest-pain')) on conflict (symptom_id, red_flag_id) do nothing;
insert into symptom_red_flags (symptom_id, red_flag_id) values ((select id from symptoms where slug = 'upper-back-pain'), (select id from red_flags where slug = 'high-fever')) on conflict (symptom_id, red_flag_id) do nothing;
insert into symptom_red_flags (symptom_id, red_flag_id) values ((select id from symptoms where slug = 'upper-back-pain'), (select id from red_flags where slug = 'major-trauma')) on conflict (symptom_id, red_flag_id) do nothing;
insert into symptom_red_flags (symptom_id, red_flag_id) values ((select id from symptoms where slug = 'shoulder-blade-pain'), (select id from red_flags where slug = 'shortness-of-breath')) on conflict (symptom_id, red_flag_id) do nothing;
insert into symptom_red_flags (symptom_id, red_flag_id) values ((select id from symptoms where slug = 'shoulder-blade-pain'), (select id from red_flags where slug = 'severe-chest-pain')) on conflict (symptom_id, red_flag_id) do nothing;
insert into symptom_red_flags (symptom_id, red_flag_id) values ((select id from symptoms where slug = 'shoulder-blade-pain'), (select id from red_flags where slug = 'major-trauma')) on conflict (symptom_id, red_flag_id) do nothing;
insert into symptom_red_flags (symptom_id, red_flag_id) values ((select id from symptoms where slug = 'back-stiffness'), (select id from red_flags where slug = 'high-fever')) on conflict (symptom_id, red_flag_id) do nothing;
insert into symptom_red_flags (symptom_id, red_flag_id) values ((select id from symptoms where slug = 'back-stiffness'), (select id from red_flags where slug = 'major-trauma')) on conflict (symptom_id, red_flag_id) do nothing;
insert into symptom_red_flags (symptom_id, red_flag_id) values ((select id from symptoms where slug = 'back-pain-numbness'), (select id from red_flags where slug = 'one-sided-weakness')) on conflict (symptom_id, red_flag_id) do nothing;
insert into symptom_red_flags (symptom_id, red_flag_id) values ((select id from symptoms where slug = 'knee-pain'), (select id from red_flags where slug = 'major-trauma')) on conflict (symptom_id, red_flag_id) do nothing;
insert into symptom_red_flags (symptom_id, red_flag_id) values ((select id from symptoms where slug = 'wrist-pain'), (select id from red_flags where slug = 'major-trauma')) on conflict (symptom_id, red_flag_id) do nothing;
insert into symptom_red_flags (symptom_id, red_flag_id) values ((select id from symptoms where slug = 'ankle-pain'), (select id from red_flags where slug = 'major-trauma')) on conflict (symptom_id, red_flag_id) do nothing;
insert into symptom_red_flags (symptom_id, red_flag_id) values ((select id from symptoms where slug = 'ankle-pain'), (select id from red_flags where slug = 'rapid-swelling')) on conflict (symptom_id, red_flag_id) do nothing;
insert into symptom_red_flags (symptom_id, red_flag_id) values ((select id from symptoms where slug = 'joint-swelling'), (select id from red_flags where slug = 'high-fever')) on conflict (symptom_id, red_flag_id) do nothing;
insert into symptom_red_flags (symptom_id, red_flag_id) values ((select id from symptoms where slug = 'joint-swelling'), (select id from red_flags where slug = 'major-trauma')) on conflict (symptom_id, red_flag_id) do nothing;
insert into symptom_red_flags (symptom_id, red_flag_id) values ((select id from symptoms where slug = 'joint-clicking'), (select id from red_flags where slug = 'major-trauma')) on conflict (symptom_id, red_flag_id) do nothing;
insert into symptom_red_flags (symptom_id, red_flag_id) values ((select id from symptoms where slug = 'rash'), (select id from red_flags where slug = 'shortness-of-breath')) on conflict (symptom_id, red_flag_id) do nothing;
insert into symptom_red_flags (symptom_id, red_flag_id) values ((select id from symptoms where slug = 'rash'), (select id from red_flags where slug = 'high-fever')) on conflict (symptom_id, red_flag_id) do nothing;
insert into symptom_red_flags (symptom_id, red_flag_id) values ((select id from symptoms where slug = 'rash'), (select id from red_flags where slug = 'severe-allergy')) on conflict (symptom_id, red_flag_id) do nothing;
insert into symptom_red_flags (symptom_id, red_flag_id) values ((select id from symptoms where slug = 'itching'), (select id from red_flags where slug = 'altered-consciousness')) on conflict (symptom_id, red_flag_id) do nothing;
insert into symptom_red_flags (symptom_id, red_flag_id) values ((select id from symptoms where slug = 'itching'), (select id from red_flags where slug = 'shortness-of-breath')) on conflict (symptom_id, red_flag_id) do nothing;
insert into symptom_red_flags (symptom_id, red_flag_id) values ((select id from symptoms where slug = 'itching'), (select id from red_flags where slug = 'severe-allergy')) on conflict (symptom_id, red_flag_id) do nothing;
insert into symptom_red_flags (symptom_id, red_flag_id) values ((select id from symptoms where slug = 'blisters'), (select id from red_flags where slug = 'high-fever')) on conflict (symptom_id, red_flag_id) do nothing;
insert into symptom_red_flags (symptom_id, red_flag_id) values ((select id from symptoms where slug = 'acne'), (select id from red_flags where slug = 'high-fever')) on conflict (symptom_id, red_flag_id) do nothing;
insert into symptom_red_flags (symptom_id, red_flag_id) values ((select id from symptoms where slug = 'acne'), (select id from red_flags where slug = 'rapid-swelling')) on conflict (symptom_id, red_flag_id) do nothing;
insert into symptom_red_flags (symptom_id, red_flag_id) values ((select id from symptoms where slug = 'unknown-lump'), (select id from red_flags where slug = 'high-fever')) on conflict (symptom_id, red_flag_id) do nothing;
insert into symptom_red_flags (symptom_id, red_flag_id) values ((select id from symptoms where slug = 'unknown-lump'), (select id from red_flags where slug = 'rapid-swelling')) on conflict (symptom_id, red_flag_id) do nothing;
insert into symptom_red_flags (symptom_id, red_flag_id) values ((select id from symptoms where slug = 'frequent-urination'), (select id from red_flags where slug = 'altered-consciousness')) on conflict (symptom_id, red_flag_id) do nothing;
insert into symptom_red_flags (symptom_id, red_flag_id) values ((select id from symptoms where slug = 'frequent-urination'), (select id from red_flags where slug = 'high-fever')) on conflict (symptom_id, red_flag_id) do nothing;
insert into symptom_red_flags (symptom_id, red_flag_id) values ((select id from symptoms where slug = 'frequent-urination'), (select id from red_flags where slug = 'major-bleeding')) on conflict (symptom_id, red_flag_id) do nothing;
insert into symptom_red_flags (symptom_id, red_flag_id) values ((select id from symptoms where slug = 'painful-urination'), (select id from red_flags where slug = 'high-fever')) on conflict (symptom_id, red_flag_id) do nothing;
insert into symptom_red_flags (symptom_id, red_flag_id) values ((select id from symptoms where slug = 'painful-urination'), (select id from red_flags where slug = 'major-bleeding')) on conflict (symptom_id, red_flag_id) do nothing;
insert into symptom_red_flags (symptom_id, red_flag_id) values ((select id from symptoms where slug = 'blood-in-urine'), (select id from red_flags where slug = 'major-bleeding')) on conflict (symptom_id, red_flag_id) do nothing;
insert into symptom_red_flags (symptom_id, red_flag_id) values ((select id from symptoms where slug = 'blood-in-urine'), (select id from red_flags where slug = 'urine-retention')) on conflict (symptom_id, red_flag_id) do nothing;
insert into symptom_red_flags (symptom_id, red_flag_id) values ((select id from symptoms where slug = 'urine-retention'), (select id from red_flags where slug = 'high-fever')) on conflict (symptom_id, red_flag_id) do nothing;
insert into symptom_red_flags (symptom_id, red_flag_id) values ((select id from symptoms where slug = 'urine-retention'), (select id from red_flags where slug = 'urine-retention')) on conflict (symptom_id, red_flag_id) do nothing;
insert into symptom_red_flags (symptom_id, red_flag_id) values ((select id from symptoms where slug = 'nocturia'), (select id from red_flags where slug = 'altered-consciousness')) on conflict (symptom_id, red_flag_id) do nothing;
insert into symptom_red_flags (symptom_id, red_flag_id) values ((select id from symptoms where slug = 'nocturia'), (select id from red_flags where slug = 'shortness-of-breath')) on conflict (symptom_id, red_flag_id) do nothing;
insert into symptom_red_flags (symptom_id, red_flag_id) values ((select id from symptoms where slug = 'jaundice'), (select id from red_flags where slug = 'altered-consciousness')) on conflict (symptom_id, red_flag_id) do nothing;
insert into symptom_red_flags (symptom_id, red_flag_id) values ((select id from symptoms where slug = 'jaundice'), (select id from red_flags where slug = 'high-fever')) on conflict (symptom_id, red_flag_id) do nothing;
insert into symptom_red_flags (symptom_id, red_flag_id) values ((select id from symptoms where slug = 'jaundice'), (select id from red_flags where slug = 'major-bleeding')) on conflict (symptom_id, red_flag_id) do nothing;
insert into symptom_red_flags (symptom_id, red_flag_id) values ((select id from symptoms where slug = 'jaundice'), (select id from red_flags where slug = 'severe-abdominal-pain')) on conflict (symptom_id, red_flag_id) do nothing;
insert into symptom_red_flags (symptom_id, red_flag_id) values ((select id from symptoms where slug = 'right-upper-abdominal-pain'), (select id from red_flags where slug = 'high-fever')) on conflict (symptom_id, red_flag_id) do nothing;
insert into symptom_red_flags (symptom_id, red_flag_id) values ((select id from symptoms where slug = 'right-upper-abdominal-pain'), (select id from red_flags where slug = 'severe-abdominal-pain')) on conflict (symptom_id, red_flag_id) do nothing;
insert into symptom_red_flags (symptom_id, red_flag_id) values ((select id from symptoms where slug = 'loss-of-appetite'), (select id from red_flags where slug = 'altered-consciousness')) on conflict (symptom_id, red_flag_id) do nothing;
insert into symptom_red_flags (symptom_id, red_flag_id) values ((select id from symptoms where slug = 'loss-of-appetite'), (select id from red_flags where slug = 'severe-abdominal-pain')) on conflict (symptom_id, red_flag_id) do nothing;
insert into symptom_red_flags (symptom_id, red_flag_id) values ((select id from symptoms where slug = 'fatigue-liver'), (select id from red_flags where slug = 'altered-consciousness')) on conflict (symptom_id, red_flag_id) do nothing;
insert into symptom_red_flags (symptom_id, red_flag_id) values ((select id from symptoms where slug = 'fatigue-liver'), (select id from red_flags where slug = 'major-bleeding')) on conflict (symptom_id, red_flag_id) do nothing;
insert into symptom_red_flags (symptom_id, red_flag_id) values ((select id from symptoms where slug = 'dark-urine'), (select id from red_flags where slug = 'high-fever')) on conflict (symptom_id, red_flag_id) do nothing;
insert into symptom_red_flags (symptom_id, red_flag_id) values ((select id from symptoms where slug = 'dark-urine'), (select id from red_flags where slug = 'major-bleeding')) on conflict (symptom_id, red_flag_id) do nothing;
insert into symptom_red_flags (symptom_id, red_flag_id) values ((select id from symptoms where slug = 'unexplained-fatigue'), (select id from red_flags where slug = 'altered-consciousness')) on conflict (symptom_id, red_flag_id) do nothing;
insert into symptom_red_flags (symptom_id, red_flag_id) values ((select id from symptoms where slug = 'unexplained-fatigue'), (select id from red_flags where slug = 'shortness-of-breath')) on conflict (symptom_id, red_flag_id) do nothing;
insert into symptom_red_flags (symptom_id, red_flag_id) values ((select id from symptoms where slug = 'unexplained-fatigue'), (select id from red_flags where slug = 'severe-chest-pain')) on conflict (symptom_id, red_flag_id) do nothing;
insert into symptom_red_flags (symptom_id, red_flag_id) values ((select id from symptoms where slug = 'easy-bruising'), (select id from red_flags where slug = 'major-bleeding')) on conflict (symptom_id, red_flag_id) do nothing;
insert into symptom_red_flags (symptom_id, red_flag_id) values ((select id from symptoms where slug = 'easy-bruising'), (select id from red_flags where slug = 'major-trauma')) on conflict (symptom_id, red_flag_id) do nothing;
insert into symptom_red_flags (symptom_id, red_flag_id) values ((select id from symptoms where slug = 'unexplained-fever'), (select id from red_flags where slug = 'altered-consciousness')) on conflict (symptom_id, red_flag_id) do nothing;
insert into symptom_red_flags (symptom_id, red_flag_id) values ((select id from symptoms where slug = 'unexplained-fever'), (select id from red_flags where slug = 'shortness-of-breath')) on conflict (symptom_id, red_flag_id) do nothing;
insert into symptom_red_flags (symptom_id, red_flag_id) values ((select id from symptoms where slug = 'unexplained-fever'), (select id from red_flags where slug = 'high-fever')) on conflict (symptom_id, red_flag_id) do nothing;
insert into symptom_red_flags (symptom_id, red_flag_id) values ((select id from symptoms where slug = 'weight-loss'), (select id from red_flags where slug = 'shortness-of-breath')) on conflict (symptom_id, red_flag_id) do nothing;
insert into symptom_red_flags (symptom_id, red_flag_id) values ((select id from symptoms where slug = 'weight-loss'), (select id from red_flags where slug = 'major-bleeding')) on conflict (symptom_id, red_flag_id) do nothing;
insert into symptom_red_flags (symptom_id, red_flag_id) values ((select id from symptoms where slug = 'night-sweats'), (select id from red_flags where slug = 'altered-consciousness')) on conflict (symptom_id, red_flag_id) do nothing;
insert into symptom_red_flags (symptom_id, red_flag_id) values ((select id from symptoms where slug = 'night-sweats'), (select id from red_flags where slug = 'shortness-of-breath')) on conflict (symptom_id, red_flag_id) do nothing;
insert into symptom_red_flags (symptom_id, red_flag_id) values ((select id from symptoms where slug = 'night-sweats'), (select id from red_flags where slug = 'high-fever')) on conflict (symptom_id, red_flag_id) do nothing;
insert into symptom_red_flags (symptom_id, red_flag_id) values ((select id from symptoms where slug = 'irregular-heartbeat'), (select id from red_flags where slug = 'shortness-of-breath')) on conflict (symptom_id, red_flag_id) do nothing;
insert into symptom_red_flags (symptom_id, red_flag_id) values ((select id from symptoms where slug = 'irregular-heartbeat'), (select id from red_flags where slug = 'severe-chest-pain')) on conflict (symptom_id, red_flag_id) do nothing;
insert into symptom_red_flags (symptom_id, red_flag_id) values ((select id from symptoms where slug = 'exercise-intolerance'), (select id from red_flags where slug = 'shortness-of-breath')) on conflict (symptom_id, red_flag_id) do nothing;
insert into symptom_red_flags (symptom_id, red_flag_id) values ((select id from symptoms where slug = 'exercise-intolerance'), (select id from red_flags where slug = 'severe-chest-pain')) on conflict (symptom_id, red_flag_id) do nothing;
insert into symptom_red_flags (symptom_id, red_flag_id) values ((select id from symptoms where slug = 'exercise-intolerance'), (select id from red_flags where slug = 'severe-allergy')) on conflict (symptom_id, red_flag_id) do nothing;
insert into symptom_red_flags (symptom_id, red_flag_id) values ((select id from symptoms where slug = 'fainting'), (select id from red_flags where slug = 'shortness-of-breath')) on conflict (symptom_id, red_flag_id) do nothing;
insert into symptom_red_flags (symptom_id, red_flag_id) values ((select id from symptoms where slug = 'fainting'), (select id from red_flags where slug = 'severe-chest-pain')) on conflict (symptom_id, red_flag_id) do nothing;
insert into symptom_red_flags (symptom_id, red_flag_id) values ((select id from symptoms where slug = 'chest-pressure-exertion'), (select id from red_flags where slug = 'shortness-of-breath')) on conflict (symptom_id, red_flag_id) do nothing;
insert into symptom_red_flags (symptom_id, red_flag_id) values ((select id from symptoms where slug = 'chest-pressure-exertion'), (select id from red_flags where slug = 'severe-chest-pain')) on conflict (symptom_id, red_flag_id) do nothing;
insert into symptom_red_flags (symptom_id, red_flag_id) values ((select id from symptoms where slug = 'chest-pressure-exertion'), (select id from red_flags where slug = 'high-fever')) on conflict (symptom_id, red_flag_id) do nothing;
insert into symptom_red_flags (symptom_id, red_flag_id) values ((select id from symptoms where slug = 'edema'), (select id from red_flags where slug = 'shortness-of-breath')) on conflict (symptom_id, red_flag_id) do nothing;
insert into symptom_red_flags (symptom_id, red_flag_id) values ((select id from symptoms where slug = 'edema'), (select id from red_flags where slug = 'one-sided-weakness')) on conflict (symptom_id, red_flag_id) do nothing;
insert into symptom_red_flags (symptom_id, red_flag_id) values ((select id from symptoms where slug = 'edema'), (select id from red_flags where slug = 'severe-chest-pain')) on conflict (symptom_id, red_flag_id) do nothing;
insert into symptom_red_flags (symptom_id, red_flag_id) values ((select id from symptoms where slug = 'speech-difficulty'), (select id from red_flags where slug = 'altered-consciousness')) on conflict (symptom_id, red_flag_id) do nothing;
insert into symptom_red_flags (symptom_id, red_flag_id) values ((select id from symptoms where slug = 'speech-difficulty'), (select id from red_flags where slug = 'one-sided-weakness')) on conflict (symptom_id, red_flag_id) do nothing;
insert into symptom_red_flags (symptom_id, red_flag_id) values ((select id from symptoms where slug = 'one-side-weakness'), (select id from red_flags where slug = 'altered-consciousness')) on conflict (symptom_id, red_flag_id) do nothing;
insert into symptom_red_flags (symptom_id, red_flag_id) values ((select id from symptoms where slug = 'one-side-weakness'), (select id from red_flags where slug = 'one-sided-weakness')) on conflict (symptom_id, red_flag_id) do nothing;
insert into symptom_red_flags (symptom_id, red_flag_id) values ((select id from symptoms where slug = 'memory-loss'), (select id from red_flags where slug = 'altered-consciousness')) on conflict (symptom_id, red_flag_id) do nothing;
insert into symptom_red_flags (symptom_id, red_flag_id) values ((select id from symptoms where slug = 'memory-loss'), (select id from red_flags where slug = 'one-sided-weakness')) on conflict (symptom_id, red_flag_id) do nothing;
insert into symptom_red_flags (symptom_id, red_flag_id) values ((select id from symptoms where slug = 'tremor'), (select id from red_flags where slug = 'altered-consciousness')) on conflict (symptom_id, red_flag_id) do nothing;
insert into symptom_red_flags (symptom_id, red_flag_id) values ((select id from symptoms where slug = 'tremor'), (select id from red_flags where slug = 'one-sided-weakness')) on conflict (symptom_id, red_flag_id) do nothing;
insert into symptom_red_flags (symptom_id, red_flag_id) values ((select id from symptoms where slug = 'seizure'), (select id from red_flags where slug = 'seizure')) on conflict (symptom_id, red_flag_id) do nothing;
insert into symptom_red_flags (symptom_id, red_flag_id) values ((select id from symptoms where slug = 'joint-deformity'), (select id from red_flags where slug = 'major-trauma')) on conflict (symptom_id, red_flag_id) do nothing;
insert into symptom_red_flags (symptom_id, red_flag_id) values ((select id from symptoms where slug = 'fracture-suspected'), (select id from red_flags where slug = 'major-trauma')) on conflict (symptom_id, red_flag_id) do nothing;
insert into symptom_red_flags (symptom_id, red_flag_id) values ((select id from symptoms where slug = 'limited-mobility'), (select id from red_flags where slug = 'major-trauma')) on conflict (symptom_id, red_flag_id) do nothing;
insert into symptom_red_flags (symptom_id, red_flag_id) values ((select id from symptoms where slug = 'bone-pain'), (select id from red_flags where slug = 'high-fever')) on conflict (symptom_id, red_flag_id) do nothing;
insert into symptom_red_flags (symptom_id, red_flag_id) values ((select id from symptoms where slug = 'bone-pain'), (select id from red_flags where slug = 'major-trauma')) on conflict (symptom_id, red_flag_id) do nothing;
insert into symptom_red_flags (symptom_id, red_flag_id) values ((select id from symptoms where slug = 'morning-stiffness'), (select id from red_flags where slug = 'high-fever')) on conflict (symptom_id, red_flag_id) do nothing;
insert into symptom_red_flags (symptom_id, red_flag_id) values ((select id from symptoms where slug = 'skin-infection'), (select id from red_flags where slug = 'high-fever')) on conflict (symptom_id, red_flag_id) do nothing;
insert into symptom_red_flags (symptom_id, red_flag_id) values ((select id from symptoms where slug = 'skin-infection'), (select id from red_flags where slug = 'rapid-swelling')) on conflict (symptom_id, red_flag_id) do nothing;
insert into symptom_red_flags (symptom_id, red_flag_id) values ((select id from symptoms where slug = 'eczema-flare'), (select id from red_flags where slug = 'high-fever')) on conflict (symptom_id, red_flag_id) do nothing;
insert into symptom_red_flags (symptom_id, red_flag_id) values ((select id from symptoms where slug = 'eczema-flare'), (select id from red_flags where slug = 'rapid-swelling')) on conflict (symptom_id, red_flag_id) do nothing;
insert into symptom_red_flags (symptom_id, red_flag_id) values ((select id from symptoms where slug = 'fungal-infection'), (select id from red_flags where slug = 'high-fever')) on conflict (symptom_id, red_flag_id) do nothing;
insert into symptom_red_flags (symptom_id, red_flag_id) values ((select id from symptoms where slug = 'fungal-infection'), (select id from red_flags where slug = 'rapid-swelling')) on conflict (symptom_id, red_flag_id) do nothing;
insert into symptom_red_flags (symptom_id, red_flag_id) values ((select id from symptoms where slug = 'hair-loss'), (select id from red_flags where slug = 'high-fever')) on conflict (symptom_id, red_flag_id) do nothing;
insert into symptom_red_flags (symptom_id, red_flag_id) values ((select id from symptoms where slug = 'hair-loss'), (select id from red_flags where slug = 'rapid-swelling')) on conflict (symptom_id, red_flag_id) do nothing;
insert into symptom_red_flags (symptom_id, red_flag_id) values ((select id from symptoms where slug = 'skin-pigmentation'), (select id from red_flags where slug = 'major-bleeding')) on conflict (symptom_id, red_flag_id) do nothing;
insert into symptom_red_flags (symptom_id, red_flag_id) values ((select id from symptoms where slug = 'tension-headache'), (select id from red_flags where slug = 'altered-consciousness')) on conflict (symptom_id, red_flag_id) do nothing;
insert into symptom_red_flags (symptom_id, red_flag_id) values ((select id from symptoms where slug = 'tension-headache'), (select id from red_flags where slug = 'one-sided-weakness')) on conflict (symptom_id, red_flag_id) do nothing;
insert into symptom_red_flags (symptom_id, red_flag_id) values ((select id from symptoms where slug = 'tension-headache'), (select id from red_flags where slug = 'severe-headache')) on conflict (symptom_id, red_flag_id) do nothing;
insert into symptom_red_flags (symptom_id, red_flag_id) values ((select id from symptoms where slug = 'tension-headache'), (select id from red_flags where slug = 'high-fever')) on conflict (symptom_id, red_flag_id) do nothing;
insert into symptom_red_flags (symptom_id, red_flag_id) values ((select id from symptoms where slug = 'cluster-headache'), (select id from red_flags where slug = 'altered-consciousness')) on conflict (symptom_id, red_flag_id) do nothing;
insert into symptom_red_flags (symptom_id, red_flag_id) values ((select id from symptoms where slug = 'cluster-headache'), (select id from red_flags where slug = 'severe-headache')) on conflict (symptom_id, red_flag_id) do nothing;
insert into symptom_red_flags (symptom_id, red_flag_id) values ((select id from symptoms where slug = 'facial-pain'), (select id from red_flags where slug = 'one-sided-weakness')) on conflict (symptom_id, red_flag_id) do nothing;
insert into symptom_red_flags (symptom_id, red_flag_id) values ((select id from symptoms where slug = 'facial-pain'), (select id from red_flags where slug = 'severe-headache')) on conflict (symptom_id, red_flag_id) do nothing;
insert into symptom_red_flags (symptom_id, red_flag_id) values ((select id from symptoms where slug = 'facial-pain'), (select id from red_flags where slug = 'high-fever')) on conflict (symptom_id, red_flag_id) do nothing;
insert into symptom_red_flags (symptom_id, red_flag_id) values ((select id from symptoms where slug = 'facial-pain'), (select id from red_flags where slug = 'vision-loss')) on conflict (symptom_id, red_flag_id) do nothing;
insert into symptom_red_flags (symptom_id, red_flag_id) values ((select id from symptoms where slug = 'jaw-pain'), (select id from red_flags where slug = 'shortness-of-breath')) on conflict (symptom_id, red_flag_id) do nothing;
insert into symptom_red_flags (symptom_id, red_flag_id) values ((select id from symptoms where slug = 'jaw-pain'), (select id from red_flags where slug = 'severe-chest-pain')) on conflict (symptom_id, red_flag_id) do nothing;
insert into symptom_red_flags (symptom_id, red_flag_id) values ((select id from symptoms where slug = 'head-pressure'), (select id from red_flags where slug = 'altered-consciousness')) on conflict (symptom_id, red_flag_id) do nothing;
insert into symptom_red_flags (symptom_id, red_flag_id) values ((select id from symptoms where slug = 'head-pressure'), (select id from red_flags where slug = 'severe-headache')) on conflict (symptom_id, red_flag_id) do nothing;
insert into symptom_red_flags (symptom_id, red_flag_id) values ((select id from symptoms where slug = 'photophobia'), (select id from red_flags where slug = 'vision-loss')) on conflict (symptom_id, red_flag_id) do nothing;
insert into symptom_red_flags (symptom_id, red_flag_id) values ((select id from symptoms where slug = 'photophobia'), (select id from red_flags where slug = 'major-trauma')) on conflict (symptom_id, red_flag_id) do nothing;
insert into symptom_red_flags (symptom_id, red_flag_id) values ((select id from symptoms where slug = 'double-vision'), (select id from red_flags where slug = 'altered-consciousness')) on conflict (symptom_id, red_flag_id) do nothing;
insert into symptom_red_flags (symptom_id, red_flag_id) values ((select id from symptoms where slug = 'double-vision'), (select id from red_flags where slug = 'one-sided-weakness')) on conflict (symptom_id, red_flag_id) do nothing;
insert into symptom_red_flags (symptom_id, red_flag_id) values ((select id from symptoms where slug = 'eye-discharge'), (select id from red_flags where slug = 'vision-loss')) on conflict (symptom_id, red_flag_id) do nothing;
insert into symptom_red_flags (symptom_id, red_flag_id) values ((select id from symptoms where slug = 'eyelid-swelling'), (select id from red_flags where slug = 'high-fever')) on conflict (symptom_id, red_flag_id) do nothing;
insert into symptom_red_flags (symptom_id, red_flag_id) values ((select id from symptoms where slug = 'eyelid-swelling'), (select id from red_flags where slug = 'vision-loss')) on conflict (symptom_id, red_flag_id) do nothing;
insert into symptom_red_flags (symptom_id, red_flag_id) values ((select id from symptoms where slug = 'eyelid-swelling'), (select id from red_flags where slug = 'rapid-swelling')) on conflict (symptom_id, red_flag_id) do nothing;
insert into symptom_red_flags (symptom_id, red_flag_id) values ((select id from symptoms where slug = 'visual-field-loss'), (select id from red_flags where slug = 'vision-loss')) on conflict (symptom_id, red_flag_id) do nothing;
insert into symptom_red_flags (symptom_id, red_flag_id) values ((select id from symptoms where slug = 'balance-problem'), (select id from red_flags where slug = 'altered-consciousness')) on conflict (symptom_id, red_flag_id) do nothing;
insert into symptom_red_flags (symptom_id, red_flag_id) values ((select id from symptoms where slug = 'balance-problem'), (select id from red_flags where slug = 'one-sided-weakness')) on conflict (symptom_id, red_flag_id) do nothing;
insert into symptom_red_flags (symptom_id, red_flag_id) values ((select id from symptoms where slug = 'outer-ear-swelling'), (select id from red_flags where slug = 'high-fever')) on conflict (symptom_id, red_flag_id) do nothing;
insert into symptom_red_flags (symptom_id, red_flag_id) values ((select id from symptoms where slug = 'sneezing'), (select id from red_flags where slug = 'altered-consciousness')) on conflict (symptom_id, red_flag_id) do nothing;
insert into symptom_red_flags (symptom_id, red_flag_id) values ((select id from symptoms where slug = 'sneezing'), (select id from red_flags where slug = 'shortness-of-breath')) on conflict (symptom_id, red_flag_id) do nothing;
insert into symptom_red_flags (symptom_id, red_flag_id) values ((select id from symptoms where slug = 'sneezing'), (select id from red_flags where slug = 'severe-allergy')) on conflict (symptom_id, red_flag_id) do nothing;
insert into symptom_red_flags (symptom_id, red_flag_id) values ((select id from symptoms where slug = 'postnasal-drip'), (select id from red_flags where slug = 'severe-headache')) on conflict (symptom_id, red_flag_id) do nothing;
insert into symptom_red_flags (symptom_id, red_flag_id) values ((select id from symptoms where slug = 'postnasal-drip'), (select id from red_flags where slug = 'high-fever')) on conflict (symptom_id, red_flag_id) do nothing;
insert into symptom_red_flags (symptom_id, red_flag_id) values ((select id from symptoms where slug = 'nasal-itching'), (select id from red_flags where slug = 'altered-consciousness')) on conflict (symptom_id, red_flag_id) do nothing;
insert into symptom_red_flags (symptom_id, red_flag_id) values ((select id from symptoms where slug = 'nasal-itching'), (select id from red_flags where slug = 'shortness-of-breath')) on conflict (symptom_id, red_flag_id) do nothing;
insert into symptom_red_flags (symptom_id, red_flag_id) values ((select id from symptoms where slug = 'nasal-itching'), (select id from red_flags where slug = 'severe-allergy')) on conflict (symptom_id, red_flag_id) do nothing;
insert into symptom_red_flags (symptom_id, red_flag_id) values ((select id from symptoms where slug = 'facial-fullness'), (select id from red_flags where slug = 'altered-consciousness')) on conflict (symptom_id, red_flag_id) do nothing;
insert into symptom_red_flags (symptom_id, red_flag_id) values ((select id from symptoms where slug = 'facial-fullness'), (select id from red_flags where slug = 'high-fever')) on conflict (symptom_id, red_flag_id) do nothing;
insert into symptom_red_flags (symptom_id, red_flag_id) values ((select id from symptoms where slug = 'facial-fullness'), (select id from red_flags where slug = 'vision-loss')) on conflict (symptom_id, red_flag_id) do nothing;
insert into symptom_red_flags (symptom_id, red_flag_id) values ((select id from symptoms where slug = 'nasal-polyp-suspected'), (select id from red_flags where slug = 'one-sided-weakness')) on conflict (symptom_id, red_flag_id) do nothing;
insert into symptom_red_flags (symptom_id, red_flag_id) values ((select id from symptoms where slug = 'nasal-polyp-suspected'), (select id from red_flags where slug = 'major-bleeding')) on conflict (symptom_id, red_flag_id) do nothing;
insert into symptom_red_flags (symptom_id, red_flag_id) values ((select id from symptoms where slug = 'nasal-polyp-suspected'), (select id from red_flags where slug = 'vision-loss')) on conflict (symptom_id, red_flag_id) do nothing;
insert into symptom_red_flags (symptom_id, red_flag_id) values ((select id from symptoms where slug = 'tonsil-swelling'), (select id from red_flags where slug = 'shortness-of-breath')) on conflict (symptom_id, red_flag_id) do nothing;
insert into symptom_red_flags (symptom_id, red_flag_id) values ((select id from symptoms where slug = 'loss-of-voice'), (select id from red_flags where slug = 'shortness-of-breath')) on conflict (symptom_id, red_flag_id) do nothing;
insert into symptom_red_flags (symptom_id, red_flag_id) values ((select id from symptoms where slug = 'loss-of-voice'), (select id from red_flags where slug = 'rapid-swelling')) on conflict (symptom_id, red_flag_id) do nothing;
insert into symptom_red_flags (symptom_id, red_flag_id) values ((select id from symptoms where slug = 'throat-dryness'), (select id from red_flags where slug = 'shortness-of-breath')) on conflict (symptom_id, red_flag_id) do nothing;
insert into symptom_red_flags (symptom_id, red_flag_id) values ((select id from symptoms where slug = 'bad-breath'), (select id from red_flags where slug = 'high-fever')) on conflict (symptom_id, red_flag_id) do nothing;
insert into symptom_red_flags (symptom_id, red_flag_id) values ((select id from symptoms where slug = 'choking-easily'), (select id from red_flags where slug = 'altered-consciousness')) on conflict (symptom_id, red_flag_id) do nothing;
insert into symptom_red_flags (symptom_id, red_flag_id) values ((select id from symptoms where slug = 'choking-easily'), (select id from red_flags where slug = 'one-sided-weakness')) on conflict (symptom_id, red_flag_id) do nothing;
insert into symptom_red_flags (symptom_id, red_flag_id) values ((select id from symptoms where slug = 'breathing-pain'), (select id from red_flags where slug = 'shortness-of-breath')) on conflict (symptom_id, red_flag_id) do nothing;
insert into symptom_red_flags (symptom_id, red_flag_id) values ((select id from symptoms where slug = 'breathing-pain'), (select id from red_flags where slug = 'one-sided-weakness')) on conflict (symptom_id, red_flag_id) do nothing;
insert into symptom_red_flags (symptom_id, red_flag_id) values ((select id from symptoms where slug = 'breathing-pain'), (select id from red_flags where slug = 'severe-chest-pain')) on conflict (symptom_id, red_flag_id) do nothing;
insert into symptom_red_flags (symptom_id, red_flag_id) values ((select id from symptoms where slug = 'breathing-pain'), (select id from red_flags where slug = 'major-bleeding')) on conflict (symptom_id, red_flag_id) do nothing;
insert into symptom_red_flags (symptom_id, red_flag_id) values ((select id from symptoms where slug = 'cough-blood'), (select id from red_flags where slug = 'shortness-of-breath')) on conflict (symptom_id, red_flag_id) do nothing;
insert into symptom_red_flags (symptom_id, red_flag_id) values ((select id from symptoms where slug = 'cough-blood'), (select id from red_flags where slug = 'severe-chest-pain')) on conflict (symptom_id, red_flag_id) do nothing;
insert into symptom_red_flags (symptom_id, red_flag_id) values ((select id from symptoms where slug = 'cough-blood'), (select id from red_flags where slug = 'major-bleeding')) on conflict (symptom_id, red_flag_id) do nothing;
insert into symptom_red_flags (symptom_id, red_flag_id) values ((select id from symptoms where slug = 'phlegm'), (select id from red_flags where slug = 'shortness-of-breath')) on conflict (symptom_id, red_flag_id) do nothing;
insert into symptom_red_flags (symptom_id, red_flag_id) values ((select id from symptoms where slug = 'phlegm'), (select id from red_flags where slug = 'severe-chest-pain')) on conflict (symptom_id, red_flag_id) do nothing;
insert into symptom_red_flags (symptom_id, red_flag_id) values ((select id from symptoms where slug = 'phlegm'), (select id from red_flags where slug = 'high-fever')) on conflict (symptom_id, red_flag_id) do nothing;
insert into symptom_red_flags (symptom_id, red_flag_id) values ((select id from symptoms where slug = 'phlegm'), (select id from red_flags where slug = 'major-bleeding')) on conflict (symptom_id, red_flag_id) do nothing;
insert into symptom_red_flags (symptom_id, red_flag_id) values ((select id from symptoms where slug = 'snoring'), (select id from red_flags where slug = 'shortness-of-breath')) on conflict (symptom_id, red_flag_id) do nothing;
insert into symptom_red_flags (symptom_id, red_flag_id) values ((select id from symptoms where slug = 'snoring'), (select id from red_flags where slug = 'severe-allergy')) on conflict (symptom_id, red_flag_id) do nothing;
insert into symptom_red_flags (symptom_id, red_flag_id) values ((select id from symptoms where slug = 'sleep-apnea-suspected'), (select id from red_flags where slug = 'shortness-of-breath')) on conflict (symptom_id, red_flag_id) do nothing;
insert into symptom_red_flags (symptom_id, red_flag_id) values ((select id from symptoms where slug = 'acid-reflux'), (select id from red_flags where slug = 'severe-chest-pain')) on conflict (symptom_id, red_flag_id) do nothing;
insert into symptom_red_flags (symptom_id, red_flag_id) values ((select id from symptoms where slug = 'acid-reflux'), (select id from red_flags where slug = 'major-bleeding')) on conflict (symptom_id, red_flag_id) do nothing;
insert into symptom_red_flags (symptom_id, red_flag_id) values ((select id from symptoms where slug = 'black-stool'), (select id from red_flags where slug = 'severe-chest-pain')) on conflict (symptom_id, red_flag_id) do nothing;
insert into symptom_red_flags (symptom_id, red_flag_id) values ((select id from symptoms where slug = 'black-stool'), (select id from red_flags where slug = 'major-bleeding')) on conflict (symptom_id, red_flag_id) do nothing;
insert into symptom_red_flags (symptom_id, red_flag_id) values ((select id from symptoms where slug = 'blood-in-stool'), (select id from red_flags where slug = 'major-bleeding')) on conflict (symptom_id, red_flag_id) do nothing;
insert into symptom_red_flags (symptom_id, red_flag_id) values ((select id from symptoms where slug = 'abdominal-cramps'), (select id from red_flags where slug = 'high-fever')) on conflict (symptom_id, red_flag_id) do nothing;
insert into symptom_red_flags (symptom_id, red_flag_id) values ((select id from symptoms where slug = 'abdominal-cramps'), (select id from red_flags where slug = 'severe-abdominal-pain')) on conflict (symptom_id, red_flag_id) do nothing;
insert into symptom_red_flags (symptom_id, red_flag_id) values ((select id from symptoms where slug = 'loss-weight-digestive'), (select id from red_flags where slug = 'major-bleeding')) on conflict (symptom_id, red_flag_id) do nothing;
insert into symptom_red_flags (symptom_id, red_flag_id) values ((select id from symptoms where slug = 'loss-weight-digestive'), (select id from red_flags where slug = 'severe-abdominal-pain')) on conflict (symptom_id, red_flag_id) do nothing;
insert into symptom_red_flags (symptom_id, red_flag_id) values ((select id from symptoms where slug = 'neck-pain'), (select id from red_flags where slug = 'one-sided-weakness')) on conflict (symptom_id, red_flag_id) do nothing;
insert into symptom_red_flags (symptom_id, red_flag_id) values ((select id from symptoms where slug = 'neck-pain'), (select id from red_flags where slug = 'high-fever')) on conflict (symptom_id, red_flag_id) do nothing;
insert into symptom_red_flags (symptom_id, red_flag_id) values ((select id from symptoms where slug = 'neck-pain'), (select id from red_flags where slug = 'major-trauma')) on conflict (symptom_id, red_flag_id) do nothing;
insert into symptom_red_flags (symptom_id, red_flag_id) values ((select id from symptoms where slug = 'spine-pain'), (select id from red_flags where slug = 'one-sided-weakness')) on conflict (symptom_id, red_flag_id) do nothing;
insert into symptom_red_flags (symptom_id, red_flag_id) values ((select id from symptoms where slug = 'spine-pain'), (select id from red_flags where slug = 'major-trauma')) on conflict (symptom_id, red_flag_id) do nothing;
insert into symptom_red_flags (symptom_id, red_flag_id) values ((select id from symptoms where slug = 'muscle-spasm-back'), (select id from red_flags where slug = 'shortness-of-breath')) on conflict (symptom_id, red_flag_id) do nothing;
insert into symptom_red_flags (symptom_id, red_flag_id) values ((select id from symptoms where slug = 'muscle-spasm-back'), (select id from red_flags where slug = 'severe-chest-pain')) on conflict (symptom_id, red_flag_id) do nothing;
insert into symptom_red_flags (symptom_id, red_flag_id) values ((select id from symptoms where slug = 'posture-back-pain'), (select id from red_flags where slug = 'one-sided-weakness')) on conflict (symptom_id, red_flag_id) do nothing;
insert into symptom_red_flags (symptom_id, red_flag_id) values ((select id from symptoms where slug = 'hip-pain'), (select id from red_flags where slug = 'major-trauma')) on conflict (symptom_id, red_flag_id) do nothing;
insert into symptom_red_flags (symptom_id, red_flag_id) values ((select id from symptoms where slug = 'finger-joint-pain'), (select id from red_flags where slug = 'high-fever')) on conflict (symptom_id, red_flag_id) do nothing;
insert into symptom_red_flags (symptom_id, red_flag_id) values ((select id from symptoms where slug = 'finger-joint-pain'), (select id from red_flags where slug = 'major-trauma')) on conflict (symptom_id, red_flag_id) do nothing;
insert into symptom_red_flags (symptom_id, red_flag_id) values ((select id from symptoms where slug = 'elbow-pain'), (select id from red_flags where slug = 'major-trauma')) on conflict (symptom_id, red_flag_id) do nothing;
insert into symptom_red_flags (symptom_id, red_flag_id) values ((select id from symptoms where slug = 'gout-attack'), (select id from red_flags where slug = 'high-fever')) on conflict (symptom_id, red_flag_id) do nothing;
insert into symptom_red_flags (symptom_id, red_flag_id) values ((select id from symptoms where slug = 'joint-redness-heat'), (select id from red_flags where slug = 'high-fever')) on conflict (symptom_id, red_flag_id) do nothing;
insert into symptom_red_flags (symptom_id, red_flag_id) values ((select id from symptoms where slug = 'joint-redness-heat'), (select id from red_flags where slug = 'major-trauma')) on conflict (symptom_id, red_flag_id) do nothing;
insert into symptom_red_flags (symptom_id, red_flag_id) values ((select id from symptoms where slug = 'mole-change'), (select id from red_flags where slug = 'major-bleeding')) on conflict (symptom_id, red_flag_id) do nothing;
insert into symptom_red_flags (symptom_id, red_flag_id) values ((select id from symptoms where slug = 'dry-skin'), (select id from red_flags where slug = 'high-fever')) on conflict (symptom_id, red_flag_id) do nothing;
insert into symptom_red_flags (symptom_id, red_flag_id) values ((select id from symptoms where slug = 'pressure-sore'), (select id from red_flags where slug = 'high-fever')) on conflict (symptom_id, red_flag_id) do nothing;
insert into symptom_red_flags (symptom_id, red_flag_id) values ((select id from symptoms where slug = 'pressure-sore'), (select id from red_flags where slug = 'rapid-swelling')) on conflict (symptom_id, red_flag_id) do nothing;
insert into symptom_red_flags (symptom_id, red_flag_id) values ((select id from symptoms where slug = 'excessive-sweating'), (select id from red_flags where slug = 'shortness-of-breath')) on conflict (symptom_id, red_flag_id) do nothing;
insert into symptom_red_flags (symptom_id, red_flag_id) values ((select id from symptoms where slug = 'excessive-sweating'), (select id from red_flags where slug = 'severe-chest-pain')) on conflict (symptom_id, red_flag_id) do nothing;
insert into symptom_red_flags (symptom_id, red_flag_id) values ((select id from symptoms where slug = 'urinary-incontinence'), (select id from red_flags where slug = 'one-sided-weakness')) on conflict (symptom_id, red_flag_id) do nothing;
insert into symptom_red_flags (symptom_id, red_flag_id) values ((select id from symptoms where slug = 'urinary-incontinence'), (select id from red_flags where slug = 'urine-retention')) on conflict (symptom_id, red_flag_id) do nothing;
insert into symptom_red_flags (symptom_id, red_flag_id) values ((select id from symptoms where slug = 'foamy-urine'), (select id from red_flags where slug = 'shortness-of-breath')) on conflict (symptom_id, red_flag_id) do nothing;
insert into symptom_red_flags (symptom_id, red_flag_id) values ((select id from symptoms where slug = 'foamy-urine'), (select id from red_flags where slug = 'major-bleeding')) on conflict (symptom_id, red_flag_id) do nothing;
insert into symptom_red_flags (symptom_id, red_flag_id) values ((select id from symptoms where slug = 'flank-pain'), (select id from red_flags where slug = 'high-fever')) on conflict (symptom_id, red_flag_id) do nothing;
insert into symptom_red_flags (symptom_id, red_flag_id) values ((select id from symptoms where slug = 'flank-pain'), (select id from red_flags where slug = 'major-bleeding')) on conflict (symptom_id, red_flag_id) do nothing;
insert into symptom_red_flags (symptom_id, red_flag_id) values ((select id from symptoms where slug = 'cloudy-urine'), (select id from red_flags where slug = 'high-fever')) on conflict (symptom_id, red_flag_id) do nothing;
insert into symptom_red_flags (symptom_id, red_flag_id) values ((select id from symptoms where slug = 'cloudy-urine'), (select id from red_flags where slug = 'major-bleeding')) on conflict (symptom_id, red_flag_id) do nothing;
insert into symptom_red_flags (symptom_id, red_flag_id) values ((select id from symptoms where slug = 'genital-pain'), (select id from red_flags where slug = 'high-fever')) on conflict (symptom_id, red_flag_id) do nothing;
insert into symptom_red_flags (symptom_id, red_flag_id) values ((select id from symptoms where slug = 'genital-pain'), (select id from red_flags where slug = 'major-trauma')) on conflict (symptom_id, red_flag_id) do nothing;
insert into symptom_red_flags (symptom_id, red_flag_id) values ((select id from symptoms where slug = 'genital-pain'), (select id from red_flags where slug = 'rapid-swelling')) on conflict (symptom_id, red_flag_id) do nothing;
insert into symptom_red_flags (symptom_id, red_flag_id) values ((select id from symptoms where slug = 'ascites-suspected'), (select id from red_flags where slug = 'altered-consciousness')) on conflict (symptom_id, red_flag_id) do nothing;
insert into symptom_red_flags (symptom_id, red_flag_id) values ((select id from symptoms where slug = 'ascites-suspected'), (select id from red_flags where slug = 'shortness-of-breath')) on conflict (symptom_id, red_flag_id) do nothing;
insert into symptom_red_flags (symptom_id, red_flag_id) values ((select id from symptoms where slug = 'ascites-suspected'), (select id from red_flags where slug = 'high-fever')) on conflict (symptom_id, red_flag_id) do nothing;
insert into symptom_red_flags (symptom_id, red_flag_id) values ((select id from symptoms where slug = 'itching-liver'), (select id from red_flags where slug = 'altered-consciousness')) on conflict (symptom_id, red_flag_id) do nothing;
insert into symptom_red_flags (symptom_id, red_flag_id) values ((select id from symptoms where slug = 'itching-liver'), (select id from red_flags where slug = 'high-fever')) on conflict (symptom_id, red_flag_id) do nothing;
insert into symptom_red_flags (symptom_id, red_flag_id) values ((select id from symptoms where slug = 'itching-liver'), (select id from red_flags where slug = 'major-bleeding')) on conflict (symptom_id, red_flag_id) do nothing;
insert into symptom_red_flags (symptom_id, red_flag_id) values ((select id from symptoms where slug = 'itching-liver'), (select id from red_flags where slug = 'severe-abdominal-pain')) on conflict (symptom_id, red_flag_id) do nothing;
insert into symptom_red_flags (symptom_id, red_flag_id) values ((select id from symptoms where slug = 'pale-stool'), (select id from red_flags where slug = 'high-fever')) on conflict (symptom_id, red_flag_id) do nothing;
insert into symptom_red_flags (symptom_id, red_flag_id) values ((select id from symptoms where slug = 'abnormal-liver-test'), (select id from red_flags where slug = 'altered-consciousness')) on conflict (symptom_id, red_flag_id) do nothing;
insert into symptom_red_flags (symptom_id, red_flag_id) values ((select id from symptoms where slug = 'abnormal-liver-test'), (select id from red_flags where slug = 'major-bleeding')) on conflict (symptom_id, red_flag_id) do nothing;
insert into symptom_red_flags (symptom_id, red_flag_id) values ((select id from symptoms where slug = 'easy-bleeding-liver'), (select id from red_flags where slug = 'altered-consciousness')) on conflict (symptom_id, red_flag_id) do nothing;
insert into symptom_red_flags (symptom_id, red_flag_id) values ((select id from symptoms where slug = 'easy-bleeding-liver'), (select id from red_flags where slug = 'major-bleeding')) on conflict (symptom_id, red_flag_id) do nothing;
insert into symptom_red_flags (symptom_id, red_flag_id) values ((select id from symptoms where slug = 'pale-face'), (select id from red_flags where slug = 'shortness-of-breath')) on conflict (symptom_id, red_flag_id) do nothing;
insert into symptom_red_flags (symptom_id, red_flag_id) values ((select id from symptoms where slug = 'pale-face'), (select id from red_flags where slug = 'severe-chest-pain')) on conflict (symptom_id, red_flag_id) do nothing;
insert into symptom_red_flags (symptom_id, red_flag_id) values ((select id from symptoms where slug = 'pale-face'), (select id from red_flags where slug = 'major-bleeding')) on conflict (symptom_id, red_flag_id) do nothing;
insert into symptom_red_flags (symptom_id, red_flag_id) values ((select id from symptoms where slug = 'gum-bleeding'), (select id from red_flags where slug = 'major-bleeding')) on conflict (symptom_id, red_flag_id) do nothing;
insert into symptom_red_flags (symptom_id, red_flag_id) values ((select id from symptoms where slug = 'swollen-lymph-nodes'), (select id from red_flags where slug = 'high-fever')) on conflict (symptom_id, red_flag_id) do nothing;
insert into symptom_red_flags (symptom_id, red_flag_id) values ((select id from symptoms where slug = 'swollen-lymph-nodes'), (select id from red_flags where slug = 'rapid-swelling')) on conflict (symptom_id, red_flag_id) do nothing;
insert into symptom_red_flags (symptom_id, red_flag_id) values ((select id from symptoms where slug = 'anemia-suspected'), (select id from red_flags where slug = 'shortness-of-breath')) on conflict (symptom_id, red_flag_id) do nothing;
insert into symptom_red_flags (symptom_id, red_flag_id) values ((select id from symptoms where slug = 'anemia-suspected'), (select id from red_flags where slug = 'severe-chest-pain')) on conflict (symptom_id, red_flag_id) do nothing;
insert into symptom_red_flags (symptom_id, red_flag_id) values ((select id from symptoms where slug = 'anemia-suspected'), (select id from red_flags where slug = 'major-bleeding')) on conflict (symptom_id, red_flag_id) do nothing;
insert into symptom_red_flags (symptom_id, red_flag_id) values ((select id from symptoms where slug = 'prolonged-bleeding'), (select id from red_flags where slug = 'major-bleeding')) on conflict (symptom_id, red_flag_id) do nothing;
insert into symptom_red_flags (symptom_id, red_flag_id) values ((select id from symptoms where slug = 'orthopnea'), (select id from red_flags where slug = 'altered-consciousness')) on conflict (symptom_id, red_flag_id) do nothing;
insert into symptom_red_flags (symptom_id, red_flag_id) values ((select id from symptoms where slug = 'orthopnea'), (select id from red_flags where slug = 'shortness-of-breath')) on conflict (symptom_id, red_flag_id) do nothing;
insert into symptom_red_flags (symptom_id, red_flag_id) values ((select id from symptoms where slug = 'orthopnea'), (select id from red_flags where slug = 'severe-chest-pain')) on conflict (symptom_id, red_flag_id) do nothing;
insert into symptom_red_flags (symptom_id, red_flag_id) values ((select id from symptoms where slug = 'orthopnea'), (select id from red_flags where slug = 'severe-allergy')) on conflict (symptom_id, red_flag_id) do nothing;
insert into symptom_red_flags (symptom_id, red_flag_id) values ((select id from symptoms where slug = 'cold-sweat-chest'), (select id from red_flags where slug = 'shortness-of-breath')) on conflict (symptom_id, red_flag_id) do nothing;
insert into symptom_red_flags (symptom_id, red_flag_id) values ((select id from symptoms where slug = 'cold-sweat-chest'), (select id from red_flags where slug = 'severe-chest-pain')) on conflict (symptom_id, red_flag_id) do nothing;
insert into symptom_red_flags (symptom_id, red_flag_id) values ((select id from symptoms where slug = 'slow-heartbeat'), (select id from red_flags where slug = 'altered-consciousness')) on conflict (symptom_id, red_flag_id) do nothing;
insert into symptom_red_flags (symptom_id, red_flag_id) values ((select id from symptoms where slug = 'slow-heartbeat'), (select id from red_flags where slug = 'shortness-of-breath')) on conflict (symptom_id, red_flag_id) do nothing;
insert into symptom_red_flags (symptom_id, red_flag_id) values ((select id from symptoms where slug = 'slow-heartbeat'), (select id from red_flags where slug = 'severe-chest-pain')) on conflict (symptom_id, red_flag_id) do nothing;
insert into symptom_red_flags (symptom_id, red_flag_id) values ((select id from symptoms where slug = 'fast-heartbeat'), (select id from red_flags where slug = 'shortness-of-breath')) on conflict (symptom_id, red_flag_id) do nothing;
insert into symptom_red_flags (symptom_id, red_flag_id) values ((select id from symptoms where slug = 'fast-heartbeat'), (select id from red_flags where slug = 'severe-chest-pain')) on conflict (symptom_id, red_flag_id) do nothing;
insert into symptom_red_flags (symptom_id, red_flag_id) values ((select id from symptoms where slug = 'blue-lips'), (select id from red_flags where slug = 'altered-consciousness')) on conflict (symptom_id, red_flag_id) do nothing;
insert into symptom_red_flags (symptom_id, red_flag_id) values ((select id from symptoms where slug = 'blue-lips'), (select id from red_flags where slug = 'shortness-of-breath')) on conflict (symptom_id, red_flag_id) do nothing;
insert into symptom_red_flags (symptom_id, red_flag_id) values ((select id from symptoms where slug = 'blue-lips'), (select id from red_flags where slug = 'severe-chest-pain')) on conflict (symptom_id, red_flag_id) do nothing;
insert into symptom_red_flags (symptom_id, red_flag_id) values ((select id from symptoms where slug = 'numbness'), (select id from red_flags where slug = 'altered-consciousness')) on conflict (symptom_id, red_flag_id) do nothing;
insert into symptom_red_flags (symptom_id, red_flag_id) values ((select id from symptoms where slug = 'numbness'), (select id from red_flags where slug = 'one-sided-weakness')) on conflict (symptom_id, red_flag_id) do nothing;
insert into symptom_red_flags (symptom_id, red_flag_id) values ((select id from symptoms where slug = 'burning-nerve-pain'), (select id from red_flags where slug = 'one-sided-weakness')) on conflict (symptom_id, red_flag_id) do nothing;
insert into symptom_red_flags (symptom_id, red_flag_id) values ((select id from symptoms where slug = 'gait-instability'), (select id from red_flags where slug = 'altered-consciousness')) on conflict (symptom_id, red_flag_id) do nothing;
insert into symptom_red_flags (symptom_id, red_flag_id) values ((select id from symptoms where slug = 'gait-instability'), (select id from red_flags where slug = 'one-sided-weakness')) on conflict (symptom_id, red_flag_id) do nothing;
insert into symptom_red_flags (symptom_id, red_flag_id) values ((select id from symptoms where slug = 'confusion'), (select id from red_flags where slug = 'altered-consciousness')) on conflict (symptom_id, red_flag_id) do nothing;
insert into symptom_red_flags (symptom_id, red_flag_id) values ((select id from symptoms where slug = 'confusion'), (select id from red_flags where slug = 'one-sided-weakness')) on conflict (symptom_id, red_flag_id) do nothing;
insert into symptom_red_flags (symptom_id, red_flag_id) values ((select id from symptoms where slug = 'confusion'), (select id from red_flags where slug = 'high-fever')) on conflict (symptom_id, red_flag_id) do nothing;
insert into symptom_red_flags (symptom_id, red_flag_id) values ((select id from symptoms where slug = 'facial-droop'), (select id from red_flags where slug = 'altered-consciousness')) on conflict (symptom_id, red_flag_id) do nothing;
insert into symptom_red_flags (symptom_id, red_flag_id) values ((select id from symptoms where slug = 'facial-droop'), (select id from red_flags where slug = 'one-sided-weakness')) on conflict (symptom_id, red_flag_id) do nothing;
insert into symptom_red_flags (symptom_id, red_flag_id) values ((select id from symptoms where slug = 'sprain'), (select id from red_flags where slug = 'major-trauma')) on conflict (symptom_id, red_flag_id) do nothing;
insert into symptom_red_flags (symptom_id, red_flag_id) values ((select id from symptoms where slug = 'tendon-pain'), (select id from red_flags where slug = 'one-sided-weakness')) on conflict (symptom_id, red_flag_id) do nothing;
insert into symptom_red_flags (symptom_id, red_flag_id) values ((select id from symptoms where slug = 'tendon-pain'), (select id from red_flags where slug = 'major-trauma')) on conflict (symptom_id, red_flag_id) do nothing;
insert into symptom_red_flags (symptom_id, red_flag_id) values ((select id from symptoms where slug = 'heel-pain'), (select id from red_flags where slug = 'major-trauma')) on conflict (symptom_id, red_flag_id) do nothing;
insert into symptom_red_flags (symptom_id, red_flag_id) values ((select id from symptoms where slug = 'flatfoot-pain'), (select id from red_flags where slug = 'major-trauma')) on conflict (symptom_id, red_flag_id) do nothing;
insert into symptom_red_flags (symptom_id, red_flag_id) values ((select id from symptoms where slug = 'anxiety'), (select id from red_flags where slug = 'shortness-of-breath')) on conflict (symptom_id, red_flag_id) do nothing;
insert into symptom_red_flags (symptom_id, red_flag_id) values ((select id from symptoms where slug = 'anxiety'), (select id from red_flags where slug = 'severe-chest-pain')) on conflict (symptom_id, red_flag_id) do nothing;
insert into symptom_red_flags (symptom_id, red_flag_id) values ((select id from symptoms where slug = 'panic-attack'), (select id from red_flags where slug = 'shortness-of-breath')) on conflict (symptom_id, red_flag_id) do nothing;
insert into symptom_red_flags (symptom_id, red_flag_id) values ((select id from symptoms where slug = 'panic-attack'), (select id from red_flags where slug = 'severe-chest-pain')) on conflict (symptom_id, red_flag_id) do nothing;
insert into symptom_red_flags (symptom_id, red_flag_id) values ((select id from symptoms where slug = 'insomnia'), (select id from red_flags where slug = 'altered-consciousness')) on conflict (symptom_id, red_flag_id) do nothing;
insert into symptom_red_flags (symptom_id, red_flag_id) values ((select id from symptoms where slug = 'poor-concentration'), (select id from red_flags where slug = 'altered-consciousness')) on conflict (symptom_id, red_flag_id) do nothing;
insert into symptom_red_flags (symptom_id, red_flag_id) values ((select id from symptoms where slug = 'stress-symptoms'), (select id from red_flags where slug = 'shortness-of-breath')) on conflict (symptom_id, red_flag_id) do nothing;
insert into symptom_red_flags (symptom_id, red_flag_id) values ((select id from symptoms where slug = 'stress-symptoms'), (select id from red_flags where slug = 'severe-chest-pain')) on conflict (symptom_id, red_flag_id) do nothing;
insert into symptom_red_flags (symptom_id, red_flag_id) values ((select id from symptoms where slug = 'sleepiness-daytime'), (select id from red_flags where slug = 'altered-consciousness')) on conflict (symptom_id, red_flag_id) do nothing;
insert into symptom_red_flags (symptom_id, red_flag_id) values ((select id from symptoms where slug = 'sleepiness-daytime'), (select id from red_flags where slug = 'shortness-of-breath')) on conflict (symptom_id, red_flag_id) do nothing;
insert into symptom_red_flags (symptom_id, red_flag_id) values ((select id from symptoms where slug = 'excessive-thirst'), (select id from red_flags where slug = 'altered-consciousness')) on conflict (symptom_id, red_flag_id) do nothing;
insert into symptom_red_flags (symptom_id, red_flag_id) values ((select id from symptoms where slug = 'increased-appetite'), (select id from red_flags where slug = 'altered-consciousness')) on conflict (symptom_id, red_flag_id) do nothing;
insert into symptom_red_flags (symptom_id, red_flag_id) values ((select id from symptoms where slug = 'heat-intolerance'), (select id from red_flags where slug = 'altered-consciousness')) on conflict (symptom_id, red_flag_id) do nothing;
insert into symptom_red_flags (symptom_id, red_flag_id) values ((select id from symptoms where slug = 'heat-intolerance'), (select id from red_flags where slug = 'severe-chest-pain')) on conflict (symptom_id, red_flag_id) do nothing;
insert into symptom_red_flags (symptom_id, red_flag_id) values ((select id from symptoms where slug = 'heat-intolerance'), (select id from red_flags where slug = 'high-fever')) on conflict (symptom_id, red_flag_id) do nothing;
insert into symptom_red_flags (symptom_id, red_flag_id) values ((select id from symptoms where slug = 'cold-intolerance'), (select id from red_flags where slug = 'altered-consciousness')) on conflict (symptom_id, red_flag_id) do nothing;
insert into symptom_red_flags (symptom_id, red_flag_id) values ((select id from symptoms where slug = 'weight-gain'), (select id from red_flags where slug = 'shortness-of-breath')) on conflict (symptom_id, red_flag_id) do nothing;
insert into symptom_red_flags (symptom_id, red_flag_id) values ((select id from symptoms where slug = 'weight-gain'), (select id from red_flags where slug = 'severe-chest-pain')) on conflict (symptom_id, red_flag_id) do nothing;
insert into symptom_red_flags (symptom_id, red_flag_id) values ((select id from symptoms where slug = 'neck-thyroid-lump'), (select id from red_flags where slug = 'rapid-swelling')) on conflict (symptom_id, red_flag_id) do nothing;
insert into symptom_red_flags (symptom_id, red_flag_id) values ((select id from symptoms where slug = 'hand-tremor-thyroid'), (select id from red_flags where slug = 'altered-consciousness')) on conflict (symptom_id, red_flag_id) do nothing;
insert into symptom_red_flags (symptom_id, red_flag_id) values ((select id from symptoms where slug = 'hand-tremor-thyroid'), (select id from red_flags where slug = 'severe-chest-pain')) on conflict (symptom_id, red_flag_id) do nothing;
insert into symptom_red_flags (symptom_id, red_flag_id) values ((select id from symptoms where slug = 'low-blood-sugar-symptoms'), (select id from red_flags where slug = 'altered-consciousness')) on conflict (symptom_id, red_flag_id) do nothing;
insert into symptom_red_flags (symptom_id, red_flag_id) values ((select id from symptoms where slug = 'low-blood-sugar-symptoms'), (select id from red_flags where slug = 'seizure')) on conflict (symptom_id, red_flag_id) do nothing;
insert into symptom_red_flags (symptom_id, red_flag_id) values ((select id from symptoms where slug = 'menstrual-irregular-endocrine'), (select id from red_flags where slug = 'major-bleeding')) on conflict (symptom_id, red_flag_id) do nothing;
insert into symptom_red_flags (symptom_id, red_flag_id) values ((select id from symptoms where slug = 'menstrual-irregular-endocrine'), (select id from red_flags where slug = 'severe-abdominal-pain')) on conflict (symptom_id, red_flag_id) do nothing;
insert into symptom_red_flags (symptom_id, red_flag_id) values ((select id from symptoms where slug = 'menstrual-pain'), (select id from red_flags where slug = 'major-bleeding')) on conflict (symptom_id, red_flag_id) do nothing;
insert into symptom_red_flags (symptom_id, red_flag_id) values ((select id from symptoms where slug = 'heavy-menstrual-bleeding'), (select id from red_flags where slug = 'major-bleeding')) on conflict (symptom_id, red_flag_id) do nothing;
insert into symptom_red_flags (symptom_id, red_flag_id) values ((select id from symptoms where slug = 'irregular-period'), (select id from red_flags where slug = 'major-bleeding')) on conflict (symptom_id, red_flag_id) do nothing;
insert into symptom_red_flags (symptom_id, red_flag_id) values ((select id from symptoms where slug = 'irregular-period'), (select id from red_flags where slug = 'severe-abdominal-pain')) on conflict (symptom_id, red_flag_id) do nothing;
insert into symptom_red_flags (symptom_id, red_flag_id) values ((select id from symptoms where slug = 'vaginal-discharge'), (select id from red_flags where slug = 'high-fever')) on conflict (symptom_id, red_flag_id) do nothing;
insert into symptom_red_flags (symptom_id, red_flag_id) values ((select id from symptoms where slug = 'pelvic-pain'), (select id from red_flags where slug = 'high-fever')) on conflict (symptom_id, red_flag_id) do nothing;
insert into symptom_red_flags (symptom_id, red_flag_id) values ((select id from symptoms where slug = 'breast-lump'), (select id from red_flags where slug = 'high-fever')) on conflict (symptom_id, red_flag_id) do nothing;
insert into symptom_red_flags (symptom_id, red_flag_id) values ((select id from symptoms where slug = 'breast-lump'), (select id from red_flags where slug = 'rapid-swelling')) on conflict (symptom_id, red_flag_id) do nothing;
insert into symptom_red_flags (symptom_id, red_flag_id) values ((select id from symptoms where slug = 'breast-pain'), (select id from red_flags where slug = 'high-fever')) on conflict (symptom_id, red_flag_id) do nothing;
insert into symptom_red_flags (symptom_id, red_flag_id) values ((select id from symptoms where slug = 'pregnancy-nausea'), (select id from red_flags where slug = 'major-bleeding')) on conflict (symptom_id, red_flag_id) do nothing;
insert into symptom_red_flags (symptom_id, red_flag_id) values ((select id from symptoms where slug = 'menopause-hot-flashes'), (select id from red_flags where slug = 'shortness-of-breath')) on conflict (symptom_id, red_flag_id) do nothing;
insert into symptom_red_flags (symptom_id, red_flag_id) values ((select id from symptoms where slug = 'menopause-hot-flashes'), (select id from red_flags where slug = 'severe-chest-pain')) on conflict (symptom_id, red_flag_id) do nothing;
insert into symptom_red_flags (symptom_id, red_flag_id) values ((select id from symptoms where slug = 'painful-intercourse'), (select id from red_flags where slug = 'high-fever')) on conflict (symptom_id, red_flag_id) do nothing;
insert into symptom_red_flags (symptom_id, red_flag_id) values ((select id from symptoms where slug = 'painful-intercourse'), (select id from red_flags where slug = 'major-bleeding')) on conflict (symptom_id, red_flag_id) do nothing;
insert into symptom_red_flags (symptom_id, red_flag_id) values ((select id from symptoms where slug = 'child-fever'), (select id from red_flags where slug = 'altered-consciousness')) on conflict (symptom_id, red_flag_id) do nothing;
insert into symptom_red_flags (symptom_id, red_flag_id) values ((select id from symptoms where slug = 'child-fever'), (select id from red_flags where slug = 'shortness-of-breath')) on conflict (symptom_id, red_flag_id) do nothing;
insert into symptom_red_flags (symptom_id, red_flag_id) values ((select id from symptoms where slug = 'child-fever'), (select id from red_flags where slug = 'high-fever')) on conflict (symptom_id, red_flag_id) do nothing;
insert into symptom_red_flags (symptom_id, red_flag_id) values ((select id from symptoms where slug = 'child-fever'), (select id from red_flags where slug = 'seizure')) on conflict (symptom_id, red_flag_id) do nothing;
insert into symptom_red_flags (symptom_id, red_flag_id) values ((select id from symptoms where slug = 'child-cough'), (select id from red_flags where slug = 'shortness-of-breath')) on conflict (symptom_id, red_flag_id) do nothing;
insert into symptom_red_flags (symptom_id, red_flag_id) values ((select id from symptoms where slug = 'child-cough'), (select id from red_flags where slug = 'severe-allergy')) on conflict (symptom_id, red_flag_id) do nothing;
insert into symptom_red_flags (symptom_id, red_flag_id) values ((select id from symptoms where slug = 'child-rash'), (select id from red_flags where slug = 'shortness-of-breath')) on conflict (symptom_id, red_flag_id) do nothing;
insert into symptom_red_flags (symptom_id, red_flag_id) values ((select id from symptoms where slug = 'child-rash'), (select id from red_flags where slug = 'severe-allergy')) on conflict (symptom_id, red_flag_id) do nothing;
insert into symptom_red_flags (symptom_id, red_flag_id) values ((select id from symptoms where slug = 'child-vomiting'), (select id from red_flags where slug = 'severe-abdominal-pain')) on conflict (symptom_id, red_flag_id) do nothing;
insert into symptom_red_flags (symptom_id, red_flag_id) values ((select id from symptoms where slug = 'child-vomiting'), (select id from red_flags where slug = 'major-trauma')) on conflict (symptom_id, red_flag_id) do nothing;
insert into symptom_red_flags (symptom_id, red_flag_id) values ((select id from symptoms where slug = 'child-diarrhea'), (select id from red_flags where slug = 'high-fever')) on conflict (symptom_id, red_flag_id) do nothing;
insert into symptom_red_flags (symptom_id, red_flag_id) values ((select id from symptoms where slug = 'child-diarrhea'), (select id from red_flags where slug = 'major-bleeding')) on conflict (symptom_id, red_flag_id) do nothing;
insert into symptom_red_flags (symptom_id, red_flag_id) values ((select id from symptoms where slug = 'child-ear-pain'), (select id from red_flags where slug = 'high-fever')) on conflict (symptom_id, red_flag_id) do nothing;
insert into symptom_red_flags (symptom_id, red_flag_id) values ((select id from symptoms where slug = 'child-wheezing'), (select id from red_flags where slug = 'shortness-of-breath')) on conflict (symptom_id, red_flag_id) do nothing;
insert into symptom_red_flags (symptom_id, red_flag_id) values ((select id from symptoms where slug = 'child-wheezing'), (select id from red_flags where slug = 'severe-allergy')) on conflict (symptom_id, red_flag_id) do nothing;
insert into symptom_red_flags (symptom_id, red_flag_id) values ((select id from symptoms where slug = 'child-poor-appetite'), (select id from red_flags where slug = 'shortness-of-breath')) on conflict (symptom_id, red_flag_id) do nothing;
insert into symptom_red_flags (symptom_id, red_flag_id) values ((select id from symptoms where slug = 'child-poor-appetite'), (select id from red_flags where slug = 'severe-abdominal-pain')) on conflict (symptom_id, red_flag_id) do nothing;
insert into symptom_red_flags (symptom_id, red_flag_id) values ((select id from symptoms where slug = 'child-development-delay'), (select id from red_flags where slug = 'altered-consciousness')) on conflict (symptom_id, red_flag_id) do nothing;
insert into symptom_red_flags (symptom_id, red_flag_id) values ((select id from symptoms where slug = 'child-development-delay'), (select id from red_flags where slug = 'seizure')) on conflict (symptom_id, red_flag_id) do nothing;
insert into symptom_red_flags (symptom_id, red_flag_id) values ((select id from symptoms where slug = 'toothache'), (select id from red_flags where slug = 'shortness-of-breath')) on conflict (symptom_id, red_flag_id) do nothing;
insert into symptom_red_flags (symptom_id, red_flag_id) values ((select id from symptoms where slug = 'toothache'), (select id from red_flags where slug = 'high-fever')) on conflict (symptom_id, red_flag_id) do nothing;
insert into symptom_red_flags (symptom_id, red_flag_id) values ((select id from symptoms where slug = 'gum-swelling'), (select id from red_flags where slug = 'shortness-of-breath')) on conflict (symptom_id, red_flag_id) do nothing;
insert into symptom_red_flags (symptom_id, red_flag_id) values ((select id from symptoms where slug = 'gum-swelling'), (select id from red_flags where slug = 'high-fever')) on conflict (symptom_id, red_flag_id) do nothing;
insert into symptom_red_flags (symptom_id, red_flag_id) values ((select id from symptoms where slug = 'gum-swelling'), (select id from red_flags where slug = 'rapid-swelling')) on conflict (symptom_id, red_flag_id) do nothing;
insert into symptom_red_flags (symptom_id, red_flag_id) values ((select id from symptoms where slug = 'mouth-ulcer'), (select id from red_flags where slug = 'high-fever')) on conflict (symptom_id, red_flag_id) do nothing;
insert into symptom_red_flags (symptom_id, red_flag_id) values ((select id from symptoms where slug = 'jaw-clicking'), (select id from red_flags where slug = 'severe-chest-pain')) on conflict (symptom_id, red_flag_id) do nothing;
insert into symptom_red_flags (symptom_id, red_flag_id) values ((select id from symptoms where slug = 'jaw-clicking'), (select id from red_flags where slug = 'major-trauma')) on conflict (symptom_id, red_flag_id) do nothing;
insert into symptom_red_flags (symptom_id, red_flag_id) values ((select id from symptoms where slug = 'sensitive-teeth'), (select id from red_flags where slug = 'high-fever')) on conflict (symptom_id, red_flag_id) do nothing;
insert into symptom_red_flags (symptom_id, red_flag_id) values ((select id from symptoms where slug = 'loose-tooth'), (select id from red_flags where slug = 'major-bleeding')) on conflict (symptom_id, red_flag_id) do nothing;
insert into symptom_red_flags (symptom_id, red_flag_id) values ((select id from symptoms where slug = 'loose-tooth'), (select id from red_flags where slug = 'major-trauma')) on conflict (symptom_id, red_flag_id) do nothing;
insert into symptom_red_flags (symptom_id, red_flag_id) values ((select id from symptoms where slug = 'dry-mouth'), (select id from red_flags where slug = 'altered-consciousness')) on conflict (symptom_id, red_flag_id) do nothing;
insert into symptom_red_flags (symptom_id, red_flag_id) values ((select id from symptoms where slug = 'tongue-pain'), (select id from red_flags where slug = 'shortness-of-breath')) on conflict (symptom_id, red_flag_id) do nothing;
insert into symptom_red_flags (symptom_id, red_flag_id) values ((select id from symptoms where slug = 'tongue-pain'), (select id from red_flags where slug = 'severe-allergy')) on conflict (symptom_id, red_flag_id) do nothing;
insert into symptom_red_flags (symptom_id, red_flag_id) values ((select id from symptoms where slug = 'tongue-pain'), (select id from red_flags where slug = 'rapid-swelling')) on conflict (symptom_id, red_flag_id) do nothing;
insert into symptom_red_flags (symptom_id, red_flag_id) values ((select id from symptoms where slug = 'bleeding-after-dental'), (select id from red_flags where slug = 'major-bleeding')) on conflict (symptom_id, red_flag_id) do nothing;
insert into symptom_red_flags (symptom_id, red_flag_id) values ((select id from symptoms where slug = 'bad-taste-mouth'), (select id from red_flags where slug = 'high-fever')) on conflict (symptom_id, red_flag_id) do nothing;
insert into symptom_red_flags (symptom_id, red_flag_id) values ((select id from symptoms where slug = 'fever'), (select id from red_flags where slug = 'altered-consciousness')) on conflict (symptom_id, red_flag_id) do nothing;
insert into symptom_red_flags (symptom_id, red_flag_id) values ((select id from symptoms where slug = 'fever'), (select id from red_flags where slug = 'shortness-of-breath')) on conflict (symptom_id, red_flag_id) do nothing;
insert into symptom_red_flags (symptom_id, red_flag_id) values ((select id from symptoms where slug = 'fever'), (select id from red_flags where slug = 'high-fever')) on conflict (symptom_id, red_flag_id) do nothing;
insert into symptom_red_flags (symptom_id, red_flag_id) values ((select id from symptoms where slug = 'chills'), (select id from red_flags where slug = 'altered-consciousness')) on conflict (symptom_id, red_flag_id) do nothing;
insert into symptom_red_flags (symptom_id, red_flag_id) values ((select id from symptoms where slug = 'chills'), (select id from red_flags where slug = 'shortness-of-breath')) on conflict (symptom_id, red_flag_id) do nothing;
insert into symptom_red_flags (symptom_id, red_flag_id) values ((select id from symptoms where slug = 'chills'), (select id from red_flags where slug = 'high-fever')) on conflict (symptom_id, red_flag_id) do nothing;
insert into symptom_red_flags (symptom_id, red_flag_id) values ((select id from symptoms where slug = 'body-aches'), (select id from red_flags where slug = 'altered-consciousness')) on conflict (symptom_id, red_flag_id) do nothing;
insert into symptom_red_flags (symptom_id, red_flag_id) values ((select id from symptoms where slug = 'body-aches'), (select id from red_flags where slug = 'shortness-of-breath')) on conflict (symptom_id, red_flag_id) do nothing;
insert into symptom_red_flags (symptom_id, red_flag_id) values ((select id from symptoms where slug = 'body-aches'), (select id from red_flags where slug = 'high-fever')) on conflict (symptom_id, red_flag_id) do nothing;
insert into symptom_red_flags (symptom_id, red_flag_id) values ((select id from symptoms where slug = 'swollen-tonsils-fever'), (select id from red_flags where slug = 'shortness-of-breath')) on conflict (symptom_id, red_flag_id) do nothing;
insert into symptom_red_flags (symptom_id, red_flag_id) values ((select id from symptoms where slug = 'persistent-fever'), (select id from red_flags where slug = 'altered-consciousness')) on conflict (symptom_id, red_flag_id) do nothing;
insert into symptom_red_flags (symptom_id, red_flag_id) values ((select id from symptoms where slug = 'persistent-fever'), (select id from red_flags where slug = 'shortness-of-breath')) on conflict (symptom_id, red_flag_id) do nothing;
insert into symptom_red_flags (symptom_id, red_flag_id) values ((select id from symptoms where slug = 'persistent-fever'), (select id from red_flags where slug = 'high-fever')) on conflict (symptom_id, red_flag_id) do nothing;
insert into symptom_red_flags (symptom_id, red_flag_id) values ((select id from symptoms where slug = 'recurrent-infection'), (select id from red_flags where slug = 'altered-consciousness')) on conflict (symptom_id, red_flag_id) do nothing;
insert into symptom_red_flags (symptom_id, red_flag_id) values ((select id from symptoms where slug = 'recurrent-infection'), (select id from red_flags where slug = 'shortness-of-breath')) on conflict (symptom_id, red_flag_id) do nothing;
insert into symptom_red_flags (symptom_id, red_flag_id) values ((select id from symptoms where slug = 'recurrent-infection'), (select id from red_flags where slug = 'high-fever')) on conflict (symptom_id, red_flag_id) do nothing;
insert into symptom_red_flags (symptom_id, red_flag_id) values ((select id from symptoms where slug = 'recurrent-infection'), (select id from red_flags where slug = 'rapid-swelling')) on conflict (symptom_id, red_flag_id) do nothing;
insert into symptom_red_flags (symptom_id, red_flag_id) values ((select id from symptoms where slug = 'travel-fever'), (select id from red_flags where slug = 'altered-consciousness')) on conflict (symptom_id, red_flag_id) do nothing;
insert into symptom_red_flags (symptom_id, red_flag_id) values ((select id from symptoms where slug = 'travel-fever'), (select id from red_flags where slug = 'shortness-of-breath')) on conflict (symptom_id, red_flag_id) do nothing;
insert into symptom_red_flags (symptom_id, red_flag_id) values ((select id from symptoms where slug = 'travel-fever'), (select id from red_flags where slug = 'high-fever')) on conflict (symptom_id, red_flag_id) do nothing;
insert into symptom_red_flags (symptom_id, red_flag_id) values ((select id from symptoms where slug = 'travel-fever'), (select id from red_flags where slug = 'major-bleeding')) on conflict (symptom_id, red_flag_id) do nothing;
insert into symptom_red_flags (symptom_id, red_flag_id) values ((select id from symptoms where slug = 'insect-bite-fever'), (select id from red_flags where slug = 'altered-consciousness')) on conflict (symptom_id, red_flag_id) do nothing;
insert into symptom_red_flags (symptom_id, red_flag_id) values ((select id from symptoms where slug = 'insect-bite-fever'), (select id from red_flags where slug = 'shortness-of-breath')) on conflict (symptom_id, red_flag_id) do nothing;
insert into symptom_red_flags (symptom_id, red_flag_id) values ((select id from symptoms where slug = 'insect-bite-fever'), (select id from red_flags where slug = 'high-fever')) on conflict (symptom_id, red_flag_id) do nothing;
insert into symptom_red_flags (symptom_id, red_flag_id) values ((select id from symptoms where slug = 'insect-bite-fever'), (select id from red_flags where slug = 'rapid-swelling')) on conflict (symptom_id, red_flag_id) do nothing;
insert into symptom_red_flags (symptom_id, red_flag_id) values ((select id from symptoms where slug = 'wound-fever'), (select id from red_flags where slug = 'altered-consciousness')) on conflict (symptom_id, red_flag_id) do nothing;
insert into symptom_red_flags (symptom_id, red_flag_id) values ((select id from symptoms where slug = 'wound-fever'), (select id from red_flags where slug = 'rapid-swelling')) on conflict (symptom_id, red_flag_id) do nothing;
insert into symptom_red_flags (symptom_id, red_flag_id) values ((select id from symptoms where slug = 'covid-like-symptoms'), (select id from red_flags where slug = 'altered-consciousness')) on conflict (symptom_id, red_flag_id) do nothing;
insert into symptom_red_flags (symptom_id, red_flag_id) values ((select id from symptoms where slug = 'covid-like-symptoms'), (select id from red_flags where slug = 'shortness-of-breath')) on conflict (symptom_id, red_flag_id) do nothing;
insert into symptom_red_flags (symptom_id, red_flag_id) values ((select id from symptoms where slug = 'covid-like-symptoms'), (select id from red_flags where slug = 'severe-chest-pain')) on conflict (symptom_id, red_flag_id) do nothing;
insert into symptom_red_flags (symptom_id, red_flag_id) values ((select id from symptoms where slug = 'wheezing-breath'), (select id from red_flags where slug = 'shortness-of-breath')) on conflict (symptom_id, red_flag_id) do nothing;
insert into symptom_red_flags (symptom_id, red_flag_id) values ((select id from symptoms where slug = 'wheezing-breath'), (select id from red_flags where slug = 'severe-allergy')) on conflict (symptom_id, red_flag_id) do nothing;
insert into symptom_red_flags (symptom_id, red_flag_id) values ((select id from symptoms where slug = 'rapid-breathing'), (select id from red_flags where slug = 'altered-consciousness')) on conflict (symptom_id, red_flag_id) do nothing;
insert into symptom_red_flags (symptom_id, red_flag_id) values ((select id from symptoms where slug = 'rapid-breathing'), (select id from red_flags where slug = 'shortness-of-breath')) on conflict (symptom_id, red_flag_id) do nothing;
insert into symptom_red_flags (symptom_id, red_flag_id) values ((select id from symptoms where slug = 'rapid-breathing'), (select id from red_flags where slug = 'severe-chest-pain')) on conflict (symptom_id, red_flag_id) do nothing;
insert into symptom_red_flags (symptom_id, red_flag_id) values ((select id from symptoms where slug = 'rapid-breathing'), (select id from red_flags where slug = 'severe-allergy')) on conflict (symptom_id, red_flag_id) do nothing;
insert into symptom_red_flags (symptom_id, red_flag_id) values ((select id from symptoms where slug = 'chest-congestion'), (select id from red_flags where slug = 'shortness-of-breath')) on conflict (symptom_id, red_flag_id) do nothing;
insert into symptom_red_flags (symptom_id, red_flag_id) values ((select id from symptoms where slug = 'chest-congestion'), (select id from red_flags where slug = 'severe-chest-pain')) on conflict (symptom_id, red_flag_id) do nothing;
insert into symptom_red_flags (symptom_id, red_flag_id) values ((select id from symptoms where slug = 'chest-congestion'), (select id from red_flags where slug = 'high-fever')) on conflict (symptom_id, red_flag_id) do nothing;
insert into symptom_red_flags (symptom_id, red_flag_id) values ((select id from symptoms where slug = 'chest-congestion'), (select id from red_flags where slug = 'major-bleeding')) on conflict (symptom_id, red_flag_id) do nothing;
insert into symptom_red_flags (symptom_id, red_flag_id) values ((select id from symptoms where slug = 'cannot-take-deep-breath'), (select id from red_flags where slug = 'shortness-of-breath')) on conflict (symptom_id, red_flag_id) do nothing;
insert into symptom_red_flags (symptom_id, red_flag_id) values ((select id from symptoms where slug = 'cannot-take-deep-breath'), (select id from red_flags where slug = 'severe-chest-pain')) on conflict (symptom_id, red_flag_id) do nothing;
insert into symptom_red_flags (symptom_id, red_flag_id) values ((select id from symptoms where slug = 'cannot-take-deep-breath'), (select id from red_flags where slug = 'severe-allergy')) on conflict (symptom_id, red_flag_id) do nothing;
insert into symptom_red_flags (symptom_id, red_flag_id) values ((select id from symptoms where slug = 'long-covid-breath'), (select id from red_flags where slug = 'shortness-of-breath')) on conflict (symptom_id, red_flag_id) do nothing;
insert into symptom_red_flags (symptom_id, red_flag_id) values ((select id from symptoms where slug = 'long-covid-breath'), (select id from red_flags where slug = 'severe-chest-pain')) on conflict (symptom_id, red_flag_id) do nothing;
insert into symptom_red_flags (symptom_id, red_flag_id) values ((select id from symptoms where slug = 'pleuritic-pain'), (select id from red_flags where slug = 'shortness-of-breath')) on conflict (symptom_id, red_flag_id) do nothing;
insert into symptom_red_flags (symptom_id, red_flag_id) values ((select id from symptoms where slug = 'pleuritic-pain'), (select id from red_flags where slug = 'one-sided-weakness')) on conflict (symptom_id, red_flag_id) do nothing;
insert into symptom_red_flags (symptom_id, red_flag_id) values ((select id from symptoms where slug = 'pleuritic-pain'), (select id from red_flags where slug = 'severe-chest-pain')) on conflict (symptom_id, red_flag_id) do nothing;
insert into symptom_red_flags (symptom_id, red_flag_id) values ((select id from symptoms where slug = 'pleuritic-pain'), (select id from red_flags where slug = 'major-bleeding')) on conflict (symptom_id, red_flag_id) do nothing;
insert into symptom_red_flags (symptom_id, red_flag_id) values ((select id from symptoms where slug = 'low-oxygen-suspected'), (select id from red_flags where slug = 'altered-consciousness')) on conflict (symptom_id, red_flag_id) do nothing;
insert into symptom_red_flags (symptom_id, red_flag_id) values ((select id from symptoms where slug = 'low-oxygen-suspected'), (select id from red_flags where slug = 'shortness-of-breath')) on conflict (symptom_id, red_flag_id) do nothing;
insert into symptom_red_flags (symptom_id, red_flag_id) values ((select id from symptoms where slug = 'shortness-lying'), (select id from red_flags where slug = 'shortness-of-breath')) on conflict (symptom_id, red_flag_id) do nothing;
insert into symptom_red_flags (symptom_id, red_flag_id) values ((select id from symptoms where slug = 'shortness-lying'), (select id from red_flags where slug = 'severe-chest-pain')) on conflict (symptom_id, red_flag_id) do nothing;
insert into symptom_red_flags (symptom_id, red_flag_id) values ((select id from symptoms where slug = 'shortness-lying'), (select id from red_flags where slug = 'severe-allergy')) on conflict (symptom_id, red_flag_id) do nothing;
insert into symptom_red_flags (symptom_id, red_flag_id) values ((select id from symptoms where slug = 'proteinuria'), (select id from red_flags where slug = 'shortness-of-breath')) on conflict (symptom_id, red_flag_id) do nothing;
insert into symptom_red_flags (symptom_id, red_flag_id) values ((select id from symptoms where slug = 'proteinuria'), (select id from red_flags where slug = 'major-bleeding')) on conflict (symptom_id, red_flag_id) do nothing;
insert into symptom_red_flags (symptom_id, red_flag_id) values ((select id from symptoms where slug = 'reduced-urine'), (select id from red_flags where slug = 'altered-consciousness')) on conflict (symptom_id, red_flag_id) do nothing;
insert into symptom_red_flags (symptom_id, red_flag_id) values ((select id from symptoms where slug = 'reduced-urine'), (select id from red_flags where slug = 'shortness-of-breath')) on conflict (symptom_id, red_flag_id) do nothing;
insert into symptom_red_flags (symptom_id, red_flag_id) values ((select id from symptoms where slug = 'swollen-face-morning'), (select id from red_flags where slug = 'shortness-of-breath')) on conflict (symptom_id, red_flag_id) do nothing;
insert into symptom_red_flags (symptom_id, red_flag_id) values ((select id from symptoms where slug = 'high-blood-pressure'), (select id from red_flags where slug = 'severe-chest-pain')) on conflict (symptom_id, red_flag_id) do nothing;
insert into symptom_red_flags (symptom_id, red_flag_id) values ((select id from symptoms where slug = 'high-blood-pressure'), (select id from red_flags where slug = 'vision-loss')) on conflict (symptom_id, red_flag_id) do nothing;
insert into symptom_red_flags (symptom_id, red_flag_id) values ((select id from symptoms where slug = 'kidney-stone-suspected'), (select id from red_flags where slug = 'high-fever')) on conflict (symptom_id, red_flag_id) do nothing;
insert into symptom_red_flags (symptom_id, red_flag_id) values ((select id from symptoms where slug = 'kidney-stone-suspected'), (select id from red_flags where slug = 'severe-abdominal-pain')) on conflict (symptom_id, red_flag_id) do nothing;
insert into symptom_red_flags (symptom_id, red_flag_id) values ((select id from symptoms where slug = 'uremia-symptoms'), (select id from red_flags where slug = 'altered-consciousness')) on conflict (symptom_id, red_flag_id) do nothing;
insert into symptom_red_flags (symptom_id, red_flag_id) values ((select id from symptoms where slug = 'uremia-symptoms'), (select id from red_flags where slug = 'shortness-of-breath')) on conflict (symptom_id, red_flag_id) do nothing;
insert into symptom_red_flags (symptom_id, red_flag_id) values ((select id from symptoms where slug = 'uremia-symptoms'), (select id from red_flags where slug = 'severe-chest-pain')) on conflict (symptom_id, red_flag_id) do nothing;
insert into symptom_red_flags (symptom_id, red_flag_id) values ((select id from symptoms where slug = 'leg-cramps-kidney'), (select id from red_flags where slug = 'shortness-of-breath')) on conflict (symptom_id, red_flag_id) do nothing;
insert into symptom_red_flags (symptom_id, red_flag_id) values ((select id from symptoms where slug = 'leg-cramps-kidney'), (select id from red_flags where slug = 'one-sided-weakness')) on conflict (symptom_id, red_flag_id) do nothing;
insert into symptom_red_flags (symptom_id, red_flag_id) values ((select id from symptoms where slug = 'leg-cramps-kidney'), (select id from red_flags where slug = 'severe-chest-pain')) on conflict (symptom_id, red_flag_id) do nothing;
insert into symptom_red_flags (symptom_id, red_flag_id) values ((select id from symptoms where slug = 'electrolyte-symptoms'), (select id from red_flags where slug = 'altered-consciousness')) on conflict (symptom_id, red_flag_id) do nothing;
insert into symptom_red_flags (symptom_id, red_flag_id) values ((select id from symptoms where slug = 'electrolyte-symptoms'), (select id from red_flags where slug = 'seizure')) on conflict (symptom_id, red_flag_id) do nothing;
insert into symptom_red_flags (symptom_id, red_flag_id) values ((select id from symptoms where slug = 'hemorrhoids'), (select id from red_flags where slug = 'major-bleeding')) on conflict (symptom_id, red_flag_id) do nothing;
insert into symptom_red_flags (symptom_id, red_flag_id) values ((select id from symptoms where slug = 'anal-pain'), (select id from red_flags where slug = 'high-fever')) on conflict (symptom_id, red_flag_id) do nothing;
insert into symptom_red_flags (symptom_id, red_flag_id) values ((select id from symptoms where slug = 'anal-pain'), (select id from red_flags where slug = 'major-bleeding')) on conflict (symptom_id, red_flag_id) do nothing;
insert into symptom_red_flags (symptom_id, red_flag_id) values ((select id from symptoms where slug = 'anal-itching'), (select id from red_flags where slug = 'high-fever')) on conflict (symptom_id, red_flag_id) do nothing;
insert into symptom_red_flags (symptom_id, red_flag_id) values ((select id from symptoms where slug = 'anal-itching'), (select id from red_flags where slug = 'rapid-swelling')) on conflict (symptom_id, red_flag_id) do nothing;
insert into symptom_red_flags (symptom_id, red_flag_id) values ((select id from symptoms where slug = 'rectal-bleeding'), (select id from red_flags where slug = 'major-bleeding')) on conflict (symptom_id, red_flag_id) do nothing;
insert into symptom_red_flags (symptom_id, red_flag_id) values ((select id from symptoms where slug = 'painful-defecation'), (select id from red_flags where slug = 'high-fever')) on conflict (symptom_id, red_flag_id) do nothing;
insert into symptom_red_flags (symptom_id, red_flag_id) values ((select id from symptoms where slug = 'painful-defecation'), (select id from red_flags where slug = 'major-bleeding')) on conflict (symptom_id, red_flag_id) do nothing;
insert into symptom_red_flags (symptom_id, red_flag_id) values ((select id from symptoms where slug = 'anal-lump'), (select id from red_flags where slug = 'high-fever')) on conflict (symptom_id, red_flag_id) do nothing;
insert into symptom_red_flags (symptom_id, red_flag_id) values ((select id from symptoms where slug = 'anal-lump'), (select id from red_flags where slug = 'rapid-swelling')) on conflict (symptom_id, red_flag_id) do nothing;
insert into symptom_red_flags (symptom_id, red_flag_id) values ((select id from symptoms where slug = 'fecal-incontinence'), (select id from red_flags where slug = 'one-sided-weakness')) on conflict (symptom_id, red_flag_id) do nothing;
insert into symptom_red_flags (symptom_id, red_flag_id) values ((select id from symptoms where slug = 'narrow-stool'), (select id from red_flags where slug = 'major-bleeding')) on conflict (symptom_id, red_flag_id) do nothing;
insert into symptom_red_flags (symptom_id, red_flag_id) values ((select id from symptoms where slug = 'narrow-stool'), (select id from red_flags where slug = 'severe-abdominal-pain')) on conflict (symptom_id, red_flag_id) do nothing;
insert into symptom_red_flags (symptom_id, red_flag_id) values ((select id from symptoms where slug = 'allergic-rhinitis'), (select id from red_flags where slug = 'altered-consciousness')) on conflict (symptom_id, red_flag_id) do nothing;
insert into symptom_red_flags (symptom_id, red_flag_id) values ((select id from symptoms where slug = 'allergic-rhinitis'), (select id from red_flags where slug = 'shortness-of-breath')) on conflict (symptom_id, red_flag_id) do nothing;
insert into symptom_red_flags (symptom_id, red_flag_id) values ((select id from symptoms where slug = 'allergic-rhinitis'), (select id from red_flags where slug = 'severe-allergy')) on conflict (symptom_id, red_flag_id) do nothing;
insert into symptom_red_flags (symptom_id, red_flag_id) values ((select id from symptoms where slug = 'food-allergy'), (select id from red_flags where slug = 'shortness-of-breath')) on conflict (symptom_id, red_flag_id) do nothing;
insert into symptom_red_flags (symptom_id, red_flag_id) values ((select id from symptoms where slug = 'food-allergy'), (select id from red_flags where slug = 'severe-allergy')) on conflict (symptom_id, red_flag_id) do nothing;
insert into symptom_red_flags (symptom_id, red_flag_id) values ((select id from symptoms where slug = 'drug-allergy'), (select id from red_flags where slug = 'shortness-of-breath')) on conflict (symptom_id, red_flag_id) do nothing;
insert into symptom_red_flags (symptom_id, red_flag_id) values ((select id from symptoms where slug = 'drug-allergy'), (select id from red_flags where slug = 'high-fever')) on conflict (symptom_id, red_flag_id) do nothing;
insert into symptom_red_flags (symptom_id, red_flag_id) values ((select id from symptoms where slug = 'drug-allergy'), (select id from red_flags where slug = 'severe-allergy')) on conflict (symptom_id, red_flag_id) do nothing;
insert into symptom_red_flags (symptom_id, red_flag_id) values ((select id from symptoms where slug = 'angioedema'), (select id from red_flags where slug = 'shortness-of-breath')) on conflict (symptom_id, red_flag_id) do nothing;
insert into symptom_red_flags (symptom_id, red_flag_id) values ((select id from symptoms where slug = 'chronic-hives'), (select id from red_flags where slug = 'shortness-of-breath')) on conflict (symptom_id, red_flag_id) do nothing;
insert into symptom_red_flags (symptom_id, red_flag_id) values ((select id from symptoms where slug = 'chronic-hives'), (select id from red_flags where slug = 'severe-allergy')) on conflict (symptom_id, red_flag_id) do nothing;
insert into symptom_red_flags (symptom_id, red_flag_id) values ((select id from symptoms where slug = 'asthma-attack'), (select id from red_flags where slug = 'shortness-of-breath')) on conflict (symptom_id, red_flag_id) do nothing;
insert into symptom_red_flags (symptom_id, red_flag_id) values ((select id from symptoms where slug = 'asthma-attack'), (select id from red_flags where slug = 'severe-allergy')) on conflict (symptom_id, red_flag_id) do nothing;
insert into symptom_red_flags (symptom_id, red_flag_id) values ((select id from symptoms where slug = 'eye-allergy'), (select id from red_flags where slug = 'vision-loss')) on conflict (symptom_id, red_flag_id) do nothing;
insert into symptom_red_flags (symptom_id, red_flag_id) values ((select id from symptoms where slug = 'contact-dermatitis'), (select id from red_flags where slug = 'high-fever')) on conflict (symptom_id, red_flag_id) do nothing;
insert into symptom_red_flags (symptom_id, red_flag_id) values ((select id from symptoms where slug = 'contact-dermatitis'), (select id from red_flags where slug = 'rapid-swelling')) on conflict (symptom_id, red_flag_id) do nothing;
insert into symptom_red_flags (symptom_id, red_flag_id) values ((select id from symptoms where slug = 'difficulty-falling-asleep'), (select id from red_flags where slug = 'altered-consciousness')) on conflict (symptom_id, red_flag_id) do nothing;
insert into symptom_red_flags (symptom_id, red_flag_id) values ((select id from symptoms where slug = 'frequent-night-waking'), (select id from red_flags where slug = 'altered-consciousness')) on conflict (symptom_id, red_flag_id) do nothing;
insert into symptom_red_flags (symptom_id, red_flag_id) values ((select id from symptoms where slug = 'frequent-night-waking'), (select id from red_flags where slug = 'shortness-of-breath')) on conflict (symptom_id, red_flag_id) do nothing;
insert into symptom_red_flags (symptom_id, red_flag_id) values ((select id from symptoms where slug = 'frequent-night-waking'), (select id from red_flags where slug = 'severe-chest-pain')) on conflict (symptom_id, red_flag_id) do nothing;
insert into symptom_red_flags (symptom_id, red_flag_id) values ((select id from symptoms where slug = 'restless-legs'), (select id from red_flags where slug = 'shortness-of-breath')) on conflict (symptom_id, red_flag_id) do nothing;
insert into symptom_red_flags (symptom_id, red_flag_id) values ((select id from symptoms where slug = 'restless-legs'), (select id from red_flags where slug = 'one-sided-weakness')) on conflict (symptom_id, red_flag_id) do nothing;
insert into symptom_red_flags (symptom_id, red_flag_id) values ((select id from symptoms where slug = 'restless-legs'), (select id from red_flags where slug = 'severe-chest-pain')) on conflict (symptom_id, red_flag_id) do nothing;
insert into symptom_red_flags (symptom_id, red_flag_id) values ((select id from symptoms where slug = 'nightmares'), (select id from red_flags where slug = 'altered-consciousness')) on conflict (symptom_id, red_flag_id) do nothing;
insert into symptom_red_flags (symptom_id, red_flag_id) values ((select id from symptoms where slug = 'sleepwalking'), (select id from red_flags where slug = 'altered-consciousness')) on conflict (symptom_id, red_flag_id) do nothing;
insert into symptom_red_flags (symptom_id, red_flag_id) values ((select id from symptoms where slug = 'sleepwalking'), (select id from red_flags where slug = 'seizure')) on conflict (symptom_id, red_flag_id) do nothing;
insert into symptom_red_flags (symptom_id, red_flag_id) values ((select id from symptoms where slug = 'shift-work-sleep'), (select id from red_flags where slug = 'altered-consciousness')) on conflict (symptom_id, red_flag_id) do nothing;
insert into symptom_red_flags (symptom_id, red_flag_id) values ((select id from symptoms where slug = 'teeth-grinding-sleep'), (select id from red_flags where slug = 'severe-chest-pain')) on conflict (symptom_id, red_flag_id) do nothing;
insert into symptom_red_flags (symptom_id, red_flag_id) values ((select id from symptoms where slug = 'teeth-grinding-sleep'), (select id from red_flags where slug = 'major-trauma')) on conflict (symptom_id, red_flag_id) do nothing;
insert into symptom_red_flags (symptom_id, red_flag_id) values ((select id from symptoms where slug = 'erectile-dysfunction'), (select id from red_flags where slug = 'severe-chest-pain')) on conflict (symptom_id, red_flag_id) do nothing;
insert into symptom_red_flags (symptom_id, red_flag_id) values ((select id from symptoms where slug = 'penile-discharge'), (select id from red_flags where slug = 'high-fever')) on conflict (symptom_id, red_flag_id) do nothing;
insert into symptom_red_flags (symptom_id, red_flag_id) values ((select id from symptoms where slug = 'prostate-symptoms'), (select id from red_flags where slug = 'high-fever')) on conflict (symptom_id, red_flag_id) do nothing;
insert into symptom_red_flags (symptom_id, red_flag_id) values ((select id from symptoms where slug = 'prostate-symptoms'), (select id from red_flags where slug = 'urine-retention')) on conflict (symptom_id, red_flag_id) do nothing;
insert into symptom_red_flags (symptom_id, red_flag_id) values ((select id from symptoms where slug = 'scrotal-swelling'), (select id from red_flags where slug = 'high-fever')) on conflict (symptom_id, red_flag_id) do nothing;
insert into symptom_red_flags (symptom_id, red_flag_id) values ((select id from symptoms where slug = 'scrotal-swelling'), (select id from red_flags where slug = 'major-trauma')) on conflict (symptom_id, red_flag_id) do nothing;
insert into symptom_red_flags (symptom_id, red_flag_id) values ((select id from symptoms where slug = 'premature-ejaculation'), (select id from red_flags where slug = 'major-bleeding')) on conflict (symptom_id, red_flag_id) do nothing;
insert into symptom_red_flags (symptom_id, red_flag_id) values ((select id from symptoms where slug = 'blood-in-semen'), (select id from red_flags where slug = 'high-fever')) on conflict (symptom_id, red_flag_id) do nothing;
insert into symptom_red_flags (symptom_id, red_flag_id) values ((select id from symptoms where slug = 'blood-in-semen'), (select id from red_flags where slug = 'major-bleeding')) on conflict (symptom_id, red_flag_id) do nothing;
insert into symptom_red_flags (symptom_id, red_flag_id) values ((select id from symptoms where slug = 'loss-of-appetite-nutrition'), (select id from red_flags where slug = 'altered-consciousness')) on conflict (symptom_id, red_flag_id) do nothing;
insert into symptom_red_flags (symptom_id, red_flag_id) values ((select id from symptoms where slug = 'loss-of-appetite-nutrition'), (select id from red_flags where slug = 'major-bleeding')) on conflict (symptom_id, red_flag_id) do nothing;
insert into symptom_red_flags (symptom_id, red_flag_id) values ((select id from symptoms where slug = 'loss-of-appetite-nutrition'), (select id from red_flags where slug = 'severe-abdominal-pain')) on conflict (symptom_id, red_flag_id) do nothing;
insert into symptom_red_flags (symptom_id, red_flag_id) values ((select id from symptoms where slug = 'unintentional-weight-gain'), (select id from red_flags where slug = 'shortness-of-breath')) on conflict (symptom_id, red_flag_id) do nothing;
insert into symptom_red_flags (symptom_id, red_flag_id) values ((select id from symptoms where slug = 'unintentional-weight-gain'), (select id from red_flags where slug = 'severe-chest-pain')) on conflict (symptom_id, red_flag_id) do nothing;
insert into symptom_red_flags (symptom_id, red_flag_id) values ((select id from symptoms where slug = 'unintentional-weight-loss-nutrition'), (select id from red_flags where slug = 'shortness-of-breath')) on conflict (symptom_id, red_flag_id) do nothing;
insert into symptom_red_flags (symptom_id, red_flag_id) values ((select id from symptoms where slug = 'unintentional-weight-loss-nutrition'), (select id from red_flags where slug = 'major-bleeding')) on conflict (symptom_id, red_flag_id) do nothing;
insert into symptom_red_flags (symptom_id, red_flag_id) values ((select id from symptoms where slug = 'dehydration-suspected'), (select id from red_flags where slug = 'altered-consciousness')) on conflict (symptom_id, red_flag_id) do nothing;
insert into symptom_red_flags (symptom_id, red_flag_id) values ((select id from symptoms where slug = 'vitamin-deficiency-suspected'), (select id from red_flags where slug = 'altered-consciousness')) on conflict (symptom_id, red_flag_id) do nothing;
insert into symptom_red_flags (symptom_id, red_flag_id) values ((select id from symptoms where slug = 'eating-too-little'), (select id from red_flags where slug = 'altered-consciousness')) on conflict (symptom_id, red_flag_id) do nothing;
insert into symptom_red_flags (symptom_id, red_flag_id) values ((select id from symptoms where slug = 'salt-craving'), (select id from red_flags where slug = 'altered-consciousness')) on conflict (symptom_id, red_flag_id) do nothing;

insert into symptom_synonyms (symptom_id, synonym) values ((select id from symptoms where slug = 'frequent-urination'), '一直想尿') on conflict (symptom_id, synonym) do nothing;
insert into symptom_synonyms (symptom_id, synonym) values ((select id from symptoms where slug = 'frequent-urination'), '尿很多次') on conflict (symptom_id, synonym) do nothing;
insert into symptom_synonyms (symptom_id, synonym) values ((select id from symptoms where slug = 'painful-urination'), '尿尿痛') on conflict (symptom_id, synonym) do nothing;
insert into symptom_synonyms (symptom_id, synonym) values ((select id from symptoms where slug = 'painful-urination'), '小便疼痛') on conflict (symptom_id, synonym) do nothing;
insert into symptom_synonyms (symptom_id, synonym) values ((select id from symptoms where slug = 'blood-in-urine'), '尿裡有血') on conflict (symptom_id, synonym) do nothing;
insert into symptom_synonyms (symptom_id, synonym) values ((select id from symptoms where slug = 'blood-in-urine'), '紅色尿') on conflict (symptom_id, synonym) do nothing;
insert into symptom_synonyms (symptom_id, synonym) values ((select id from symptoms where slug = 'chest-tightness'), '胸口壓迫感') on conflict (symptom_id, synonym) do nothing;
insert into symptom_synonyms (symptom_id, synonym) values ((select id from symptoms where slug = 'chest-tightness'), '胸口悶') on conflict (symptom_id, synonym) do nothing;
insert into symptom_synonyms (symptom_id, synonym) values ((select id from symptoms where slug = 'chest-pain'), '胸口痛') on conflict (symptom_id, synonym) do nothing;
insert into symptom_synonyms (symptom_id, synonym) values ((select id from symptoms where slug = 'chest-pain'), '胸部疼痛') on conflict (symptom_id, synonym) do nothing;
insert into symptom_synonyms (symptom_id, synonym) values ((select id from symptoms where slug = 'dizziness'), '頭昏') on conflict (symptom_id, synonym) do nothing;
insert into symptom_synonyms (symptom_id, synonym) values ((select id from symptoms where slug = 'dizziness'), '頭暈暈') on conflict (symptom_id, synonym) do nothing;
insert into symptom_synonyms (symptom_id, synonym) values ((select id from symptoms where slug = 'vertigo'), '天旋地轉') on conflict (symptom_id, synonym) do nothing;
insert into symptom_synonyms (symptom_id, synonym) values ((select id from symptoms where slug = 'headache'), '頭很痛') on conflict (symptom_id, synonym) do nothing;
insert into symptom_synonyms (symptom_id, synonym) values ((select id from symptoms where slug = 'sore-throat'), '喉嚨不舒服') on conflict (symptom_id, synonym) do nothing;
insert into symptom_synonyms (symptom_id, synonym) values ((select id from symptoms where slug = 'nasal-congestion'), '鼻子不通') on conflict (symptom_id, synonym) do nothing;
insert into symptom_synonyms (symptom_id, synonym) values ((select id from symptoms where slug = 'stomach-pain'), '胃不舒服') on conflict (symptom_id, synonym) do nothing;
insert into symptom_synonyms (symptom_id, synonym) values ((select id from symptoms where slug = 'stomach-pain'), '上腹痛') on conflict (symptom_id, synonym) do nothing;
insert into symptom_synonyms (symptom_id, synonym) values ((select id from symptoms where slug = 'diarrhea'), '拉肚子') on conflict (symptom_id, synonym) do nothing;
insert into symptom_synonyms (symptom_id, synonym) values ((select id from symptoms where slug = 'constipation'), '大不出來') on conflict (symptom_id, synonym) do nothing;
insert into symptom_synonyms (symptom_id, synonym) values ((select id from symptoms where slug = 'rash'), '皮膚紅紅的') on conflict (symptom_id, synonym) do nothing;
insert into symptom_synonyms (symptom_id, synonym) values ((select id from symptoms where slug = 'itching'), '皮膚癢') on conflict (symptom_id, synonym) do nothing;
insert into symptom_synonyms (symptom_id, synonym) values ((select id from symptoms where slug = 'unknown-lump'), '摸到硬塊') on conflict (symptom_id, synonym) do nothing;
insert into symptom_synonyms (symptom_id, synonym) values ((select id from symptoms where slug = 'palpitations'), '心跳很快') on conflict (symptom_id, synonym) do nothing;
insert into symptom_synonyms (symptom_id, synonym) values ((select id from symptoms where slug = 'palpitations'), '心跳不規則') on conflict (symptom_id, synonym) do nothing;
insert into symptom_synonyms (symptom_id, synonym) values ((select id from symptoms where slug = 'irregular-heartbeat'), '心跳亂') on conflict (symptom_id, synonym) do nothing;
insert into symptom_synonyms (symptom_id, synonym) values ((select id from symptoms where slug = 'irregular-heartbeat'), '心跳忽快忽慢') on conflict (symptom_id, synonym) do nothing;
insert into symptom_synonyms (symptom_id, synonym) values ((select id from symptoms where slug = 'one-side-weakness'), '半邊無力') on conflict (symptom_id, synonym) do nothing;
insert into symptom_synonyms (symptom_id, synonym) values ((select id from symptoms where slug = 'speech-difficulty'), '講話不清楚') on conflict (symptom_id, synonym) do nothing;
insert into symptom_synonyms (symptom_id, synonym) values ((select id from symptoms where slug = 'morning-stiffness'), '早上關節僵硬') on conflict (symptom_id, synonym) do nothing;
insert into symptom_synonyms (symptom_id, synonym) values ((select id from symptoms where slug = 'fracture-suspected'), '可能骨折') on conflict (symptom_id, synonym) do nothing;

commit;
